spec,family,rp,out,preproc,extractor,params,spec_sim,codec,task,seed,dim,F,C,epochs,sim,weight,multi,proto_bits,quant_train,val_acc,id_acc,margin_id,geom_fid,fit_s,acc_noise_0.5,acc_drop_0.2,acc_flip_0.05,mem_kb,vec_bits,ops_per_query,ext_bits,ext_ops,rp_density,rp_rank,acc_shift_6,margin_ood,acc_shift_12,acc_shift_18,nmi,ari,auroc
gaussian,linear,gaussian,bipolar,none,raw,,,,linear,0,4096,64,30,30,cosine,uniform,1,32,0,0.996666669845581,0.9959999918937683,0.260096937417984,0.9832167550986861,0.362,0.9866666793823242,0.9833333492279053,0.9959999918937683,1504.0,1.0,389120,0,0,1.0,64.0,,,,,,,
rademacher,linear,rademacher,bipolar,none,raw,,,,linear,0,4096,64,30,30,cosine,uniform,1,32,0,0.9975000023841858,0.9959999918937683,0.26027554273605347,0.9829952981378282,0.016,0.9839999675750732,0.9826666712760925,0.9940000176429749,512.0,1.0,389120,0,0,1.0,64.0,,,,,,,
uniform,linear,uniform,bipolar,none,raw,,,,linear,0,4096,64,30,30,cosine,uniform,1,32,0,0.9975000023841858,0.9946666359901428,0.25939661264419556,0.9839792461477775,0.014,0.9833333492279053,0.981333315372467,0.9959999918937683,1504.0,1.0,389120,0,0,1.0,64.0,,,,,,,
laplace,linear,laplace,bipolar,none,raw,,,,linear,0,4096,64,30,30,cosine,uniform,1,32,0,0.9975000023841858,0.9953333139419556,0.2600916028022766,0.9827342396888888,0.016,0.9860000014305115,0.9833333492279053,0.9946666359901428,1504.0,1.0,389120,0,0,1.0,64.0,,,,,,,
student_t,linear,student_t,bipolar,none,raw,,,,linear,0,4096,64,30,30,cosine,uniform,1,32,0,0.996666669845581,0.9953333139419556,0.25920096039772034,0.9827091931356613,0.019,0.9860000014305115,0.9833333492279053,0.9946666359901428,1504.0,1.0,389120,0,0,1.0,64.0,,,,,,,
cauchy,linear,cauchy,bipolar,none,raw,,,,linear,0,4096,64,30,30,cosine,uniform,1,32,0,0.9925000071525574,0.9926666617393494,0.25247007608413696,0.9297032437431655,0.018,0.9806666374206543,0.9786666631698608,0.9933333396911621,1504.0,1.0,389120,0,0,1.0,64.0,,,,,,,
achlioptas,linear,achlioptas,bipolar,none,raw,,,,linear,0,4096,64,30,30,cosine,uniform,1,32,0,0.996666669845581,0.9953333139419556,0.2605080008506775,0.9832271230547499,0.015,0.9839999675750732,0.9833333492279053,0.9940000176429749,501.28,1.0,214139,0,0,0.3325,64.0,,,,,,,
ternary,linear,ternary,bipolar,none,raw,,,,linear,0,4096,64,30,30,cosine,uniform,1,32,0,0.9975000023841858,0.9959999918937683,0.2588481307029724,0.9832152947797891,0.015,0.9853333234786987,0.984666645526886,0.9953333139419556,522.73,1.0,301991,0,0,0.6676,64.0,,,,,,,
very_sparse,linear,very_sparse,bipolar,none,raw,,,,linear,0,4096,64,30,30,cosine,uniform,1,32,0,0.9958333373069763,0.9953333139419556,0.25843003392219543,0.981434583006688,0.014,0.9826666712760925,0.9853333234786987,0.9946666359901428,488.08,1.0,160077,0,0,0.1263,64.0,,,,,,,
count_sketch,linear,count_sketch,bipolar,none,raw,,,,linear,0,4096,64,30,30,cosine,uniform,1,32,0,0.95250004529953,0.9566666483879089,0.0014792003203183413,0.6644336060142477,0.015,0.9106666445732117,0.8113332986831665,0.09266666322946548,480.1,1.0,127040,0,0,0.0002,64.0,,,,,,,
srht,linear,srht,bipolar,none,raw,,,,linear,0,4096,64,30,30,cosine,uniform,1,32,0,0.9575000405311584,0.9440000057220459,0.19914083182811737,0.6603194492505442,0.017,0.9146666526794434,0.8846666812896729,0.9446666836738586,512.0,1.0,389120,0,0,1.0,64.0,,,,,,,
hadamard_det,linear,hadamard_det,bipolar,none,raw,,,,linear,0,4096,64,30,30,cosine,uniform,1,32,0,0.9516667127609253,0.9519999623298645,0.20138266682624817,0.6619977413121946,0.016,0.909333348274231,0.887333333492279,0.9526666402816772,512.0,1.0,389120,0,0,1.0,64.0,,,,,,,
orthogonal,linear,orthogonal,bipolar,none,raw,,,,linear,0,4096,64,30,30,cosine,uniform,1,32,0,0.9975000023841858,0.9959999918937683,0.26165539026260376,0.9900241104750576,0.042,0.9833333492279053,0.9826666712760925,0.9940000176429749,1504.0,1.0,389120,0,0,1.0,64.0,,,,,,,
orth_blend,linear,orth_blend,bipolar,none,raw,,,,linear,0,4096,64,30,30,cosine,uniform,1,32,0,0.9975000023841858,0.996666669845581,0.25995922088623047,0.9846581354834919,0.044,0.9873332977294922,0.984666645526886,0.9946666359901428,1504.0,1.0,389120,0,0,1.0,64.0,,,,,,,
sobol,linear,sobol,bipolar,none,raw,,,,linear,0,4096,64,30,30,cosine,uniform,1,32,0,0.9975000023841858,0.9959999918937683,0.2602688670158386,0.9893835741656136,0.028,0.9860000014305115,0.984666645526886,0.9953333139419556,1504.0,1.0,389120,0,0,1.0,64.0,,,,,,,
binary01,linear,binary01,bipolar,none,raw,,,,linear,0,4096,64,30,30,cosine,uniform,1,32,0,0.6858333349227905,0.684666633605957,0.05666351318359375,0.27181707068409355,0.021,0.6706666350364685,0.6393333077430725,0.6953333020210266,496.0,1.0,258015,0,0,0.4999,64.0,,,,,,,
rff_b0.25,rff,rff,bipolar,none,raw,"{""bw_scale"": 0.25}",,,linear,0,4096,64,30,30,cosine,uniform,1,32,0,0.9983333349227905,0.9946666359901428,0.1477498710155487,0.6231679497592589,0.038,0.984666645526886,0.9800000190734863,0.9953333139419556,1520.0,32.0,389120,0,0,,,,,,,,,
rff_b1.0,rff,rff,bipolar,none,raw,"{""bw_scale"": 1.0}",,,linear,0,4096,64,30,30,cosine,uniform,1,32,0,0.9983333349227905,0.9959999918937683,0.09646593779325485,0.6958375287967298,0.036,0.9906666278839111,0.981333315372467,0.9959999918937683,1520.0,32.0,389120,0,0,,,,,,,,,
rff_real_b1.0,rff,rff,real,none,raw,"{""bw_scale"": 1.0}",,,linear,0,4096,64,30,30,cosine,uniform,1,32,0,0.9983333349227905,0.9959999918937683,0.09646593779325485,0.6958375287967298,0.035,0.9906666278839111,0.981333315372467,0.9959999918937683,1520.0,32.0,389120,0,0,,,,,,,,,
signrff_tuned,rff,rff,bipolar,none,raw,"{""bw_grid"": [0.05, 0.1, 0.25, 0.5, 1.0], ""bw_select"": ""val""}",,,linear,0,4096,64,30,30,cosine,uniform,1,32,0,0.9983333349227905,0.9959999918937683,0.14013241231441498,0.6897213786702145,0.041,0.9900000095367432,0.9819999933242798,0.996666669845581,1520.0,32.0,389120,0,0,,,,,,,,,
fpe_phasor,fpe,fpe,bipolar,none,raw,"{""bw_scale"": 0.25}",,,linear,0,4096,64,30,30,cosine,uniform,1,32,0,0.9991666674613953,0.996666669845581,0.14880603551864624,0.6587565083946143,0.045,0.9853333234786987,0.9806666374206543,0.996666669845581,2000.0,32.0,516096,0,0,,,,,,,,,
fpe_b1,fpe,fpe,bipolar,none,raw,"{""bw_scale"": 0.25, ""phase_bits"": 1}",,,linear,0,4096,64,30,30,cosine,uniform,1,32,0,0.98416668176651,0.9886666536331177,0.07655137777328491,0.04546359113093857,0.037,0.9620000123977661,0.9079999923706055,0.9739999771118164,1504.5,1.0,389120,0,0,,,,,,,,,
fpe_b3,fpe,fpe,bipolar,none,raw,"{""bw_scale"": 0.25, ""phase_bits"": 3}",,,linear,0,4096,64,30,30,cosine,uniform,1,32,0,0.9991666674613953,0.996666669845581,0.14472129940986633,0.6531609312575489,0.044,0.9860000014305115,0.9800000190734863,0.9959999918937683,1985.5,1.5,516096,0,0,,,,,,,,,
nystrom_gauss,nystrom,nystrom,bipolar,none,raw,"{""kernel"": ""gaussian""}",,,linear,0,4096,64,30,30,cosine,uniform,1,32,0,0.9241666793823242,0.9273332953453064,0.036697763949632645,0.46333262754737453,0.223,0.8686666488647461,0.8366666436195374,0.8920000195503235,67040.0,1.0,17162240,0,0,,,,,,,,,
nystrom_lap,nystrom,nystrom,bipolar,none,raw,"{""kernel"": ""laplacian""}",,,linear,0,4096,64,30,30,cosine,uniform,1,32,0,0.9858333468437195,0.9879999756813049,0.08017521351575851,0.7784639118511689,0.254,0.9606666564941406,0.9553333520889282,0.9860000014305115,67040.0,1.0,17162240,0,0,,,,,,,,,
learned,learned,learned,bipolar,none,raw,"{""epochs"": 60}",,,linear,0,4096,64,30,30,cosine,uniform,1,32,0,0.9983333349227905,0.996666669845581,0.422369122505188,0.7218628986878775,0.675,0.9873332977294922,0.984666645526886,0.996666669845581,1504.5,1.0,389248,0,0,,,,,,,,,
datainformed_k16,datainformed,datainformed,bipolar,none,raw,"{""K"": 16}",,,linear,0,4096,64,30,30,cosine,uniform,1,32,0,0.996666669845581,0.9953333139419556,0.26095497608184814,0.9833279501125005,0.061,0.984666645526886,0.9833333492279053,0.9946666359901428,1504.0,1.0,389120,0,0,,,,,,,,,
imp_a0.5,imp,imp,bipolar,none,raw,"{""gain"": 0.5}",,,linear,0,4096,64,30,30,cosine,uniform,1,32,0,0.996666669845581,0.9959999918937683,0.25876328349113464,0.978345249514464,0.017,0.9860000014305115,0.9826666712760925,0.9953333139419556,1520.0,1.0,393216,0,0,,,,,,,,,
linear_real_fp32,linear,gaussian,real,none,raw,,,,linear,0,4096,64,30,30,cosine,uniform,1,32,0,0.996666669845581,0.9959999918937683,0.260096937417984,0.9832167550986861,0.015,0.9866666793823242,0.9833333492279053,0.9959999918937683,1504.0,1.0,389120,0,0,1.0,64.0,,,,,,,
gaussian,linear,gaussian,bipolar,none,raw,,,,linear,1,4096,64,30,30,cosine,uniform,1,32,0,0.9991666674613953,0.996666669845581,0.2578774392604828,0.9828754963327289,0.016,0.9900000095367432,0.9793333411216736,0.9959999918937683,1504.0,1.0,389120,0,0,1.0,64.0,,,,,,,
rademacher,linear,rademacher,bipolar,none,raw,,,,linear,1,4096,64,30,30,cosine,uniform,1,32,0,0.9983333349227905,0.9959999918937683,0.2580358386039734,0.9826778147136952,0.015,0.9826666712760925,0.9766666293144226,0.9946666359901428,512.0,1.0,389120,0,0,1.0,64.0,,,,,,,
uniform,linear,uniform,bipolar,none,raw,,,,linear,1,4096,64,30,30,cosine,uniform,1,32,0,0.9991666674613953,0.9946666359901428,0.25981730222702026,0.9820697076698138,0.014,0.9826666712760925,0.9786666631698608,0.9946666359901428,1504.0,1.0,389120,0,0,1.0,64.0,,,,,,,
laplace,linear,laplace,bipolar,none,raw,,,,linear,1,4096,64,30,30,cosine,uniform,1,32,0,0.9983333349227905,0.9973333477973938,0.2586671710014343,0.98275955424757,0.016,0.9853333234786987,0.9779999852180481,0.9959999918937683,1504.0,1.0,389120,0,0,1.0,64.0,,,,,,,
student_t,linear,student_t,bipolar,none,raw,,,,linear,1,4096,64,30,30,cosine,uniform,1,32,0,0.9991666674613953,0.9959999918937683,0.2585030198097229,0.9807795053823158,0.019,0.9873332977294922,0.9746666550636292,0.9953333139419556,1504.0,1.0,389120,0,0,1.0,64.0,,,,,,,
cauchy,linear,cauchy,bipolar,none,raw,,,,linear,1,4096,64,30,30,cosine,uniform,1,32,0,0.9958333373069763,0.9940000176429749,0.2516672611236572,0.9268365124092256,0.017,0.9826666712760925,0.9733332991600037,0.9933333396911621,1504.0,1.0,389120,0,0,1.0,64.0,,,,,,,
achlioptas,linear,achlioptas,bipolar,none,raw,,,,linear,1,4096,64,30,30,cosine,uniform,1,32,0,0.9991666674613953,0.9926666617393494,0.25846797227859497,0.9827817743124175,0.015,0.9839999675750732,0.9753333330154419,0.9940000176429749,501.35,1.0,214446,0,0,0.3337,64.0,,,,,,,
ternary,linear,ternary,bipolar,none,raw,,,,linear,1,4096,64,30,30,cosine,uniform,1,32,0,0.9975000023841858,0.996666669845581,0.259246826171875,0.983682967511474,0.015,0.9866666793823242,0.9793333411216736,0.9959999918937683,522.78,1.0,302211,0,0,0.6685,64.0,,,,,,,
very_sparse,linear,very_sparse,bipolar,none,raw,,,,linear,1,4096,64,30,30,cosine,uniform,1,32,0,0.9975000023841858,0.9953333139419556,0.25756338238716125,0.9811936104573347,0.014,0.9860000014305115,0.9753333330154419,0.9933333396911621,488.04,1.0,159891,0,0,0.1256,64.0,,,,,,,
count_sketch,linear,count_sketch,bipolar,none,raw,,,,linear,1,4096,64,30,30,cosine,uniform,1,32,0,0.9641667008399963,0.9519999623298645,0.0014585262397304177,0.6573283561120802,0.014,0.9126666784286499,0.8240000009536743,0.046666666865348816,480.1,1.0,127040,0,0,0.0002,63.0,,,,,,,
srht,linear,srht,bipolar,none,raw,,,,linear,1,4096,64,30,30,cosine,uniform,1,32,0,0.9458333849906921,0.95333331823349,0.20478059351444244,0.6619018012210589,0.017,0.9133332967758179,0.8773333430290222,0.9513333439826965,512.0,1.0,389120,0,0,1.0,64.0,,,,,,,
hadamard_det,linear,hadamard_det,bipolar,none,raw,,,,linear,1,4096,64,30,30,cosine,uniform,1,32,0,0.9541667103767395,0.9526666402816772,0.20372164249420166,0.6583827794005,0.015,0.9206666350364685,0.8999999761581421,0.9519999623298645,512.0,1.0,389120,0,0,1.0,64.0,,,,,,,
orthogonal,linear,orthogonal,bipolar,none,raw,,,,linear,1,4096,64,30,30,cosine,uniform,1,32,0,0.9991666674613953,0.9959999918937683,0.2606654763221741,0.9896495241316333,0.033,0.9873332977294922,0.9773333072662354,0.9953333139419556,1504.0,1.0,389120,0,0,1.0,64.0,,,,,,,
orth_blend,linear,orth_blend,bipolar,none,raw,,,,linear,1,4096,64,30,30,cosine,uniform,1,32,0,0.9975000023841858,0.996666669845581,0.2595275938510895,0.9842249024365626,0.038,0.9866666793823242,0.981333315372467,0.9959999918937683,1504.0,1.0,389120,0,0,1.0,64.0,,,,,,,
sobol,linear,sobol,bipolar,none,raw,,,,linear,1,4096,64,30,30,cosine,uniform,1,32,0,0.9991666674613953,0.996666669845581,0.25925764441490173,0.9889263337237966,0.02,0.9866666793823242,0.9766666293144226,0.9973333477973938,1504.0,1.0,389120,0,0,1.0,64.0,,,,,,,
binary01,linear,binary01,bipolar,none,raw,,,,linear,1,4096,64,30,30,cosine,uniform,1,32,0,0.940833330154419,0.9333333373069763,0.16670919954776764,0.2900671055100467,0.02,0.9146666526794434,0.8993332982063293,0.9313333034515381,496.0,1.0,258086,0,0,0.5001,64.0,,,,,,,
rff_b0.25,rff,rff,bipolar,none,raw,"{""bw_scale"": 0.25}",,,linear,1,4096,64,30,30,cosine,uniform,1,32,0,0.9983333349227905,0.996666669845581,0.14933225512504578,0.6197166665200514,0.033,0.9886666536331177,0.9786666631698608,0.9946666359901428,1520.0,32.0,389120,0,0,,,,,,,,,
rff_b1.0,rff,rff,bipolar,none,raw,"{""bw_scale"": 1.0}",,,linear,1,4096,64,30,30,cosine,uniform,1,32,0,0.9983333349227905,0.9979999661445618,0.09838107228279114,0.7026656316081873,0.035,0.9886666536331177,0.9779999852180481,0.9926666617393494,1520.0,32.0,389120,0,0,,,,,,,,,
rff_real_b1.0,rff,rff,real,none,raw,"{""bw_scale"": 1.0}",,,linear,1,4096,64,30,30,cosine,uniform,1,32,0,0.9983333349227905,0.9979999661445618,0.09838107228279114,0.7026656316081873,0.033,0.9886666536331177,0.9779999852180481,0.9926666617393494,1520.0,32.0,389120,0,0,,,,,,,,,
signrff_tuned,rff,rff,bipolar,none,raw,"{""bw_grid"": [0.05, 0.1, 0.25, 0.5, 1.0], ""bw_select"": ""val""}",,,linear,1,4096,64,30,30,cosine,uniform,1,32,0,0.9983333349227905,0.996666669845581,0.14933224022388458,0.6197166665200514,0.043,0.9886666536331177,0.9786666631698608,0.9946666359901428,1520.0,32.0,389120,0,0,,,,,,,,,
fpe_phasor,fpe,fpe,bipolar,none,raw,"{""bw_scale"": 0.25}",,,linear,1,4096,64,30,30,cosine,uniform,1,32,0,0.9991666674613953,0.9973333477973938,0.1494581401348114,0.6649898992191867,0.041,0.9879999756813049,0.9800000190734863,0.996666669845581,2000.0,32.0,516096,0,0,,,,,,,,,
fpe_b1,fpe,fpe,bipolar,none,raw,"{""bw_scale"": 0.25, ""phase_bits"": 1}",,,linear,1,4096,64,30,30,cosine,uniform,1,32,0,0.9916666746139526,0.9833333492279053,0.0774909034371376,0.0336724813171082,0.032,0.9673333168029785,0.9079999923706055,0.9753333330154419,1504.5,1.0,389120,0,0,,,,,,,,,
fpe_b3,fpe,fpe,bipolar,none,raw,"{""bw_scale"": 0.25, ""phase_bits"": 3}",,,linear,1,4096,64,30,30,cosine,uniform,1,32,0,0.9991666674613953,0.9973333477973938,0.14529278874397278,0.6604945371314759,0.041,0.9873332977294922,0.9786666631698608,0.9953333139419556,1985.5,1.5,516096,0,0,,,,,,,,,
nystrom_gauss,nystrom,nystrom,bipolar,none,raw,"{""kernel"": ""gaussian""}",,,linear,1,4096,64,30,30,cosine,uniform,1,32,0,0.9008333683013916,0.9126666784286499,0.03600157052278519,0.4617824678941833,0.208,0.8726666569709778,0.8326666355133057,0.8819999694824219,67040.0,1.0,17162240,0,0,,,,,,,,,
nystrom_lap,nystrom,nystrom,bipolar,none,raw,"{""kernel"": ""laplacian""}",,,linear,1,4096,64,30,30,cosine,uniform,1,32,0,0.9825000166893005,0.9866666793823242,0.08078327775001526,0.7773074385631323,0.258,0.9633333086967468,0.9599999785423279,0.9833333492279053,67040.0,1.0,17162240,0,0,,,,,,,,,
learned,learned,learned,bipolar,none,raw,"{""epochs"": 60}",,,linear,1,4096,64,30,30,cosine,uniform,1,32,0,1.0,0.9973333477973938,0.42735740542411804,0.7323176411232912,0.292,0.9893333315849304,0.981333315372467,0.9979999661445618,1504.5,1.0,389248,0,0,,,,,,,,,
datainformed_k16,datainformed,datainformed,bipolar,none,raw,"{""K"": 16}",,,linear,1,4096,64,30,30,cosine,uniform,1,32,0,0.9975000023841858,0.9946666359901428,0.2580004930496216,0.9827209399061916,0.06,0.9866666793823242,0.9773333072662354,0.9933333396911621,1504.0,1.0,389120,0,0,,,,,,,,,
imp_a0.5,imp,imp,bipolar,none,raw,"{""gain"": 0.5}",,,linear,1,4096,64,30,30,cosine,uniform,1,32,0,0.9991666674613953,0.996666669845581,0.2563270330429077,0.9782680499491564,0.015,0.9893333315849304,0.9779999852180481,0.996666669845581,1520.0,1.0,393216,0,0,,,,,,,,,
linear_real_fp32,linear,gaussian,real,none,raw,,,,linear,1,4096,64,30,30,cosine,uniform,1,32,0,0.9991666674613953,0.996666669845581,0.2578774392604828,0.9828754963327289,0.015,0.9900000095367432,0.9793333411216736,0.9959999918937683,1504.0,1.0,389120,0,0,1.0,64.0,,,,,,,
gaussian,linear,gaussian,bipolar,none,raw,,,,linear,2,4096,64,30,30,cosine,uniform,1,32,0,0.9975000023841858,0.9973333477973938,0.25736841559410095,0.982928383725162,0.016,0.9886666536331177,0.9913333058357239,0.9973333477973938,1504.0,1.0,389120,0,0,1.0,64.0,,,,,,,
rademacher,linear,rademacher,bipolar,none,raw,,,,linear,2,4096,64,30,30,cosine,uniform,1,32,0,0.9983333349227905,0.9973333477973938,0.2560971975326538,0.9824883008959844,0.014,0.9866666793823242,0.9873332977294922,0.996666669845581,512.0,1.0,389120,0,0,1.0,64.0,,,,,,,
uniform,linear,uniform,bipolar,none,raw,,,,linear,2,4096,64,30,30,cosine,uniform,1,32,0,0.9991666674613953,0.996666669845581,0.25730451941490173,0.9817350054158516,0.014,0.9879999756813049,0.9893333315849304,0.9953333139419556,1504.0,1.0,389120,0,0,1.0,64.0,,,,,,,
laplace,linear,laplace,bipolar,none,raw,,,,linear,2,4096,64,30,30,cosine,uniform,1,32,0,0.9991666674613953,0.9973333477973938,0.2555127441883087,0.9829303664743552,0.016,0.9866666793823242,0.9879999756813049,0.996666669845581,1504.0,1.0,389120,0,0,1.0,64.0,,,,,,,
student_t,linear,student_t,bipolar,none,raw,,,,linear,2,4096,64,30,30,cosine,uniform,1,32,0,0.9991666674613953,0.9973333477973938,0.25635483860969543,0.9822498551928912,0.019,0.9853333234786987,0.9900000095367432,0.9959999918937683,1504.0,1.0,389120,0,0,1.0,64.0,,,,,,,
cauchy,linear,cauchy,bipolar,none,raw,,,,linear,2,4096,64,30,30,cosine,uniform,1,32,0,0.9925000071525574,0.9986666440963745,0.2507791817188263,0.9261967441203199,0.017,0.9793333411216736,0.9806666374206543,0.9973333477973938,1504.0,1.0,389120,0,0,1.0,64.0,,,,,,,
achlioptas,linear,achlioptas,bipolar,none,raw,,,,linear,2,4096,64,30,30,cosine,uniform,1,32,0,0.9983333349227905,0.996666669845581,0.25872302055358887,0.9825635867691572,0.015,0.9866666793823242,0.9900000095367432,0.996666669845581,501.43,1.0,214762,0,0,0.3349,64.0,,,,,,,
ternary,linear,ternary,bipolar,none,raw,,,,linear,2,4096,64,30,30,cosine,uniform,1,32,0,0.9975000023841858,0.9973333477973938,0.2560473680496216,0.9829275326848226,0.015,0.9893333315849304,0.9886666536331177,0.9973333477973938,522.68,1.0,301800,0,0,0.6669,64.0,,,,,,,
very_sparse,linear,very_sparse,bipolar,none,raw,,,,linear,2,4096,64,30,30,cosine,uniform,1,32,0,0.9983333349227905,0.9973333477973938,0.25694912672042847,0.9808233827714359,0.014,0.9879999756813049,0.9900000095367432,0.996666669845581,487.95,1.0,159534,0,0,0.1242,64.0,,,,,,,
count_sketch,linear,count_sketch,bipolar,none,raw,,,,linear,2,4096,64,30,30,cosine,uniform,1,32,0,0.9616667032241821,0.9693333506584167,0.001509458408690989,0.6670415024933187,0.014,0.9206666350364685,0.8180000185966492,0.11999999731779099,480.1,1.0,127040,0,0,0.0002,64.0,,,,,,,
srht,linear,srht,bipolar,none,raw,,,,linear,2,4096,64,30,30,cosine,uniform,1,32,0,0.9516667127609253,0.9593333005905151,0.20305880904197693,0.6594738552557546,0.016,0.9079999923706055,0.9006666541099548,0.9586666822433472,512.0,1.0,389120,0,0,1.0,64.0,,,,,,,
hadamard_det,linear,hadamard_det,bipolar,none,raw,,,,linear,2,4096,64,30,30,cosine,uniform,1,32,0,0.9508333802223206,0.9486666321754456,0.19535213708877563,0.6639318445049818,0.015,0.9173333048820496,0.8973333239555359,0.9513333439826965,512.0,1.0,389120,0,0,1.0,64.0,,,,,,,
orthogonal,linear,orthogonal,bipolar,none,raw,,,,linear,2,4096,64,30,30,cosine,uniform,1,32,0,0.9991666674613953,0.9979999661445618,0.2580113708972931,0.9896958529894296,0.028,0.9893333315849304,0.9900000095367432,0.9979999661445618,1504.0,1.0,389120,0,0,1.0,64.0,,,,,,,
orth_blend,linear,orth_blend,bipolar,none,raw,,,,linear,2,4096,64,30,30,cosine,uniform,1,32,0,0.9983333349227905,0.9973333477973938,0.2564922571182251,0.9841320673790095,0.035,0.9886666536331177,0.9873332977294922,0.9973333477973938,1504.0,1.0,389120,0,0,1.0,64.0,,,,,,,
sobol,linear,sobol,bipolar,none,raw,,,,linear,2,4096,64,30,30,cosine,uniform,1,32,0,0.9983333349227905,0.9973333477973938,0.2570946514606476,0.989014097612927,0.022,0.9893333315849304,0.9886666536331177,0.9973333477973938,1504.0,1.0,389120,0,0,1.0,64.0,,,,,,,
binary01,linear,binary01,bipolar,none,raw,,,,linear,2,4096,64,30,30,cosine,uniform,1,32,0,0.9833333492279053,0.9786666631698608,0.17422306537628174,0.27776340292814305,0.02,0.9566666483879089,0.9473333358764648,0.9753333330154419,496.03,1.0,258316,0,0,0.501,64.0,,,,,,,
rff_b0.25,rff,rff,bipolar,none,raw,"{""bw_scale"": 0.25}",,,linear,2,4096,64,30,30,cosine,uniform,1,32,0,0.9991666674613953,0.9946666359901428,0.147195965051651,0.6186398573425952,0.033,0.9853333234786987,0.9819999933242798,0.9946666359901428,1520.0,32.0,389120,0,0,,,,,,,,,
rff_b1.0,rff,rff,bipolar,none,raw,"{""bw_scale"": 1.0}",,,linear,2,4096,64,30,30,cosine,uniform,1,32,0,0.9983333349227905,0.9959999918937683,0.09803800284862518,0.6894784023826244,0.031,0.9879999756813049,0.9806666374206543,0.9940000176429749,1520.0,32.0,389120,0,0,,,,,,,,,
rff_real_b1.0,rff,rff,real,none,raw,"{""bw_scale"": 1.0}",,,linear,2,4096,64,30,30,cosine,uniform,1,32,0,0.9983333349227905,0.9959999918937683,0.09803800284862518,0.6894784023826244,0.031,0.9879999756813049,0.9806666374206543,0.9940000176429749,1520.0,32.0,389120,0,0,,,,,,,,,
signrff_tuned,rff,rff,bipolar,none,raw,"{""bw_grid"": [0.05, 0.1, 0.25, 0.5, 1.0], ""bw_select"": ""val""}",,,linear,2,4096,64,30,30,cosine,uniform,1,32,0,0.9991666674613953,0.9946666359901428,0.147195965051651,0.6186398573425952,0.036,0.9853333234786987,0.9819999933242798,0.9946666359901428,1520.0,32.0,389120,0,0,,,,,,,,,
fpe_phasor,fpe,fpe,bipolar,none,raw,"{""bw_scale"": 0.25}",,,linear,2,4096,64,30,30,cosine,uniform,1,32,0,0.9975000023841858,0.9973333477973938,0.1486271172761917,0.6389493388653956,0.039,0.9886666536331177,0.9866666793823242,0.9973333477973938,2000.0,32.0,516096,0,0,,,,,,,,,
fpe_b1,fpe,fpe,bipolar,none,raw,"{""bw_scale"": 0.25, ""phase_bits"": 1}",,,linear,2,4096,64,30,30,cosine,uniform,1,32,0,0.9900000095367432,0.9900000095367432,0.07885070145130157,0.04926025194323552,0.031,0.965999960899353,0.9286666512489319,0.9893333315849304,1504.5,1.0,389120,0,0,,,,,,,,,
fpe_b3,fpe,fpe,bipolar,none,raw,"{""bw_scale"": 0.25, ""phase_bits"": 3}",,,linear,2,4096,64,30,30,cosine,uniform,1,32,0,0.9975000023841858,0.996666669845581,0.1443992406129837,0.634701389017067,0.04,0.9879999756813049,0.9853333234786987,0.996666669845581,1985.5,1.5,516096,0,0,,,,,,,,,
nystrom_gauss,nystrom,nystrom,bipolar,none,raw,"{""kernel"": ""gaussian""}",,,linear,2,4096,64,30,30,cosine,uniform,1,32,0,0.9333333373069763,0.9133332967758179,0.03667815029621124,0.4774874637473147,0.209,0.8733333349227905,0.8460000157356262,0.9026666283607483,67040.0,1.0,17162240,0,0,,,,,,,,,
nystrom_lap,nystrom,nystrom,bipolar,none,raw,"{""kernel"": ""laplacian""}",,,linear,2,4096,64,30,30,cosine,uniform,1,32,0,0.9850000143051147,0.9853333234786987,0.08066461980342865,0.7853728255898207,0.253,0.9506666660308838,0.949999988079071,0.9773333072662354,67040.0,1.0,17162240,0,0,,,,,,,,,
learned,learned,learned,bipolar,none,raw,"{""epochs"": 60}",,,linear,2,4096,64,30,30,cosine,uniform,1,32,0,0.9991666674613953,0.996666669845581,0.41594767570495605,0.7312956203827194,0.32,0.9873332977294922,0.9886666536331177,0.9973333477973938,1504.5,1.0,389248,0,0,,,,,,,,,
datainformed_k16,datainformed,datainformed,bipolar,none,raw,"{""K"": 16}",,,linear,2,4096,64,30,30,cosine,uniform,1,32,0,0.9983333349227905,0.9973333477973938,0.258340448141098,0.9834387206286146,0.061,0.9873332977294922,0.9860000014305115,0.996666669845581,1504.0,1.0,389120,0,0,,,,,,,,,
imp_a0.5,imp,imp,bipolar,none,raw,"{""gain"": 0.5}",,,linear,2,4096,64,30,30,cosine,uniform,1,32,0,0.996666669845581,0.9973333477973938,0.25620248913764954,0.9784732258103797,0.015,0.9866666793823242,0.9919999837875366,0.9959999918937683,1520.0,1.0,393216,0,0,,,,,,,,,
linear_real_fp32,linear,gaussian,real,none,raw,,,,linear,2,4096,64,30,30,cosine,uniform,1,32,0,0.9975000023841858,0.9973333477973938,0.25736841559410095,0.982928383725162,0.015,0.9886666536331177,0.9913333058357239,0.9973333477973938,1504.0,1.0,389120,0,0,1.0,64.0,,,,,,,
gaussian,linear,gaussian,bipolar,none,raw,,,,fine,0,4096,64,30,30,cosine,uniform,1,32,0,0.7233333587646484,0.7133333086967468,0.04650498926639557,0.9832824817403812,0.018,0.609333336353302,0.6159999966621399,0.7133333086967468,1504.0,1.0,389120,0,0,1.0,64.0,,,,,,,
rademacher,linear,rademacher,bipolar,none,raw,,,,fine,0,4096,64,30,30,cosine,uniform,1,32,0,0.7175000309944153,0.7160000205039978,0.04504237696528435,0.9827790738197664,0.016,0.6133333444595337,0.609333336353302,0.7099999785423279,512.0,1.0,389120,0,0,1.0,64.0,,,,,,,
uniform,linear,uniform,bipolar,none,raw,,,,fine,0,4096,64,30,30,cosine,uniform,1,32,0,0.7241666913032532,0.7020000219345093,0.0451662503182888,0.9841692472493047,0.016,0.6233333349227905,0.6200000047683716,0.7059999704360962,1504.0,1.0,389120,0,0,1.0,64.0,,,,,,,
laplace,linear,laplace,bipolar,none,raw,,,,fine,0,4096,64,30,30,cosine,uniform,1,32,0,0.7166666984558105,0.7113333344459534,0.046501874923706055,0.9829973883241885,0.018,0.6086666584014893,0.6013333201408386,0.6946666836738586,1504.0,1.0,389120,0,0,1.0,64.0,,,,,,,
student_t,linear,student_t,bipolar,none,raw,,,,fine,0,4096,64,30,30,cosine,uniform,1,32,0,0.7158333659172058,0.7053333520889282,0.04554053768515587,0.9830178572136916,0.021,0.6179999709129333,0.609333336353302,0.7066666483879089,1504.0,1.0,389120,0,0,1.0,64.0,,,,,,,
cauchy,linear,cauchy,bipolar,none,raw,,,,fine,0,4096,64,30,30,cosine,uniform,1,32,0,0.6916666626930237,0.6800000071525574,0.03607373312115669,0.930415485971973,0.02,0.5680000185966492,0.5826666355133057,0.6786666512489319,1504.0,1.0,389120,0,0,1.0,64.0,,,,,,,
achlioptas,linear,achlioptas,bipolar,none,raw,,,,fine,0,4096,64,30,30,cosine,uniform,1,32,0,0.7083333730697632,0.7160000205039978,0.04544125497341156,0.9831365597956342,0.017,0.6153333187103271,0.6146666407585144,0.7080000042915344,501.28,1.0,214139,0,0,0.3325,64.0,,,,,,,
ternary,linear,ternary,bipolar,none,raw,,,,fine,0,4096,64,30,30,cosine,uniform,1,32,0,0.7175000309944153,0.7053333520889282,0.045099858194589615,0.9830801912946936,0.017,0.6033333539962769,0.5893333554267883,0.6966666579246521,522.73,1.0,301991,0,0,0.6676,64.0,,,,,,,
very_sparse,linear,very_sparse,bipolar,none,raw,,,,fine,0,4096,64,30,30,cosine,uniform,1,32,0,0.7166666984558105,0.7026666402816772,0.04461946710944176,0.9817721777158964,0.016,0.5920000076293945,0.6019999980926514,0.6980000138282776,488.08,1.0,160077,0,0,0.1263,64.0,,,,,,,
count_sketch,linear,count_sketch,bipolar,none,raw,,,,fine,0,4096,64,30,30,cosine,uniform,1,32,0,0.4000000059604645,0.43533334136009216,-0.000134721165522933,0.6609481706584969,0.023,0.3499999940395355,0.304666668176651,0.06066666543483734,480.1,1.0,127040,0,0,0.0002,64.0,,,,,,,
srht,linear,srht,bipolar,none,raw,,,,fine,0,4096,64,30,30,cosine,uniform,1,32,0,0.40166667103767395,0.41200000047683716,-0.0385940745472908,0.658215150449695,0.024,0.35866665840148926,0.3453333377838135,0.41200000047683716,512.0,1.0,389120,0,0,1.0,64.0,,,,,,,
hadamard_det,linear,hadamard_det,bipolar,none,raw,,,,fine,0,4096,64,30,30,cosine,uniform,1,32,0,0.4191666841506958,0.41466665267944336,-0.0377185121178627,0.661397928539368,0.024,0.33933332562446594,0.3293333351612091,0.4033333361148834,512.0,1.0,389120,0,0,1.0,64.0,,,,,,,
orthogonal,linear,orthogonal,bipolar,none,raw,,,,fine,0,4096,64,30,30,cosine,uniform,1,32,0,0.7116667032241821,0.7086666822433472,0.04609428718686104,0.989843386812098,0.031,0.6179999709129333,0.6019999980926514,0.7093333005905151,1504.0,1.0,389120,0,0,1.0,64.0,,,,,,,
orth_blend,linear,orth_blend,bipolar,none,raw,,,,fine,0,4096,64,30,30,cosine,uniform,1,32,0,0.7116667032241821,0.7039999961853027,0.04518778249621391,0.9851920196895146,0.05,0.6153333187103271,0.6073333024978638,0.7039999961853027,1504.0,1.0,389120,0,0,1.0,64.0,,,,,,,
sobol,linear,sobol,bipolar,none,raw,,,,fine,0,4096,64,30,30,cosine,uniform,1,32,0,0.7133333683013916,0.7073333263397217,0.04596201702952385,0.9892777890449261,0.024,0.6166666746139526,0.6019999980926514,0.7066666483879089,1504.0,1.0,389120,0,0,1.0,64.0,,,,,,,
binary01,linear,binary01,bipolar,none,raw,,,,fine,0,4096,64,30,30,cosine,uniform,1,32,0,0.43416666984558105,0.4779999852180481,-0.03984065726399422,0.26538248204452225,0.027,0.4266666769981384,0.3866666555404663,0.47866666316986084,496.0,1.0,258015,0,0,0.4999,64.0,,,,,,,
rff_b0.25,rff,rff,bipolar,none,raw,"{""bw_scale"": 0.25}",,,fine,0,4096,64,30,30,cosine,uniform,1,32,0,0.7108333706855774,0.7059999704360962,0.016784850507974625,0.6620835047027911,0.039,0.6086666584014893,0.6033333539962769,0.6739999651908875,1520.0,32.0,389120,0,0,,,,,,,,,
rff_b1.0,rff,rff,bipolar,none,raw,"{""bw_scale"": 1.0}",,,fine,0,4096,64,30,30,cosine,uniform,1,32,0,0.7041667103767395,0.6946666836738586,0.008011086843907833,0.6881166234693237,0.042,0.593999981880188,0.5893333554267883,0.5566666722297668,1520.0,32.0,389120,0,0,,,,,,,,,
rff_real_b1.0,rff,rff,real,none,raw,"{""bw_scale"": 1.0}",,,fine,0,4096,64,30,30,cosine,uniform,1,32,0,0.7041667103767395,0.6946666836738586,0.008011091500520706,0.6881166234693237,0.042,0.593999981880188,0.5893333554267883,0.5566666722297668,1520.0,32.0,389120,0,0,,,,,,,,,
signrff_tuned,rff,rff,bipolar,none,raw,"{""bw_grid"": [0.05, 0.1, 0.25, 0.5, 1.0], ""bw_select"": ""val""}",,,fine,0,4096,64,30,30,cosine,uniform,1,32,0,0.7041667103767395,0.6946666836738586,0.008011087775230408,0.6881166234693237,0.047,0.593999981880188,0.5893333554267883,0.5566666722297668,1520.0,32.0,389120,0,0,,,,,,,,,
fpe_phasor,fpe,fpe,bipolar,none,raw,"{""bw_scale"": 0.25}",,,fine,0,4096,64,30,30,cosine,uniform,1,32,0,0.7191666960716248,0.7080000042915344,0.01752626709640026,0.6799916579502951,0.047,0.6133333444595337,0.6066666841506958,0.690666675567627,2000.0,32.0,516096,0,0,,,,,,,,,
fpe_b1,fpe,fpe,bipolar,none,raw,"{""bw_scale"": 0.25, ""phase_bits"": 1}",,,fine,0,4096,64,30,30,cosine,uniform,1,32,0,0.4866666793823242,0.5173333287239075,0.0007018423057161272,0.0032500694254692553,0.038,0.39399999380111694,0.3959999978542328,0.2893333435058594,1504.5,1.0,389120,0,0,,,,,,,,,
fpe_b3,fpe,fpe,bipolar,none,raw,"{""bw_scale"": 0.25, ""phase_bits"": 3}",,,fine,0,4096,64,30,30,cosine,uniform,1,32,0,0.7258333563804626,0.7093333005905151,0.01697016879916191,0.6784569914113184,0.047,0.609333336353302,0.6073333024978638,0.687333345413208,1985.5,1.5,516096,0,0,,,,,,,,,
nystrom_gauss,nystrom,nystrom,bipolar,none,raw,"{""kernel"": ""gaussian""}",,,fine,0,4096,64,30,30,cosine,uniform,1,32,0,0.6016666889190674,0.6159999966621399,0.006188406143337488,0.5768090533643733,0.207,0.5220000147819519,0.5146666765213013,0.5553333163261414,67040.0,1.0,17162240,0,0,,,,,,,,,
nystrom_lap,nystrom,nystrom,bipolar,none,raw,"{""kernel"": ""laplacian""}",,,fine,0,4096,64,30,30,cosine,uniform,1,32,0,0.6733333468437195,0.6626666784286499,0.015609988011419773,0.8538797544194502,0.251,0.5566666722297668,0.5600000023841858,0.6513333320617676,67040.0,1.0,17162240,0,0,,,,,,,,,
learned,learned,learned,bipolar,none,raw,"{""epochs"": 60}",,,fine,0,4096,64,30,30,cosine,uniform,1,32,0,0.7391666769981384,0.7113333344459534,0.0823928639292717,0.7049262393499617,0.308,0.6153333187103271,0.6060000061988831,0.7066666483879089,1504.5,1.0,389248,0,0,,,,,,,,,
datainformed_k16,datainformed,datainformed,bipolar,none,raw,"{""K"": 16}",,,fine,0,4096,64,30,30,cosine,uniform,1,32,0,0.7108333706855774,0.7073333263397217,0.04597162827849388,0.9840674376508561,0.085,0.609333336353302,0.6073333024978638,0.7006666660308838,1504.0,1.0,389120,0,0,,,,,,,,,
imp_a0.5,imp,imp,bipolar,none,raw,"{""gain"": 0.5}",,,fine,0,4096,64,30,30,cosine,uniform,1,32,0,0.7208333611488342,0.7126666307449341,0.04647289589047432,0.9795307691978145,0.017,0.6106666326522827,0.6153333187103271,0.7099999785423279,1520.0,1.0,393216,0,0,,,,,,,,,
linear_real_fp32,linear,gaussian,real,none,raw,,,,fine,0,4096,64,30,30,cosine,uniform,1,32,0,0.7233333587646484,0.7133333086967468,0.04650498926639557,0.9832824817403812,0.018,0.609333336353302,0.6159999966621399,0.7133333086967468,1504.0,1.0,389120,0,0,1.0,64.0,,,,,,,
gaussian,linear,gaussian,bipolar,none,raw,,,,fine,1,4096,64,30,30,cosine,uniform,1,32,0,0.7266666889190674,0.7253333330154419,0.0467531643807888,0.9826924739446199,0.017,0.6213333010673523,0.6019999980926514,0.722000002861023,1504.0,1.0,389120,0,0,1.0,64.0,,,,,,,
rademacher,linear,rademacher,bipolar,none,raw,,,,fine,1,4096,64,30,30,cosine,uniform,1,32,0,0.7233333587646484,0.7199999690055847,0.045819588005542755,0.982713624299025,0.017,0.640666663646698,0.6066666841506958,0.718666672706604,512.0,1.0,389120,0,0,1.0,64.0,,,,,,,
uniform,linear,uniform,bipolar,none,raw,,,,fine,1,4096,64,30,30,cosine,uniform,1,32,0,0.7291666865348816,0.7139999866485596,0.045831941068172455,0.9819742027432053,0.016,0.6259999871253967,0.5960000157356262,0.718666672706604,1504.0,1.0,389120,0,0,1.0,64.0,,,,,,,
laplace,linear,laplace,bipolar,none,raw,,,,fine,1,4096,64,30,30,cosine,uniform,1,32,0,0.7200000286102295,0.7166666388511658,0.04600266367197037,0.9825109858550529,0.019,0.6200000047683716,0.6006666421890259,0.7113333344459534,1504.0,1.0,389120,0,0,1.0,64.0,,,,,,,
student_t,linear,student_t,bipolar,none,raw,,,,fine,1,4096,64,30,30,cosine,uniform,1,32,0,0.7266666889190674,0.7160000205039978,0.045827195048332214,0.9813635783849843,0.022,0.6179999709129333,0.6086666584014893,0.7166666388511658,1504.0,1.0,389120,0,0,1.0,64.0,,,,,,,
cauchy,linear,cauchy,bipolar,none,raw,,,,fine,1,4096,64,30,30,cosine,uniform,1,32,0,0.690833330154419,0.687333345413208,0.03868502750992775,0.9265531619181147,0.02,0.5986666679382324,0.5740000009536743,0.6866666674613953,1504.0,1.0,389120,0,0,1.0,64.0,,,,,,,
achlioptas,linear,achlioptas,bipolar,none,raw,,,,fine,1,4096,64,30,30,cosine,uniform,1,32,0,0.7316666841506958,0.7266666293144226,0.0459529310464859,0.9829274554453904,0.017,0.6213333010673523,0.6006666421890259,0.7153333425521851,501.35,1.0,214446,0,0,0.3337,64.0,,,,,,,
ternary,linear,ternary,bipolar,none,raw,,,,fine,1,4096,64,30,30,cosine,uniform,1,32,0,0.7300000190734863,0.7300000190734863,0.04640723764896393,0.9831619771906644,0.017,0.6200000047683716,0.6039999723434448,0.722000002861023,522.78,1.0,302211,0,0,0.6685,64.0,,,,,,,
very_sparse,linear,very_sparse,bipolar,none,raw,,,,fine,1,4096,64,30,30,cosine,uniform,1,32,0,0.71833336353302,0.7173333168029785,0.04509975016117096,0.9806288948784747,0.016,0.6140000224113464,0.6073333024978638,0.7066666483879089,488.04,1.0,159891,0,0,0.1256,64.0,,,,,,,
count_sketch,linear,count_sketch,bipolar,none,raw,,,,fine,1,4096,64,30,30,cosine,uniform,1,32,0,0.4358333349227905,0.4206666648387909,-0.00016251523629762232,0.6499014205892715,0.023,0.3493333160877228,0.28866666555404663,0.03333333134651184,480.1,1.0,127040,0,0,0.0002,63.0,,,,,,,
srht,linear,srht,bipolar,none,raw,,,,fine,1,4096,64,30,30,cosine,uniform,1,32,0,0.4283333420753479,0.4206666648387909,-0.03364560753107071,0.6493199434567193,0.024,0.3553333282470703,0.3453333377838135,0.4153333306312561,512.0,1.0,389120,0,0,1.0,64.0,,,,,,,
hadamard_det,linear,hadamard_det,bipolar,none,raw,,,,fine,1,4096,64,30,30,cosine,uniform,1,32,0,0.4283333420753479,0.4153333306312561,-0.034173622727394104,0.6536382129001054,0.023,0.35199999809265137,0.35199999809265137,0.4193333387374878,512.0,1.0,389120,0,0,1.0,64.0,,,,,,,
orthogonal,linear,orthogonal,bipolar,none,raw,,,,fine,1,4096,64,30,30,cosine,uniform,1,32,0,0.7225000262260437,0.7239999771118164,0.04791999235749245,0.9896085482333012,0.05,0.625333309173584,0.6073333024978638,0.7139999866485596,1504.0,1.0,389120,0,0,1.0,64.0,,,,,,,
orth_blend,linear,orth_blend,bipolar,none,raw,,,,fine,1,4096,64,30,30,cosine,uniform,1,32,0,0.7150000333786011,0.7226666808128357,0.04723117873072624,0.9841773433643451,0.043,0.6286666393280029,0.6106666326522827,0.7120000123977661,1504.0,1.0,389120,0,0,1.0,64.0,,,,,,,
sobol,linear,sobol,bipolar,none,raw,,,,fine,1,4096,64,30,30,cosine,uniform,1,32,0,0.7133333683013916,0.7273333072662354,0.04668910801410675,0.9887898919885881,0.025,0.628000020980835,0.6046666502952576,0.7273333072662354,1504.0,1.0,389120,0,0,1.0,64.0,,,,,,,
binary01,linear,binary01,bipolar,none,raw,,,,fine,1,4096,64,30,30,cosine,uniform,1,32,0,0.4300000071525574,0.4333333373069763,-0.08264481276273727,0.2716896810402478,0.028,0.36133334040641785,0.35600000619888306,0.4246666729450226,496.0,1.0,258086,0,0,0.5001,64.0,,,,,,,
rff_b0.25,rff,rff,bipolar,none,raw,"{""bw_scale"": 0.25}",,,fine,1,4096,64,30,30,cosine,uniform,1,32,0,0.7200000286102295,0.7166666388511658,0.01683630794286728,0.6512236079188223,0.034,0.6013333201408386,0.6100000143051147,0.6746666431427002,1520.0,32.0,389120,0,0,,,,,,,,,
rff_b1.0,rff,rff,bipolar,none,raw,"{""bw_scale"": 1.0}",,,fine,1,4096,64,30,30,cosine,uniform,1,32,0,0.7175000309944153,0.7139999866485596,0.008040781132876873,0.6815425284052163,0.037,0.6200000047683716,0.5920000076293945,0.5433333516120911,1520.0,32.0,389120,0,0,,,,,,,,,
rff_real_b1.0,rff,rff,real,none,raw,"{""bw_scale"": 1.0}",,,fine,1,4096,64,30,30,cosine,uniform,1,32,0,0.7175000309944153,0.7139999866485596,0.008040782995522022,0.6815425284052163,0.034,0.6200000047683716,0.5920000076293945,0.5433333516120911,1520.0,32.0,389120,0,0,,,,,,,,,
signrff_tuned,rff,rff,bipolar,none,raw,"{""bw_grid"": [0.05, 0.1, 0.25, 0.5, 1.0], ""bw_select"": ""val""}",,,fine,1,4096,64,30,30,cosine,uniform,1,32,0,0.7175000309944153,0.7139999866485596,0.008040780201554298,0.6815425284052163,0.04,0.6200000047683716,0.5920000076293945,0.5433333516120911,1520.0,32.0,389120,0,0,,,,,,,,,
fpe_phasor,fpe,fpe,bipolar,none,raw,"{""bw_scale"": 0.25}",,,fine,1,4096,64,30,30,cosine,uniform,1,32,0,0.7191666960716248,0.7326666712760925,0.01781252957880497,0.6709368812862369,0.04,0.6313333511352539,0.6226666569709778,0.7126666307449341,2000.0,32.0,516096,0,0,,,,,,,,,
fpe_b1,fpe,fpe,bipolar,none,raw,"{""bw_scale"": 0.25, ""phase_bits"": 1}",,,fine,1,4096,64,30,30,cosine,uniform,1,32,0,0.5133333206176758,0.49133333563804626,0.000575441459659487,0.0005950615246801343,0.031,0.3853333294391632,0.3919999897480011,0.2653333246707916,1504.5,1.0,389120,0,0,,,,,,,,,
fpe_b3,fpe,fpe,bipolar,none,raw,"{""bw_scale"": 0.25, ""phase_bits"": 3}",,,fine,1,4096,64,30,30,cosine,uniform,1,32,0,0.721666693687439,0.7306666374206543,0.017406415194272995,0.6676451422685784,0.04,0.6340000033378601,0.6166666746139526,0.7206666469573975,1985.5,1.5,516096,0,0,,,,,,,,,
nystrom_gauss,nystrom,nystrom,bipolar,none,raw,"{""kernel"": ""gaussian""}",,,fine,1,4096,64,30,30,cosine,uniform,1,32,0,0.621666669845581,0.6053333282470703,0.006038042716681957,0.5843368918123935,0.211,0.5073333382606506,0.5193333029747009,0.5406666398048401,67040.0,1.0,17162240,0,0,,,,,,,,,
nystrom_lap,nystrom,nystrom,bipolar,none,raw,"{""kernel"": ""laplacian""}",,,fine,1,4096,64,30,30,cosine,uniform,1,32,0,0.6741666793823242,0.687333345413208,0.015704957768321037,0.857342541952895,0.254,0.5680000185966492,0.5659999847412109,0.65666663646698,67040.0,1.0,17162240,0,0,,,,,,,,,
learned,learned,learned,bipolar,none,raw,"{""epochs"": 60}",,,fine,1,4096,64,30,30,cosine,uniform,1,32,0,0.7391666769981384,0.7513332962989807,0.08601566404104233,0.7076524867570744,0.288,0.6506666541099548,0.6226666569709778,0.7546666860580444,1504.5,1.0,389248,0,0,,,,,,,,,
datainformed_k16,datainformed,datainformed,bipolar,none,raw,"{""K"": 16}",,,fine,1,4096,64,30,30,cosine,uniform,1,32,0,0.7150000333786011,0.7260000109672546,0.04662420228123665,0.98240998529905,0.063,0.6313333511352539,0.6140000224113464,0.7226666808128357,1504.0,1.0,389120,0,0,,,,,,,,,
imp_a0.5,imp,imp,bipolar,none,raw,"{""gain"": 0.5}",,,fine,1,4096,64,30,30,cosine,uniform,1,32,0,0.71833336353302,0.7260000109672546,0.04549909383058548,0.9790276617408779,0.017,0.6179999709129333,0.590666651725769,0.7173333168029785,1520.0,1.0,393216,0,0,,,,,,,,,
linear_real_fp32,linear,gaussian,real,none,raw,,,,fine,1,4096,64,30,30,cosine,uniform,1,32,0,0.7266666889190674,0.7253333330154419,0.0467531643807888,0.9826924739446199,0.017,0.6213333010673523,0.6019999980926514,0.722000002861023,1504.0,1.0,389120,0,0,1.0,64.0,,,,,,,
gaussian,linear,gaussian,bipolar,none,raw,,,,fine,2,4096,64,30,30,cosine,uniform,1,32,0,0.7125000357627869,0.7273333072662354,0.048547547310590744,0.9827869294110249,0.017,0.6319999694824219,0.6226666569709778,0.722000002861023,1504.0,1.0,389120,0,0,1.0,64.0,,,,,,,
rademacher,linear,rademacher,bipolar,none,raw,,,,fine,2,4096,64,30,30,cosine,uniform,1,32,0,0.7033333778381348,0.7206666469573975,0.046311039477586746,0.9825376845726321,0.017,0.6179999709129333,0.6173333525657654,0.7106666564941406,512.0,1.0,389120,0,0,1.0,64.0,,,,,,,
uniform,linear,uniform,bipolar,none,raw,,,,fine,2,4096,64,30,30,cosine,uniform,1,32,0,0.6966666579246521,0.7153333425521851,0.046902842819690704,0.9819187609011705,0.016,0.6306666731834412,0.6186666488647461,0.7179999947547913,1504.0,1.0,389120,0,0,1.0,64.0,,,,,,,
laplace,linear,laplace,bipolar,none,raw,,,,fine,2,4096,64,30,30,cosine,uniform,1,32,0,0.7166666984558105,0.7166666388511658,0.046628691256046295,0.9831769838119151,0.018,0.6259999871253967,0.6146666407585144,0.7126666307449341,1504.0,1.0,389120,0,0,1.0,64.0,,,,,,,
student_t,linear,student_t,bipolar,none,raw,,,,fine,2,4096,64,30,30,cosine,uniform,1,32,0,0.7191666960716248,0.7273333072662354,0.04681101813912392,0.9823471692870553,0.021,0.6266666650772095,0.6033333539962769,0.7213333249092102,1504.0,1.0,389120,0,0,1.0,64.0,,,,,,,
cauchy,linear,cauchy,bipolar,none,raw,,,,fine,2,4096,64,30,30,cosine,uniform,1,32,0,0.684166669845581,0.6773333549499512,0.03827139362692833,0.9252301363510342,0.021,0.5960000157356262,0.5806666612625122,0.6800000071525574,1504.0,1.0,389120,0,0,1.0,64.0,,,,,,,
achlioptas,linear,achlioptas,bipolar,none,raw,,,,fine,2,4096,64,30,30,cosine,uniform,1,32,0,0.6991666555404663,0.7199999690055847,0.04694753512740135,0.9826667188892061,0.017,0.6179999709129333,0.6186666488647461,0.7086666822433472,501.43,1.0,214762,0,0,0.3349,64.0,,,,,,,
ternary,linear,ternary,bipolar,none,raw,,,,fine,2,4096,64,30,30,cosine,uniform,1,32,0,0.6974999904632568,0.7193333506584167,0.04663599655032158,0.982926185809354,0.017,0.6326666474342346,0.6293333172798157,0.7139999866485596,522.68,1.0,301800,0,0,0.6669,64.0,,,,,,,
very_sparse,linear,very_sparse,bipolar,none,raw,,,,fine,2,4096,64,30,30,cosine,uniform,1,32,0,0.6991666555404663,0.7213333249092102,0.046219147741794586,0.9810167241827615,0.016,0.6153333187103271,0.612666666507721,0.7166666388511658,487.95,1.0,159534,0,0,0.1242,64.0,,,,,,,
count_sketch,linear,count_sketch,bipolar,none,raw,,,,fine,2,4096,64,30,30,cosine,uniform,1,32,0,0.4375,0.4333333373069763,-0.000122183482744731,0.6531279568521426,0.023,0.3726666569709778,0.31599998474121094,0.036666665226221085,480.1,1.0,127040,0,0,0.0002,64.0,,,,,,,
srht,linear,srht,bipolar,none,raw,,,,fine,2,4096,64,30,30,cosine,uniform,1,32,0,0.4266666769981384,0.4333333373069763,-0.028949905186891556,0.6478604360200678,0.024,0.36933332681655884,0.35733333230018616,0.43066665530204773,512.0,1.0,389120,0,0,1.0,64.0,,,,,,,
hadamard_det,linear,hadamard_det,bipolar,none,raw,,,,fine,2,4096,64,30,30,cosine,uniform,1,32,0,0.40833333134651184,0.4286666512489319,-0.032750096172094345,0.6544580529917283,0.023,0.3540000021457672,0.35866665840148926,0.42399999499320984,512.0,1.0,389120,0,0,1.0,64.0,,,,,,,
orthogonal,linear,orthogonal,bipolar,none,raw,,,,fine,2,4096,64,30,30,cosine,uniform,1,32,0,0.7091667056083679,0.7293333411216736,0.04733072966337204,0.9897366133064014,0.039,0.6266666650772095,0.6226666569709778,0.7213333249092102,1504.0,1.0,389120,0,0,1.0,64.0,,,,,,,
orth_blend,linear,orth_blend,bipolar,none,raw,,,,fine,2,4096,64,30,30,cosine,uniform,1,32,0,0.7041667103767395,0.7066666483879089,0.046139687299728394,0.9843603299665744,0.043,0.625333309173584,0.6140000224113464,0.7106666564941406,1504.0,1.0,389120,0,0,1.0,64.0,,,,,,,
sobol,linear,sobol,bipolar,none,raw,,,,fine,2,4096,64,30,30,cosine,uniform,1,32,0,0.699999988079071,0.7113333344459534,0.04627261310815811,0.9890772758491275,0.036,0.6166666746139526,0.612666666507721,0.7106666564941406,1504.0,1.0,389120,0,0,1.0,64.0,,,,,,,
binary01,linear,binary01,bipolar,none,raw,,,,fine,2,4096,64,30,30,cosine,uniform,1,32,0,0.3725000023841858,0.3700000047683716,-0.08769872784614563,0.27169277198596753,0.026,0.3233333230018616,0.32733333110809326,0.3726666569709778,496.03,1.0,258316,0,0,0.501,64.0,,,,,,,
rff_b0.25,rff,rff,bipolar,none,raw,"{""bw_scale"": 0.25}",,,fine,2,4096,64,30,30,cosine,uniform,1,32,0,0.6983333230018616,0.7066666483879089,0.017231598496437073,0.6375033653715767,0.039,0.6140000224113464,0.6200000047683716,0.6826666593551636,1520.0,32.0,389120,0,0,,,,,,,,,
rff_b1.0,rff,rff,bipolar,none,raw,"{""bw_scale"": 1.0}",,,fine,2,4096,64,30,30,cosine,uniform,1,32,0,0.6991666555404663,0.7080000042915344,0.008352423086762428,0.6594230673357097,0.042,0.6173333525657654,0.6133333444595337,0.6146666407585144,1520.0,32.0,389120,0,0,,,,,,,,,
rff_real_b1.0,rff,rff,real,none,raw,"{""bw_scale"": 1.0}",,,fine,2,4096,64,30,30,cosine,uniform,1,32,0,0.6991666555404663,0.7080000042915344,0.008352423086762428,0.6594230673357097,0.042,0.6173333525657654,0.6133333444595337,0.6146666407585144,1520.0,32.0,389120,0,0,,,,,,,,,
signrff_tuned,rff,rff,bipolar,none,raw,"{""bw_grid"": [0.05, 0.1, 0.25, 0.5, 1.0], ""bw_select"": ""val""}",,,fine,2,4096,64,30,30,cosine,uniform,1,32,0,0.6991666555404663,0.7080000042915344,0.008352422155439854,0.6594230673357097,0.049,0.6173333525657654,0.6133333444595337,0.6146666407585144,1520.0,32.0,389120,0,0,,,,,,,,,
fpe_phasor,fpe,fpe,bipolar,none,raw,"{""bw_scale"": 0.25}",,,fine,2,4096,64,30,30,cosine,uniform,1,32,0,0.7066667079925537,0.7266666293144226,0.017897842451930046,0.6392249617526717,0.048,0.6319999694824219,0.6299999952316284,0.7120000123977661,2000.0,32.0,516096,0,0,,,,,,,,,
fpe_b1,fpe,fpe,bipolar,none,raw,"{""bw_scale"": 0.25, ""phase_bits"": 1}",,,fine,2,4096,64,30,30,cosine,uniform,1,32,0,0.4891666769981384,0.49533331394195557,0.0006095634889788926,0.006502784705542952,0.039,0.3879999816417694,0.41733333468437195,0.2853333353996277,1504.5,1.0,389120,0,0,,,,,,,,,
fpe_b3,fpe,fpe,bipolar,none,raw,"{""bw_scale"": 0.25, ""phase_bits"": 3}",,,fine,2,4096,64,30,30,cosine,uniform,1,32,0,0.7091667056083679,0.718666672706604,0.017349354922771454,0.63634644571557,0.048,0.6333333253860474,0.6273333430290222,0.7199999690055847,1985.5,1.5,516096,0,0,,,,,,,,,
nystrom_gauss,nystrom,nystrom,bipolar,none,raw,"{""kernel"": ""gaussian""}",,,fine,2,4096,64,30,30,cosine,uniform,1,32,0,0.6041666865348816,0.6133333444595337,0.0059344894252717495,0.5891763953779783,0.209,0.5180000066757202,0.5266666412353516,0.5566666722297668,67040.0,1.0,17162240,0,0,,,,,,,,,
nystrom_lap,nystrom,nystrom,bipolar,none,raw,"{""kernel"": ""laplacian""}",,,fine,2,4096,64,30,30,cosine,uniform,1,32,0,0.6633333563804626,0.6626666784286499,0.016642067581415176,0.8557480522450494,0.251,0.5799999833106995,0.5653333067893982,0.6573333144187927,67040.0,1.0,17162240,0,0,,,,,,,,,
learned,learned,learned,bipolar,none,raw,"{""epochs"": 60}",,,fine,2,4096,64,30,30,cosine,uniform,1,32,0,0.7308333516120911,0.7379999756813049,0.08537669479846954,0.7011714740713006,0.319,0.6346666812896729,0.6386666893959045,0.7379999756813049,1504.5,1.0,389248,0,0,,,,,,,,,
datainformed_k16,datainformed,datainformed,bipolar,none,raw,"{""K"": 16}",,,fine,2,4096,64,30,30,cosine,uniform,1,32,0,0.70250004529953,0.7279999852180481,0.04770005866885185,0.9824481559833981,0.063,0.6173333525657654,0.6166666746139526,0.7120000123977661,1504.0,1.0,389120,0,0,,,,,,,,,
imp_a0.5,imp,imp,bipolar,none,raw,"{""gain"": 0.5}",,,fine,2,4096,64,30,30,cosine,uniform,1,32,0,0.7100000381469727,0.7306666374206543,0.04749646037817001,0.9795187873529992,0.017,0.6273333430290222,0.625333309173584,0.7286666631698608,1520.0,1.0,393216,0,0,,,,,,,,,
linear_real_fp32,linear,gaussian,real,none,raw,,,,fine,2,4096,64,30,30,cosine,uniform,1,32,0,0.7125000357627869,0.7273333072662354,0.048547547310590744,0.9827869294110249,0.017,0.6319999694824219,0.6226666569709778,0.722000002861023,1504.0,1.0,389120,0,0,1.0,64.0,,,,,,,
gaussian,linear,gaussian,bipolar,none,raw,,,,xor,0,4096,64,4,30,cosine,uniform,1,32,0,0.2800000011920929,0.25,-0.025930099189281464,0.9928306667774534,0.007,0.25,0.1875000149011612,0.2750000059604645,1088.0,1.0,282624,0,0,1.0,64.0,,,,,,,
rademacher,linear,rademacher,bipolar,none,raw,,,,xor,0,4096,64,4,30,cosine,uniform,1,32,0,0.22499999403953552,0.26250001788139343,-0.0165258701890707,0.9926026100465809,0.007,0.2750000059604645,0.25,0.2666666805744171,96.0,1.0,282624,0,0,1.0,64.0,,,,,,,
uniform,linear,uniform,bipolar,none,raw,,,,xor,0,4096,64,4,30,cosine,uniform,1,32,0,0.26499998569488525,0.23333334922790527,-0.02355477213859558,0.9927703938175034,0.006,0.1875000149011612,0.2291666716337204,0.23333334922790527,1088.0,1.0,282624,0,0,1.0,64.0,,,,,,,
laplace,linear,laplace,bipolar,none,raw,,,,xor,0,4096,64,4,30,cosine,uniform,1,32,0,0.2449999898672104,0.25,-0.025378169491887093,0.9925586400299342,0.008,0.25,0.2750000059604645,0.22500000894069672,1088.0,1.0,282624,0,0,1.0,64.0,,,,,,,
student_t,linear,student_t,bipolar,none,raw,,,,xor,0,4096,64,4,30,cosine,uniform,1,32,0,0.2449999898672104,0.26250001788139343,-0.02084963768720627,0.9922123888898807,0.011,0.2291666716337204,0.2666666805744171,0.2875000238418579,1088.0,1.0,282624,0,0,1.0,64.0,,,,,,,
cauchy,linear,cauchy,bipolar,none,raw,,,,xor,0,4096,64,4,30,cosine,uniform,1,32,0,0.32499998807907104,0.2708333432674408,-0.027536697685718536,0.9670460016433149,0.009,0.28333336114883423,0.26250001788139343,0.28333336114883423,1088.0,1.0,282624,0,0,1.0,64.0,,,,,,,
achlioptas,linear,achlioptas,bipolar,none,raw,,,,xor,0,4096,64,4,30,cosine,uniform,1,32,0,0.32999998331069946,0.2666666805744171,-0.028616024181246758,0.9927111665276626,0.007,0.2666666805744171,0.26250001788139343,0.2708333432674408,85.28,1.0,107643,0,0,0.3325,64.0,,,,,,,
ternary,linear,ternary,bipolar,none,raw,,,,xor,0,4096,64,4,30,cosine,uniform,1,32,0,0.2549999952316284,0.23333334922790527,-0.023000888526439667,0.9927643796346015,0.007,0.22500000894069672,0.2666666805744171,0.21666668355464935,106.73,1.0,195495,0,0,0.6676,64.0,,,,,,,
very_sparse,linear,very_sparse,bipolar,none,raw,,,,xor,0,4096,64,4,30,cosine,uniform,1,32,0,0.28999999165534973,0.2708333432674408,-0.029636546969413757,0.9918199375671072,0.006,0.22083334624767303,0.25,0.2666666805744171,72.08,1.0,53581,0,0,0.1263,64.0,,,,,,,
count_sketch,linear,count_sketch,bipolar,none,raw,,,,xor,0,4096,64,4,30,cosine,uniform,1,32,0,0.3050000071525574,0.25,-0.0005274221766740084,0.7922725063424161,0.006,0.31666669249534607,0.25416669249534607,0.25,64.1,1.0,20544,0,0,0.0002,64.0,,,,,,,
srht,linear,srht,bipolar,none,raw,,,,xor,0,4096,64,4,30,cosine,uniform,1,32,0,0.3199999928474426,0.25833335518836975,-0.1839839518070221,0.7975218398827681,0.007,0.28333336114883423,0.25,0.2666666805744171,96.0,1.0,282624,0,0,1.0,64.0,,,,,,,
hadamard_det,linear,hadamard_det,bipolar,none,raw,,,,xor,0,4096,64,4,30,cosine,uniform,1,32,0,0.3149999976158142,0.2666666805744171,-0.17046299576759338,0.7958030523586457,0.006,0.2291666716337204,0.25,0.2666666805744171,96.0,1.0,282624,0,0,1.0,64.0,,,,,,,
orthogonal,linear,orthogonal,bipolar,none,raw,,,,xor,0,4096,64,4,30,cosine,uniform,1,32,0,0.26999998092651367,0.26250001788139343,-0.03010738454759121,0.9956288793433459,0.026,0.24166667461395264,0.2458333522081375,0.2708333432674408,1088.0,1.0,282624,0,0,1.0,64.0,,,,,,,
orth_blend,linear,orth_blend,bipolar,none,raw,,,,xor,0,4096,64,4,30,cosine,uniform,1,32,0,0.2549999952316284,0.2666666805744171,-0.021269530057907104,0.9933304249495172,0.028,0.2708333432674408,0.30000001192092896,0.2666666805744171,1088.0,1.0,282624,0,0,1.0,64.0,,,,,,,
sobol,linear,sobol,bipolar,none,raw,,,,xor,0,4096,64,4,30,cosine,uniform,1,32,0,0.29499998688697815,0.23750001192092896,-0.019021278247237206,0.9952535364572487,0.028,0.2458333522081375,0.23750001192092896,0.2666666805744171,1088.0,1.0,282624,0,0,1.0,64.0,,,,,,,
binary01,linear,binary01,bipolar,none,raw,,,,xor,0,4096,64,4,30,cosine,uniform,1,32,0,0.2149999886751175,0.2708333432674408,-0.1814877986907959,0.3934392424633749,0.013,0.3083333373069763,0.27916666865348816,0.2666666805744171,80.0,1.0,151519,0,0,0.4999,64.0,,,,,,,
rff_b0.25,rff,rff,bipolar,none,raw,"{""bw_scale"": 0.25}",,,xor,0,4096,64,4,30,cosine,uniform,1,32,0,0.26499998569488525,0.25,-0.15473665297031403,0.6736318644153573,0.013,0.26250001788139343,0.25,0.25,1104.0,32.0,282624,0,0,,,,,,,,,
rff_b1.0,rff,rff,bipolar,none,raw,"{""bw_scale"": 1.0}",,,xor,0,4096,64,4,30,cosine,uniform,1,32,0,0.3100000023841858,0.31666669249534607,-0.02258305251598358,0.6774137080341546,0.018,0.2875000238418579,0.26250001788139343,0.2875000238418579,1104.0,32.0,282624,0,0,,,,,,,,,
rff_real_b1.0,rff,rff,real,none,raw,"{""bw_scale"": 1.0}",,,xor,0,4096,64,4,30,cosine,uniform,1,32,0,0.3100000023841858,0.31666669249534607,-0.022583048790693283,0.6774137080341546,0.01,0.2875000238418579,0.26250001788139343,0.2875000238418579,1104.0,32.0,282624,0,0,,,,,,,,,
signrff_tuned,rff,rff,bipolar,none,raw,"{""bw_grid"": [0.05, 0.1, 0.25, 0.5, 1.0], ""bw_select"": ""val""}",,,xor,0,4096,64,4,30,cosine,uniform,1,32,0,0.4050000011920929,0.4375000298023224,-0.003822502912953496,0.6507132569942559,0.014,0.36250001192092896,0.42916667461395264,0.44583335518836975,1104.0,32.0,282624,0,0,,,,,,,,,
fpe_phasor,fpe,fpe,bipolar,none,raw,"{""bw_scale"": 0.25}",,,xor,0,4096,64,4,30,cosine,uniform,1,32,0,0.28999999165534973,0.27916666865348816,-0.05824965983629227,0.6816634187841724,0.013,0.30000001192092896,0.25,0.27916666865348816,1168.0,32.0,303104,0,0,,,,,,,,,
fpe_b1,fpe,fpe,bipolar,none,raw,"{""bw_scale"": 0.25, ""phase_bits"": 1}",,,xor,0,4096,64,4,30,cosine,uniform,1,32,0,0.5249999761581421,0.5208333730697632,5.0714366807369515e-05,0.003676706316914097,0.008,0.4333333671092987,0.44583335518836975,0.3333333432674408,1088.5,1.0,282624,0,0,,,,,,,,,
fpe_b3,fpe,fpe,bipolar,none,raw,"{""bw_scale"": 0.25, ""phase_bits"": 3}",,,xor,0,4096,64,4,30,cosine,uniform,1,32,0,0.3050000071525574,0.2958333492279053,-0.11935698986053467,0.6815720722921066,0.013,0.2916666865348816,0.2708333432674408,0.28333336114883423,1153.5,1.5,303104,0,0,,,,,,,,,
nystrom_gauss,nystrom,nystrom,bipolar,none,raw,"{""kernel"": ""gaussian""}",,,xor,0,4096,64,4,30,cosine,uniform,1,32,0,0.35499998927116394,0.34583336114883423,-0.016632357612252235,0.5221093871273838,0.011,0.3541666865348816,0.36666667461395264,0.3708333671092987,2712.5,1.0,3542144,0,0,,,,,,,,,
nystrom_lap,nystrom,nystrom,bipolar,none,raw,"{""kernel"": ""laplacian""}",,,xor,0,4096,64,4,30,cosine,uniform,1,32,0,0.3100000023841858,0.2916666865348816,-0.08947902917861938,0.8652692523499895,0.012,0.34583336114883423,0.25416669249534607,0.2958333492279053,2712.5,1.0,3542144,0,0,,,,,,,,,
learned,learned,learned,bipolar,none,raw,"{""epochs"": 60}",,,xor,0,4096,64,4,30,cosine,uniform,1,32,0,0.23999999463558197,0.21666668355464935,-0.06260427087545395,0.9354246060255874,0.067,0.25416669249534607,0.23333334922790527,0.22500000894069672,1088.5,1.0,282752,0,0,,,,,,,,,
datainformed_k16,datainformed,datainformed,bipolar,none,raw,"{""K"": 16}",,,xor,0,4096,64,4,30,cosine,uniform,1,32,0,0.2800000011920929,0.22500000894069672,-0.02736503817141056,0.9931585147608163,0.042,0.2291666716337204,0.28333336114883423,0.24166667461395264,1088.0,1.0,282624,0,0,,,,,,,,,
imp_a0.5,imp,imp,bipolar,none,raw,"{""gain"": 0.5}",,,xor,0,4096,64,4,30,cosine,uniform,1,32,0,0.2549999952316284,0.2916666865348816,-0.01884273812174797,0.9919691766893025,0.007,0.27916666865348816,0.25833335518836975,0.27916666865348816,1104.0,1.0,286720,0,0,,,,,,,,,
linear_real_fp32,linear,gaussian,real,none,raw,,,,xor,0,4096,64,4,30,cosine,uniform,1,32,0,0.2800000011920929,0.25,-0.025930099189281464,0.9928306667774534,0.007,0.25,0.1875000149011612,0.2750000059604645,1088.0,1.0,282624,0,0,1.0,64.0,,,,,,,
gaussian,linear,gaussian,bipolar,none,raw,,,,xor,1,4096,64,4,30,cosine,uniform,1,32,0,0.25,0.27916666865348816,-0.020016416907310486,0.9932317891097009,0.007,0.25416669249534607,0.30000001192092896,0.25416669249534607,1088.0,1.0,282624,0,0,1.0,64.0,,,,,,,
rademacher,linear,rademacher,bipolar,none,raw,,,,xor,1,4096,64,4,30,cosine,uniform,1,32,0,0.26999998092651367,0.22500000894069672,-0.031153850257396698,0.993486911572974,0.007,0.30000001192092896,0.25,0.25833335518836975,96.0,1.0,282624,0,0,1.0,64.0,,,,,,,
uniform,linear,uniform,bipolar,none,raw,,,,xor,1,4096,64,4,30,cosine,uniform,1,32,0,0.26499998569488525,0.2666666805744171,-0.02756883017718792,0.9923702100712434,0.006,0.25,0.2458333522081375,0.2666666805744171,1088.0,1.0,282624,0,0,1.0,64.0,,,,,,,
laplace,linear,laplace,bipolar,none,raw,,,,xor,1,4096,64,4,30,cosine,uniform,1,32,0,0.2549999952316284,0.21250000596046448,-0.02366732247173786,0.9926367132117665,0.008,0.2666666805744171,0.21666668355464935,0.25833335518836975,1088.0,1.0,282624,0,0,1.0,64.0,,,,,,,
student_t,linear,student_t,bipolar,none,raw,,,,xor,1,4096,64,4,30,cosine,uniform,1,32,0,0.2800000011920929,0.30000001192092896,-0.02450472116470337,0.9925132365575883,0.011,0.30000001192092896,0.25,0.2750000059604645,1088.0,1.0,282624,0,0,1.0,64.0,,,,,,,
cauchy,linear,cauchy,bipolar,none,raw,,,,xor,1,4096,64,4,30,cosine,uniform,1,32,0,0.3100000023841858,0.25,-0.03492676466703415,0.9675711770028748,0.009,0.2875000238418579,0.28333336114883423,0.26250001788139343,1088.0,1.0,282624,0,0,1.0,64.0,,,,,,,
achlioptas,linear,achlioptas,bipolar,none,raw,,,,xor,1,4096,64,4,30,cosine,uniform,1,32,0,0.25,0.2916666865348816,-0.024864230304956436,0.9930727440506596,0.007,0.27916666865348816,0.30000001192092896,0.2875000238418579,85.35,1.0,107950,0,0,0.3337,64.0,,,,,,,
ternary,linear,ternary,bipolar,none,raw,,,,xor,1,4096,64,4,30,cosine,uniform,1,32,0,0.2750000059604645,0.25833335518836975,-0.02166278474032879,0.9933755020968446,0.007,0.2291666716337204,0.25,0.24166667461395264,106.78,1.0,195715,0,0,0.6685,64.0,,,,,,,
very_sparse,linear,very_sparse,bipolar,none,raw,,,,xor,1,4096,64,4,30,cosine,uniform,1,32,0,0.32999998331069946,0.27916666865348816,-0.024999214336276054,0.9921897878091731,0.006,0.2958333492279053,0.2291666716337204,0.2708333432674408,72.04,1.0,53395,0,0,0.1256,64.0,,,,,,,
count_sketch,linear,count_sketch,bipolar,none,raw,,,,xor,1,4096,64,4,30,cosine,uniform,1,32,0,0.23499999940395355,0.2666666805744171,-0.0006630888092331588,0.8032667376400741,0.006,0.2291666716337204,0.23750001192092896,0.26250001788139343,64.1,1.0,20544,0,0,0.0002,63.0,,,,,,,
srht,linear,srht,bipolar,none,raw,,,,xor,1,4096,64,4,30,cosine,uniform,1,32,0,0.28999999165534973,0.28333336114883423,-0.17801308631896973,0.8090132631268244,0.007,0.23333334922790527,0.24166667461395264,0.28333336114883423,96.0,1.0,282624,0,0,1.0,64.0,,,,,,,
hadamard_det,linear,hadamard_det,bipolar,none,raw,,,,xor,1,4096,64,4,30,cosine,uniform,1,32,0,0.2549999952316284,0.2708333432674408,-0.18126168847084045,0.8097322289551812,0.006,0.2666666805744171,0.2750000059604645,0.27916666865348816,96.0,1.0,282624,0,0,1.0,64.0,,,,,,,
orthogonal,linear,orthogonal,bipolar,none,raw,,,,xor,1,4096,64,4,30,cosine,uniform,1,32,0,0.29499998688697815,0.19166667759418488,-0.018245497718453407,0.9957991890082767,0.019,0.2666666805744171,0.24166667461395264,0.23750001192092896,1088.0,1.0,282624,0,0,1.0,64.0,,,,,,,
orth_blend,linear,orth_blend,bipolar,none,raw,,,,xor,1,4096,64,4,30,cosine,uniform,1,32,0,0.25,0.23750001192092896,-0.02035517804324627,0.9940912875065019,0.027,0.22500000894069672,0.2291666716337204,0.2458333522081375,1088.0,1.0,282624,0,0,1.0,64.0,,,,,,,
sobol,linear,sobol,bipolar,none,raw,,,,xor,1,4096,64,4,30,cosine,uniform,1,32,0,0.29499998688697815,0.2291666716337204,-0.021869037300348282,0.9956629083904402,0.019,0.22083334624767303,0.25416669249534607,0.25416669249534607,1088.0,1.0,282624,0,0,1.0,64.0,,,,,,,
binary01,linear,binary01,bipolar,none,raw,,,,xor,1,4096,64,4,30,cosine,uniform,1,32,0,0.3349999785423279,0.24166667461395264,-0.14956973493099213,0.415170866795566,0.012,0.2458333522081375,0.25833335518836975,0.25,80.0,1.0,151590,0,0,0.5001,64.0,,,,,,,
rff_b0.25,rff,rff,bipolar,none,raw,"{""bw_scale"": 0.25}",,,xor,1,4096,64,4,30,cosine,uniform,1,32,0,0.29999998211860657,0.2958333492279053,-0.11145450174808502,0.6666520103831013,0.012,0.27916666865348816,0.28333336114883423,0.2916666865348816,1104.0,32.0,282624,0,0,,,,,,,,,
rff_b1.0,rff,rff,bipolar,none,raw,"{""bw_scale"": 1.0}",,,xor,1,4096,64,4,30,cosine,uniform,1,32,0,0.26999998092651367,0.30416667461395264,-0.5088391900062561,0.6698647504107631,0.017,0.30416667461395264,0.3125000298023224,0.25,1104.0,32.0,282624,0,0,,,,,,,,,
rff_real_b1.0,rff,rff,real,none,raw,"{""bw_scale"": 1.0}",,,xor,1,4096,64,4,30,cosine,uniform,1,32,0,0.2800000011920929,0.2916666865348816,-0.3631913661956787,0.6698647504107631,0.01,0.30416667461395264,0.27916666865348816,0.27916666865348816,1104.0,32.0,282624,0,0,,,,,,,,,
signrff_tuned,rff,rff,bipolar,none,raw,"{""bw_grid"": [0.05, 0.1, 0.25, 0.5, 1.0], ""bw_select"": ""val""}",,,xor,1,4096,64,4,30,cosine,uniform,1,32,0,0.45499998331069946,0.42500001192092896,-0.0028966886457055807,0.3484076296336981,0.013,0.3500000238418579,0.3750000298023224,0.34166669845581055,1104.0,32.0,282624,0,0,,,,,,,,,
fpe_phasor,fpe,fpe,bipolar,none,raw,"{""bw_scale"": 0.25}",,,xor,1,4096,64,4,30,cosine,uniform,1,32,0,0.32999998331069946,0.3375000059604645,-0.13665078580379486,0.6711866348488607,0.013,0.3083333373069763,0.32500001788139343,0.32500001788139343,1168.0,32.0,303104,0,0,,,,,,,,,
fpe_b1,fpe,fpe,bipolar,none,raw,"{""bw_scale"": 0.25, ""phase_bits"": 1}",,,xor,1,4096,64,4,30,cosine,uniform,1,32,0,0.5550000071525574,0.5041667222976685,0.00015103755868040025,-0.004771987034669761,0.008,0.42916667461395264,0.46250003576278687,0.3333333432674408,1088.5,1.0,282624,0,0,,,,,,,,,
fpe_b3,fpe,fpe,bipolar,none,raw,"{""bw_scale"": 0.25, ""phase_bits"": 3}",,,xor,1,4096,64,4,30,cosine,uniform,1,32,0,0.26999998092651367,0.25833335518836975,-0.07916538417339325,0.6718080716329486,0.013,0.2666666805744171,0.25,0.25,1153.5,1.5,303104,0,0,,,,,,,,,
nystrom_gauss,nystrom,nystrom,bipolar,none,raw,"{""kernel"": ""gaussian""}",,,xor,1,4096,64,4,30,cosine,uniform,1,32,0,0.3700000047683716,0.3958333432674408,-0.013270389288663864,0.5196052082329251,0.01,0.36250001192092896,0.32083335518836975,0.37916669249534607,2712.5,1.0,3542144,0,0,,,,,,,,,
nystrom_lap,nystrom,nystrom,bipolar,none,raw,"{""kernel"": ""laplacian""}",,,xor,1,4096,64,4,30,cosine,uniform,1,32,0,0.28999999165534973,0.31666669249534607,-0.06964238733053207,0.879328252923009,0.012,0.24166667461395264,0.25833335518836975,0.30000001192092896,2712.5,1.0,3542144,0,0,,,,,,,,,
learned,learned,learned,bipolar,none,raw,"{""epochs"": 60}",,,xor,1,4096,64,4,30,cosine,uniform,1,32,0,0.2549999952316284,0.20000001788139343,-0.06241990253329277,0.9464355134057773,0.079,0.25,0.23750001192092896,0.1875000149011612,1088.5,1.0,282752,0,0,,,,,,,,,
datainformed_k16,datainformed,datainformed,bipolar,none,raw,"{""K"": 16}",,,xor,1,4096,64,4,30,cosine,uniform,1,32,0,0.23499999940395355,0.30000001192092896,-0.02031039074063301,0.9927820332380871,0.041,0.2958333492279053,0.2875000238418579,0.32083335518836975,1088.0,1.0,282624,0,0,,,,,,,,,
imp_a0.5,imp,imp,bipolar,none,raw,"{""gain"": 0.5}",,,xor,1,4096,64,4,30,cosine,uniform,1,32,0,0.2149999886751175,0.25,-0.01807011105120182,0.9925090329226293,0.007,0.25416669249534607,0.27916666865348816,0.25833335518836975,1104.0,1.0,286720,0,0,,,,,,,,,
linear_real_fp32,linear,gaussian,real,none,raw,,,,xor,1,4096,64,4,30,cosine,uniform,1,32,0,0.25,0.27916666865348816,-0.020016416907310486,0.9932317891097009,0.007,0.25416669249534607,0.30000001192092896,0.25416669249534607,1088.0,1.0,282624,0,0,1.0,64.0,,,,,,,
gaussian,linear,gaussian,bipolar,none,raw,,,,xor,2,4096,64,4,30,cosine,uniform,1,32,0,0.3149999976158142,0.2958333492279053,-0.01641025021672249,0.9932656441525584,0.007,0.2916666865348816,0.3083333373069763,0.3125000298023224,1088.0,1.0,282624,0,0,1.0,64.0,,,,,,,
rademacher,linear,rademacher,bipolar,none,raw,,,,xor,2,4096,64,4,30,cosine,uniform,1,32,0,0.2800000011920929,0.2458333522081375,-0.022483263164758682,0.9933431234582025,0.007,0.2875000238418579,0.26250001788139343,0.2458333522081375,96.0,1.0,282624,0,0,1.0,64.0,,,,,,,
uniform,linear,uniform,bipolar,none,raw,,,,xor,2,4096,64,4,30,cosine,uniform,1,32,0,0.25,0.2916666865348816,-0.018816782161593437,0.9933891514187101,0.006,0.2666666805744171,0.2666666805744171,0.2958333492279053,1088.0,1.0,282624,0,0,1.0,64.0,,,,,,,
laplace,linear,laplace,bipolar,none,raw,,,,xor,2,4096,64,4,30,cosine,uniform,1,32,0,0.2549999952316284,0.25416669249534607,-0.02190021052956581,0.9936058199785025,0.008,0.28333336114883423,0.25416669249534607,0.22500000894069672,1088.0,1.0,282624,0,0,1.0,64.0,,,,,,,
student_t,linear,student_t,bipolar,none,raw,,,,xor,2,4096,64,4,30,cosine,uniform,1,32,0,0.3050000071525574,0.22083334624767303,-0.023347554728388786,0.993127041055207,0.011,0.25,0.2708333432674408,0.23333334922790527,1088.0,1.0,282624,0,0,1.0,64.0,,,,,,,
cauchy,linear,cauchy,bipolar,none,raw,,,,xor,2,4096,64,4,30,cosine,uniform,1,32,0,0.2800000011920929,0.3291666805744171,-0.02811708115041256,0.969847023175787,0.009,0.26250001788139343,0.27916666865348816,0.3083333373069763,1088.0,1.0,282624,0,0,1.0,64.0,,,,,,,
achlioptas,linear,achlioptas,bipolar,none,raw,,,,xor,2,4096,64,4,30,cosine,uniform,1,32,0,0.29499998688697815,0.2958333492279053,-0.02335522510111332,0.9932145446851945,0.007,0.2666666805744171,0.25416669249534607,0.2875000238418579,85.43,1.0,108266,0,0,0.3349,64.0,,,,,,,
ternary,linear,ternary,bipolar,none,raw,,,,xor,2,4096,64,4,30,cosine,uniform,1,32,0,0.28999999165534973,0.23333334922790527,-0.02690315619111061,0.9934769478916204,0.007,0.2083333432674408,0.2708333432674408,0.22500000894069672,106.68,1.0,195304,0,0,0.6669,64.0,,,,,,,
very_sparse,linear,very_sparse,bipolar,none,raw,,,,xor,2,4096,64,4,30,cosine,uniform,1,32,0,0.29499998688697815,0.3125000298023224,-0.021350989118218422,0.9923488374676789,0.006,0.2916666865348816,0.27916666865348816,0.2916666865348816,71.95,1.0,53038,0,0,0.1242,64.0,,,,,,,
count_sketch,linear,count_sketch,bipolar,none,raw,,,,xor,2,4096,64,4,30,cosine,uniform,1,32,0,0.23999999463558197,0.26250001788139343,-0.0005522551946341991,0.8150601128371392,0.006,0.25833335518836975,0.2666666805744171,0.25,64.1,1.0,20544,0,0,0.0002,64.0,,,,,,,
srht,linear,srht,bipolar,none,raw,,,,xor,2,4096,64,4,30,cosine,uniform,1,32,0,0.22999998927116394,0.2958333492279053,-0.14251159131526947,0.7989983591602172,0.007,0.27916666865348816,0.2750000059604645,0.2958333492279053,96.0,1.0,282624,0,0,1.0,64.0,,,,,,,
hadamard_det,linear,hadamard_det,bipolar,none,raw,,,,xor,2,4096,64,4,30,cosine,uniform,1,32,0,0.23999999463558197,0.24166667461395264,-0.1828491985797882,0.8021874775820488,0.006,0.24166667461395264,0.23333334922790527,0.25416669249534607,96.0,1.0,282624,0,0,1.0,64.0,,,,,,,
orthogonal,linear,orthogonal,bipolar,none,raw,,,,xor,2,4096,64,4,30,cosine,uniform,1,32,0,0.23999999463558197,0.27916666865348816,-0.0222812220454216,0.9958035346071357,0.02,0.2750000059604645,0.25833335518836975,0.30000001192092896,1088.0,1.0,282624,0,0,1.0,64.0,,,,,,,
orth_blend,linear,orth_blend,bipolar,none,raw,,,,xor,2,4096,64,4,30,cosine,uniform,1,32,0,0.2750000059604645,0.28333336114883423,-0.02753097005188465,0.9937490820647542,0.024,0.25,0.23750001192092896,0.25833335518836975,1088.0,1.0,282624,0,0,1.0,64.0,,,,,,,
sobol,linear,sobol,bipolar,none,raw,,,,xor,2,4096,64,4,30,cosine,uniform,1,32,0,0.26499998569488525,0.2291666716337204,-0.025977782905101776,0.9956533873564328,0.017,0.2083333432674408,0.25,0.25416669249534607,1088.0,1.0,282624,0,0,1.0,64.0,,,,,,,
binary01,linear,binary01,bipolar,none,raw,,,,xor,2,4096,64,4,30,cosine,uniform,1,32,0,0.23999999463558197,0.21250000596046448,-0.2622429430484772,0.39423692229120344,0.011,0.23750001192092896,0.2291666716337204,0.21666668355464935,80.03,1.0,151820,0,0,0.501,64.0,,,,,,,
rff_b0.25,rff,rff,bipolar,none,raw,"{""bw_scale"": 0.25}",,,xor,2,4096,64,4,30,cosine,uniform,1,32,0,0.26499998569488525,0.26250001788139343,-0.1404825896024704,0.7193078586809946,0.018,0.2708333432674408,0.25833335518836975,0.2666666805744171,1104.0,32.0,282624,0,0,,,,,,,,,
rff_b1.0,rff,rff,bipolar,none,raw,"{""bw_scale"": 1.0}",,,xor,2,4096,64,4,30,cosine,uniform,1,32,0,0.2800000011920929,0.28333336114883423,-0.2779218256473541,0.7188301106519925,0.01,0.2875000238418579,0.25833335518836975,0.2708333432674408,1104.0,32.0,282624,0,0,,,,,,,,,
rff_real_b1.0,rff,rff,real,none,raw,"{""bw_scale"": 1.0}",,,xor,2,4096,64,4,30,cosine,uniform,1,32,0,0.2800000011920929,0.28333336114883423,-0.2779218256473541,0.7188301106519925,0.01,0.2875000238418579,0.25833335518836975,0.2708333432674408,1104.0,32.0,282624,0,0,,,,,,,,,
signrff_tuned,rff,rff,bipolar,none,raw,"{""bw_grid"": [0.05, 0.1, 0.25, 0.5, 1.0], ""bw_select"": ""val""}",,,xor,2,4096,64,4,30,cosine,uniform,1,32,0,0.4449999928474426,0.4791666865348816,-0.001255289651453495,0.6875084895121797,0.014,0.36666667461395264,0.4541666805744171,0.4833333492279053,1104.0,32.0,282624,0,0,,,,,,,,,
fpe_phasor,fpe,fpe,bipolar,none,raw,"{""bw_scale"": 0.25}",,,xor,2,4096,64,4,30,cosine,uniform,1,32,0,0.3449999988079071,0.2958333492279053,-0.23747088015079498,0.7153821949353073,0.013,0.2958333492279053,0.27916666865348816,0.30000001192092896,1168.0,32.0,303104,0,0,,,,,,,,,
fpe_b1,fpe,fpe,bipolar,none,raw,"{""bw_scale"": 0.25, ""phase_bits"": 1}",,,xor,2,4096,64,4,30,cosine,uniform,1,32,0,0.5199999809265137,0.5416666865348816,0.0001849138643592596,-0.0007507009169224099,0.008,0.45000001788139343,0.5291666984558105,0.40000003576278687,1088.5,1.0,282624,0,0,,,,,,,,,
fpe_b3,fpe,fpe,bipolar,none,raw,"{""bw_scale"": 0.25, ""phase_bits"": 3}",,,xor,2,4096,64,4,30,cosine,uniform,1,32,0,0.2800000011920929,0.25416669249534607,-0.23000872135162354,0.7161424014735358,0.013,0.2708333432674408,0.2666666805744171,0.2666666805744171,1153.5,1.5,303104,0,0,,,,,,,,,
nystrom_gauss,nystrom,nystrom,bipolar,none,raw,"{""kernel"": ""gaussian""}",,,xor,2,4096,64,4,30,cosine,uniform,1,32,0,0.41999998688697815,0.38750001788139343,-0.017780208960175514,0.544975422307243,0.01,0.3541666865348816,0.3541666865348816,0.3583333492279053,2712.5,1.0,3542144,0,0,,,,,,,,,
nystrom_lap,nystrom,nystrom,bipolar,none,raw,"{""kernel"": ""laplacian""}",,,xor,2,4096,64,4,30,cosine,uniform,1,32,0,0.3199999928474426,0.30000001192092896,-0.037194203585386276,0.8914468337096147,0.012,0.2666666805744171,0.25,0.27916666865348816,2712.5,1.0,3542144,0,0,,,,,,,,,
learned,learned,learned,bipolar,none,raw,"{""epochs"": 60}",,,xor,2,4096,64,4,30,cosine,uniform,1,32,0,0.28999999165534973,0.21666668355464935,-0.06215648725628853,0.9455678091451064,0.08,0.22500000894069672,0.2458333522081375,0.2291666716337204,1088.5,1.0,282752,0,0,,,,,,,,,
datainformed_k16,datainformed,datainformed,bipolar,none,raw,"{""K"": 16}",,,xor,2,4096,64,4,30,cosine,uniform,1,32,0,0.26999998092651367,0.26250001788139343,-0.02197709120810032,0.9928966389680106,0.042,0.2291666716337204,0.19166667759418488,0.2708333432674408,1088.0,1.0,282624,0,0,,,,,,,,,
imp_a0.5,imp,imp,bipolar,none,raw,"{""gain"": 0.5}",,,xor,2,4096,64,4,30,cosine,uniform,1,32,0,0.2549999952316284,0.2458333522081375,-0.025656621903181076,0.9926304750791486,0.007,0.2666666805744171,0.21250000596046448,0.25416669249534607,1104.0,1.0,286720,0,0,,,,,,,,,
linear_real_fp32,linear,gaussian,real,none,raw,,,,xor,2,4096,64,4,30,cosine,uniform,1,32,0,0.3149999976158142,0.2958333492279053,-0.01641025021672249,0.9932656441525584,0.007,0.2916666865348816,0.3083333373069763,0.3125000298023224,1088.0,1.0,282624,0,0,1.0,64.0,,,,,,,
gaussian,linear,gaussian,bipolar,none,raw,,,,shells,0,4096,64,6,30,cosine,uniform,1,32,0,0.22999998927116394,0.2083333432674408,-0.04524208977818489,0.9950147410614063,0.007,0.20000001788139343,0.2083333432674408,0.22500000894069672,1120.0,1.0,290816,0,0,1.0,64.0,,,,,,,
rademacher,linear,rademacher,bipolar,none,raw,,,,shells,0,4096,64,6,30,cosine,uniform,1,32,0,0.26999998092651367,0.2916666865348816,-0.026263928040862083,0.9944351139118306,0.006,0.24166667461395264,0.21666668355464935,0.2750000059604645,128.0,1.0,290816,0,0,1.0,64.0,,,,,,,
uniform,linear,uniform,bipolar,none,raw,,,,shells,0,4096,64,6,30,cosine,uniform,1,32,0,0.1899999976158142,0.24166667461395264,-0.027015749365091324,0.994987465880322,0.005,0.2083333432674408,0.22500000894069672,0.2750000059604645,1120.0,1.0,290816,0,0,1.0,64.0,,,,,,,
laplace,linear,laplace,bipolar,none,raw,,,,shells,0,4096,64,6,30,cosine,uniform,1,32,0,0.20999999344348907,0.3083333373069763,-0.028575392439961433,0.9941607988648129,0.008,0.2083333432674408,0.25,0.25833335518836975,1120.0,1.0,290816,0,0,1.0,64.0,,,,,,,
student_t,linear,student_t,bipolar,none,raw,,,,shells,0,4096,64,6,30,cosine,uniform,1,32,0,0.26999998092651367,0.32500001788139343,-0.02768748439848423,0.9942508657622102,0.01,0.25833335518836975,0.22500000894069672,0.3083333373069763,1120.0,1.0,290816,0,0,1.0,64.0,,,,,,,
cauchy,linear,cauchy,bipolar,none,raw,,,,shells,0,4096,64,6,30,cosine,uniform,1,32,0,0.3199999928474426,0.30000001192092896,-0.026252515614032745,0.9757509087694425,0.009,0.2666666805744171,0.2083333432674408,0.28333336114883423,1120.0,1.0,290816,0,0,1.0,64.0,,,,,,,
achlioptas,linear,achlioptas,bipolar,none,raw,,,,shells,0,4096,64,6,30,cosine,uniform,1,32,0,0.20999999344348907,0.24166667461395264,-0.028000760823488235,0.9950119604848994,0.006,0.20000001788139343,0.20000001788139343,0.25833335518836975,117.28,1.0,115835,0,0,0.3325,64.0,,,,,,,
ternary,linear,ternary,bipolar,none,raw,,,,shells,0,4096,64,6,30,cosine,uniform,1,32,0,0.20999999344348907,0.22500000894069672,-0.02814568765461445,0.9948013205692731,0.007,0.30000001192092896,0.25,0.2083333432674408,138.73,1.0,203687,0,0,0.6676,64.0,,,,,,,
very_sparse,linear,very_sparse,bipolar,none,raw,,,,shells,0,4096,64,6,30,cosine,uniform,1,32,0,0.22999998927116394,0.2750000059604645,-0.021660421043634415,0.9937866344938768,0.005,0.30000001192092896,0.30000001192092896,0.2666666805744171,104.08,1.0,61773,0,0,0.1263,64.0,,,,,,,
count_sketch,linear,count_sketch,bipolar,none,raw,,,,shells,0,4096,64,6,30,cosine,uniform,1,32,0,0.5799999833106995,0.4583333432674408,-7.367581565631554e-05,0.8389667369489621,0.005,0.4833333492279053,0.5416666865348816,0.5,96.1,1.0,28736,0,0,0.0002,64.0,,,,,,,
srht,linear,srht,bipolar,none,raw,,,,shells,0,4096,64,6,30,cosine,uniform,1,32,0,0.10999999940395355,0.14166668057441711,-0.17659816145896912,0.8336858139109238,0.006,0.17500001192092896,0.17500001192092896,0.1666666716337204,128.0,1.0,290816,0,0,1.0,64.0,,,,,,,
hadamard_det,linear,hadamard_det,bipolar,none,raw,,,,shells,0,4096,64,6,30,cosine,uniform,1,32,0,0.14000000059604645,0.13333334028720856,-0.16782723367214203,0.8404662421584103,0.006,0.15833334624767303,0.21666668355464935,0.11666667461395264,128.0,1.0,290816,0,0,1.0,64.0,,,,,,,
orthogonal,linear,orthogonal,bipolar,none,raw,,,,shells,0,4096,64,6,30,cosine,uniform,1,32,0,0.22999998927116394,0.22500000894069672,-0.03904314339160919,0.9967132318590874,0.024,0.22500000894069672,0.19166667759418488,0.21666668355464935,1120.0,1.0,290816,0,0,1.0,64.0,,,,,,,
orth_blend,linear,orth_blend,bipolar,none,raw,,,,shells,0,4096,64,6,30,cosine,uniform,1,32,0,0.20999999344348907,0.25,-0.025314515456557274,0.9954774214869123,0.025,0.23333334922790527,0.2083333432674408,0.22500000894069672,1120.0,1.0,290816,0,0,1.0,64.0,,,,,,,
sobol,linear,sobol,bipolar,none,raw,,,,shells,0,4096,64,6,30,cosine,uniform,1,32,0,0.25,0.22500000894069672,-0.02890455164015293,0.9964963622673086,0.019,0.2666666805744171,0.23333334922790527,0.22500000894069672,1120.0,1.0,290816,0,0,1.0,64.0,,,,,,,
binary01,linear,binary01,bipolar,none,raw,,,,shells,0,4096,64,6,30,cosine,uniform,1,32,0,0.25,0.25833335518836975,-0.1637396216392517,0.4161887416140899,0.014,0.22500000894069672,0.23333334922790527,0.2666666805744171,112.0,1.0,159711,0,0,0.4999,64.0,,,,,,,
rff_b0.25,rff,rff,bipolar,none,raw,"{""bw_scale"": 0.25}",,,shells,0,4096,64,6,30,cosine,uniform,1,32,0,0.8799999952316284,0.9166666865348816,0.03058479167521,0.6296504863207254,0.005,0.8500000238418579,0.7000000476837158,0.9250000715255737,1136.0,32.0,290816,0,0,,,,,,,,,
rff_b1.0,rff,rff,bipolar,none,raw,"{""bw_scale"": 1.0}",,,shells,0,4096,64,6,30,cosine,uniform,1,32,0,0.5,0.5,-0.03034769929945469,0.6328396775639715,0.006,0.5,0.5,0.5,1136.0,32.0,290816,0,0,,,,,,,,,
rff_real_b1.0,rff,rff,real,none,raw,"{""bw_scale"": 1.0}",,,shells,0,4096,64,6,30,cosine,uniform,1,32,0,0.5,0.5,-0.030347691848874092,0.6328396775639715,0.006,0.5,0.5,0.5,1136.0,32.0,290816,0,0,,,,,,,,,
signrff_tuned,rff,rff,bipolar,none,raw,"{""bw_grid"": [0.05, 0.1, 0.25, 0.5, 1.0], ""bw_select"": ""val""}",,,shells,0,4096,64,6,30,cosine,uniform,1,32,0,0.7899999618530273,0.8416666984558105,0.03836892172694206,0.5408581576578763,0.009,0.7833333611488342,0.5833333730697632,0.8166667222976685,1136.0,32.0,290816,0,0,,,,,,,,,
fpe_phasor,fpe,fpe,bipolar,none,raw,"{""bw_scale"": 0.25}",,,shells,0,4096,64,6,30,cosine,uniform,1,32,0,0.8499999642372131,0.9416667222976685,0.02971947379410267,0.6408842395797193,0.005,0.8500000238418579,0.7083333730697632,0.9500000476837158,1232.0,32.0,319488,0,0,,,,,,,,,
fpe_b1,fpe,fpe,bipolar,none,raw,"{""bw_scale"": 0.25, ""phase_bits"": 1}",,,shells,0,4096,64,6,30,cosine,uniform,1,32,0,0.9399999976158142,0.9166666865348816,0.017608968541026115,0.009219355246960282,0.005,0.8750000596046448,0.675000011920929,0.8250000476837158,1120.5,1.0,290816,0,0,,,,,,,,,
fpe_b3,fpe,fpe,bipolar,none,raw,"{""bw_scale"": 0.25, ""phase_bits"": 3}",,,shells,0,4096,64,6,30,cosine,uniform,1,32,0,0.85999995470047,0.9250000715255737,0.028869623318314552,0.6397543678599363,0.005,0.8666667342185974,0.7083333730697632,0.9333333969116211,1217.5,1.5,319488,0,0,,,,,,,,,
nystrom_gauss,nystrom,nystrom,bipolar,none,raw,"{""kernel"": ""gaussian""}",,,shells,0,4096,64,6,30,cosine,uniform,1,32,0,0.7299999594688416,0.7250000238418579,0.02416517399251461,0.5635547967963098,0.005,0.6500000357627869,0.6083333492279053,0.7583333849906921,737.78,1.0,1907046,0,0,,,,,,,,,
nystrom_lap,nystrom,nystrom,bipolar,none,raw,"{""kernel"": ""laplacian""}",,,shells,0,4096,64,6,30,cosine,uniform,1,32,0,0.8299999833106995,0.8333333730697632,0.03791409358382225,0.8376366698547736,0.005,0.8083333969116211,0.6666666865348816,0.6666666865348816,737.78,1.0,1907046,0,0,,,,,,,,,
learned,learned,learned,bipolar,none,raw,"{""epochs"": 60}",,,shells,0,4096,64,6,30,cosine,uniform,1,32,0,0.38999998569488525,0.40833336114883423,-0.031319234520196915,0.9477045630484897,0.044,0.38333335518836975,0.3750000298023224,0.40833336114883423,1120.5,1.0,290944,0,0,,,,,,,,,
datainformed_k16,datainformed,datainformed,bipolar,none,raw,"{""K"": 16}",,,shells,0,4096,64,6,30,cosine,uniform,1,32,0,0.25999999046325684,0.2666666805744171,-0.02442951314151287,0.9946647846358837,0.06,0.25833335518836975,0.21666668355464935,0.2666666805744171,1120.0,1.0,290816,0,0,,,,,,,,,
imp_a0.5,imp,imp,bipolar,none,raw,"{""gain"": 0.5}",,,shells,0,4096,64,6,30,cosine,uniform,1,32,0,0.22999998927116394,0.25833335518836975,-0.02779434248805046,0.9943616041756943,0.007,0.25,0.2750000059604645,0.2666666805744171,1136.0,1.0,294912,0,0,,,,,,,,,
linear_real_fp32,linear,gaussian,real,none,raw,,,,shells,0,4096,64,6,30,cosine,uniform,1,32,0,0.22999998927116394,0.2083333432674408,-0.04524208977818489,0.9950147410614063,0.007,0.20000001788139343,0.2083333432674408,0.22500000894069672,1120.0,1.0,290816,0,0,1.0,64.0,,,,,,,
gaussian,linear,gaussian,bipolar,none,raw,,,,shells,1,4096,64,6,30,cosine,uniform,1,32,0,0.14999999105930328,0.19166667759418488,-0.05862058326601982,0.9952715913846106,0.008,0.20000001788139343,0.15833334624767303,0.19166667759418488,1120.0,1.0,290816,0,0,1.0,64.0,,,,,,,
rademacher,linear,rademacher,bipolar,none,raw,,,,shells,1,4096,64,6,30,cosine,uniform,1,32,0,0.1599999964237213,0.2083333432674408,-0.08867020905017853,0.9944445174604837,0.013,0.21666668355464935,0.18333333730697632,0.21666668355464935,128.0,1.0,290816,0,0,1.0,64.0,,,,,,,
uniform,linear,uniform,bipolar,none,raw,,,,shells,1,4096,64,6,30,cosine,uniform,1,32,0,0.20999999344348907,0.2083333432674408,-0.04969372972846031,0.9939346079806259,0.006,0.2083333432674408,0.15833334624767303,0.20000001788139343,1120.0,1.0,290816,0,0,1.0,64.0,,,,,,,
laplace,linear,laplace,bipolar,none,raw,,,,shells,1,4096,64,6,30,cosine,uniform,1,32,0,0.14000000059604645,0.2083333432674408,-0.07360746711492538,0.9938637777063862,0.008,0.2083333432674408,0.1666666716337204,0.20000001788139343,1120.0,1.0,290816,0,0,1.0,64.0,,,,,,,
student_t,linear,student_t,bipolar,none,raw,,,,shells,1,4096,64,6,30,cosine,uniform,1,32,0,0.22999998927116394,0.1666666716337204,-0.061394669115543365,0.9941829709260607,0.011,0.1666666716337204,0.17500001192092896,0.18333333730697632,1120.0,1.0,290816,0,0,1.0,64.0,,,,,,,
cauchy,linear,cauchy,bipolar,none,raw,,,,shells,1,4096,64,6,30,cosine,uniform,1,32,0,0.22999998927116394,0.22500000894069672,-0.048352696001529694,0.9733490878694837,0.009,0.2083333432674408,0.22500000894069672,0.23333334922790527,1120.0,1.0,290816,0,0,1.0,64.0,,,,,,,
achlioptas,linear,achlioptas,bipolar,none,raw,,,,shells,1,4096,64,6,30,cosine,uniform,1,32,0,0.25999999046325684,0.19166667759418488,-0.026037395000457764,0.9949963034459032,0.009,0.24166667461395264,0.17500001192092896,0.22500000894069672,117.35,1.0,116142,0,0,0.3337,64.0,,,,,,,
ternary,linear,ternary,bipolar,none,raw,,,,shells,1,4096,64,6,30,cosine,uniform,1,32,0,0.2199999988079071,0.18333333730697632,-0.03565877303481102,0.9950873720055925,0.016,0.20000001788139343,0.18333333730697632,0.2083333432674408,138.78,1.0,203907,0,0,0.6685,64.0,,,,,,,
very_sparse,linear,very_sparse,bipolar,none,raw,,,,shells,1,4096,64,6,30,cosine,uniform,1,32,0,0.26999998092651367,0.23333334922790527,-0.021760573610663414,0.9946448271371867,0.007,0.28333336114883423,0.2750000059604645,0.31666669249534607,104.04,1.0,61587,0,0,0.1256,64.0,,,,,,,
count_sketch,linear,count_sketch,bipolar,none,raw,,,,shells,1,4096,64,6,30,cosine,uniform,1,32,0,0.5600000023841858,0.5666667222976685,0.0001860941556515172,0.8325379441617474,0.005,0.4833333492279053,0.5583333373069763,0.5,96.1,1.0,28736,0,0,0.0002,63.0,,,,,,,
srht,linear,srht,bipolar,none,raw,,,,shells,1,4096,64,6,30,cosine,uniform,1,32,0,0.07999999821186066,0.125,-0.2143169343471527,0.851941740949486,0.007,0.14166668057441711,0.15833334624767303,0.125,128.0,1.0,290816,0,0,1.0,64.0,,,,,,,
hadamard_det,linear,hadamard_det,bipolar,none,raw,,,,shells,1,4096,64,6,30,cosine,uniform,1,32,0,0.14000000059604645,0.07500000298023224,-0.1966100037097931,0.8417104564759498,0.006,0.1666666716337204,0.10833334177732468,0.07500000298023224,128.0,1.0,290816,0,0,1.0,64.0,,,,,,,
orthogonal,linear,orthogonal,bipolar,none,raw,,,,shells,1,4096,64,6,30,cosine,uniform,1,32,0,0.1599999964237213,0.17500001192092896,-0.0432359017431736,0.9968743739073188,0.019,0.2083333432674408,0.18333333730697632,0.19166667759418488,1120.0,1.0,290816,0,0,1.0,64.0,,,,,,,
orth_blend,linear,orth_blend,bipolar,none,raw,,,,shells,1,4096,64,6,30,cosine,uniform,1,32,0,0.19999998807907104,0.15000000596046448,-0.05942434072494507,0.995516987841793,0.024,0.15833334624767303,0.18333333730697632,0.1666666716337204,1120.0,1.0,290816,0,0,1.0,64.0,,,,,,,
sobol,linear,sobol,bipolar,none,raw,,,,shells,1,4096,64,6,30,cosine,uniform,1,32,0,0.25,0.20000001788139343,-0.030861029401421547,0.9964644248781865,0.028,0.21666668355464935,0.20000001788139343,0.19166667759418488,1120.0,1.0,290816,0,0,1.0,64.0,,,,,,,
binary01,linear,binary01,bipolar,none,raw,,,,shells,1,4096,64,6,30,cosine,uniform,1,32,0,0.17999999225139618,0.2083333432674408,-0.14735047519207,0.5102159618390039,0.014,0.22500000894069672,0.25833335518836975,0.22500000894069672,112.0,1.0,159782,0,0,0.5001,64.0,,,,,,,
rff_b0.25,rff,rff,bipolar,none,raw,"{""bw_scale"": 0.25}",,,shells,1,4096,64,6,30,cosine,uniform,1,32,0,0.9199999570846558,0.8500000238418579,0.02480844035744667,0.6471168593329529,0.011,0.8250000476837158,0.6250000596046448,0.7666667103767395,1136.0,32.0,290816,0,0,,,,,,,,,
rff_b1.0,rff,rff,bipolar,none,raw,"{""bw_scale"": 1.0}",,,shells,1,4096,64,6,30,cosine,uniform,1,32,0,0.5299999713897705,0.5166667103767395,0.016924548894166946,0.6450231705446656,0.014,0.5250000357627869,0.550000011920929,0.5833333730697632,1136.0,32.0,290816,0,0,,,,,,,,,
rff_real_b1.0,rff,rff,real,none,raw,"{""bw_scale"": 1.0}",,,shells,1,4096,64,6,30,cosine,uniform,1,32,0,0.5299999713897705,0.5166667103767395,0.016924545168876648,0.6450231705446656,0.007,0.5250000357627869,0.550000011920929,0.5833333730697632,1136.0,32.0,290816,0,0,,,,,,,,,
signrff_tuned,rff,rff,bipolar,none,raw,"{""bw_grid"": [0.05, 0.1, 0.25, 0.5, 1.0], ""bw_select"": ""val""}",,,shells,1,4096,64,6,30,cosine,uniform,1,32,0,0.9199999570846558,0.8500000238418579,0.02480844408273697,0.6471168593329529,0.01,0.8250000476837158,0.6250000596046448,0.7666667103767395,1136.0,32.0,290816,0,0,,,,,,,,,
fpe_phasor,fpe,fpe,bipolar,none,raw,"{""bw_scale"": 0.25}",,,shells,1,4096,64,6,30,cosine,uniform,1,32,0,0.8999999761581421,0.8500000238418579,0.026179227977991104,0.6492220364921065,0.005,0.8333333730697632,0.6666666865348816,0.8666667342185974,1232.0,32.0,319488,0,0,,,,,,,,,
fpe_b1,fpe,fpe,bipolar,none,raw,"{""bw_scale"": 0.25, ""phase_bits"": 1}",,,shells,1,4096,64,6,30,cosine,uniform,1,32,0,0.9099999666213989,0.8916667103767395,0.017598319798707962,0.005992019956454802,0.005,0.8333333730697632,0.6500000357627869,0.7250000238418579,1120.5,1.0,290816,0,0,,,,,,,,,
fpe_b3,fpe,fpe,bipolar,none,raw,"{""bw_scale"": 0.25, ""phase_bits"": 3}",,,shells,1,4096,64,6,30,cosine,uniform,1,32,0,0.8899999856948853,0.8666667342185974,0.024951670318841934,0.648975923292296,0.005,0.8416666984558105,0.6250000596046448,0.8333333730697632,1217.5,1.5,319488,0,0,,,,,,,,,
nystrom_gauss,nystrom,nystrom,bipolar,none,raw,"{""kernel"": ""gaussian""}",,,shells,1,4096,64,6,30,cosine,uniform,1,32,0,0.7199999690055847,0.7000000476837158,0.024981917813420296,0.5844101249997661,0.005,0.6333333849906921,0.6416667103767395,0.5583333373069763,741.19,1.0,1911148,0,0,,,,,,,,,
nystrom_lap,nystrom,nystrom,bipolar,none,raw,"{""kernel"": ""laplacian""}",,,shells,1,4096,64,6,30,cosine,uniform,1,32,0,0.8499999642372131,0.7333333492279053,0.0300090741366148,0.8429165124161758,0.005,0.675000011920929,0.6166666746139526,0.7333333492279053,741.19,1.0,1911148,0,0,,,,,,,,,
learned,learned,learned,bipolar,none,raw,"{""epochs"": 60}",,,shells,1,4096,64,6,30,cosine,uniform,1,32,0,0.3100000023841858,0.3333333432674408,-0.04718240723013878,0.9293276010629308,0.058,0.36666667461395264,0.3500000238418579,0.32500001788139343,1120.5,1.0,290944,0,0,,,,,,,,,
datainformed_k16,datainformed,datainformed,bipolar,none,raw,"{""K"": 16}",,,shells,1,4096,64,6,30,cosine,uniform,1,32,0,0.17999999225139618,0.21666668355464935,-0.1326570063829422,0.9950744378750355,0.065,0.19166667759418488,0.19166667759418488,0.17500001192092896,1120.0,1.0,290816,0,0,,,,,,,,,
imp_a0.5,imp,imp,bipolar,none,raw,"{""gain"": 0.5}",,,shells,1,4096,64,6,30,cosine,uniform,1,32,0,0.22999998927116394,0.23333334922790527,-0.028883781284093857,0.994408934862915,0.014,0.24166667461395264,0.2750000059604645,0.24166667461395264,1136.0,1.0,294912,0,0,,,,,,,,,
linear_real_fp32,linear,gaussian,real,none,raw,,,,shells,1,4096,64,6,30,cosine,uniform,1,32,0,0.14999999105930328,0.19166667759418488,-0.05862058326601982,0.9952715913846106,0.015,0.20000001788139343,0.15833334624767303,0.19166667759418488,1120.0,1.0,290816,0,0,1.0,64.0,,,,,,,
gaussian,linear,gaussian,bipolar,none,raw,,,,shells,2,4096,64,6,30,cosine,uniform,1,32,0,0.2673267424106598,0.24793387949466705,-0.044040292501449585,0.9950261850548074,0.008,0.21487602591514587,0.22314049303531647,0.20661155879497528,1120.0,1.0,290816,0,0,1.0,64.0,,,,,,,
rademacher,linear,rademacher,bipolar,none,raw,,,,shells,2,4096,64,6,30,cosine,uniform,1,32,0,0.2970297038555145,0.23966941237449646,-0.030277300626039505,0.9943979544469559,0.007,0.22314049303531647,0.23140494525432587,0.23966941237449646,128.0,1.0,290816,0,0,1.0,64.0,,,,,,,
uniform,linear,uniform,bipolar,none,raw,,,,shells,2,4096,64,6,30,cosine,uniform,1,32,0,0.2772277295589447,0.1818181723356247,-0.031286414712667465,0.9947822985730896,0.006,0.1818181723356247,0.23140494525432587,0.24793387949466705,1120.0,1.0,290816,0,0,1.0,64.0,,,,,,,
laplace,linear,laplace,bipolar,none,raw,,,,shells,2,4096,64,6,30,cosine,uniform,1,32,0,0.2871287167072296,0.28099173307418823,-0.028011811897158623,0.9946549944629456,0.008,0.21487602591514587,0.24793387949466705,0.26446279883384705,1120.0,1.0,290816,0,0,1.0,64.0,,,,,,,
student_t,linear,student_t,bipolar,none,raw,,,,shells,2,4096,64,6,30,cosine,uniform,1,32,0,0.23762375116348267,0.1983470916748047,-0.037211861461400986,0.9949038311829072,0.019,0.1818181723356247,0.23966941237449646,0.20661155879497528,1120.0,1.0,290816,0,0,1.0,64.0,,,,,,,
cauchy,linear,cauchy,bipolar,none,raw,,,,shells,2,4096,64,6,30,cosine,uniform,1,32,0,0.14851485192775726,0.13223139941692352,-0.07120097428560257,0.9764002331061158,0.009,0.1818181723356247,0.1735537052154541,0.14876031875610352,1120.0,1.0,290816,0,0,1.0,64.0,,,,,,,
achlioptas,linear,achlioptas,bipolar,none,raw,,,,shells,2,4096,64,6,30,cosine,uniform,1,32,0,0.30693069100379944,0.20661155879497528,-0.030533820390701294,0.9944821766728229,0.006,0.1983470916748047,0.23966941237449646,0.1983470916748047,117.43,1.0,116458,0,0,0.3349,64.0,,,,,,,
ternary,linear,ternary,bipolar,none,raw,,,,shells,2,4096,64,6,30,cosine,uniform,1,32,0,0.24752475321292877,0.20661155879497528,-0.03193287551403046,0.9947801294961552,0.006,0.22314049303531647,0.23966941237449646,0.1900826394557953,138.68,1.0,203496,0,0,0.6669,64.0,,,,,,,
very_sparse,linear,very_sparse,bipolar,none,raw,,,,shells,2,4096,64,6,30,cosine,uniform,1,32,0,0.23762375116348267,0.23140494525432587,-0.05432877317070961,0.9942839726811704,0.006,0.22314049303531647,0.1983470916748047,0.22314049303531647,103.95,1.0,61230,0,0,0.1242,64.0,,,,,,,
count_sketch,linear,count_sketch,bipolar,none,raw,,,,shells,2,4096,64,6,30,cosine,uniform,1,32,0,0.5247524380683899,0.42975205183029175,-0.0001334400149062276,0.8449680546495223,0.005,0.4876032769680023,0.42148759961128235,0.46280989050865173,96.1,1.0,28736,0,0,0.0002,64.0,,,,,,,
srht,linear,srht,bipolar,none,raw,,,,shells,2,4096,64,6,30,cosine,uniform,1,32,0,0.178217813372612,0.1900826394557953,-0.16712087392807007,0.8453082710658465,0.006,0.1570247858762741,0.22314049303531647,0.20661155879497528,128.0,1.0,290816,0,0,1.0,64.0,,,,,,,
hadamard_det,linear,hadamard_det,bipolar,none,raw,,,,shells,2,4096,64,6,30,cosine,uniform,1,32,0,0.15841583907604218,0.10743801295757294,-0.19533269107341766,0.8341558133151716,0.006,0.14876031875610352,0.13223139941692352,0.11570247262716293,128.0,1.0,290816,0,0,1.0,64.0,,,,,,,
orthogonal,linear,orthogonal,bipolar,none,raw,,,,shells,2,4096,64,6,30,cosine,uniform,1,32,0,0.2574257254600525,0.1900826394557953,-0.04521308094263077,0.9968824566534067,0.018,0.22314049303531647,0.23140494525432587,0.20661155879497528,1120.0,1.0,290816,0,0,1.0,64.0,,,,,,,
orth_blend,linear,orth_blend,bipolar,none,raw,,,,shells,2,4096,64,6,30,cosine,uniform,1,32,0,0.2574257254600525,0.21487602591514587,-0.03120710887014866,0.9951364338552205,0.025,0.1900826394557953,0.21487602591514587,0.24793387949466705,1120.0,1.0,290816,0,0,1.0,64.0,,,,,,,
sobol,linear,sobol,bipolar,none,raw,,,,shells,2,4096,64,6,30,cosine,uniform,1,32,0,0.23762375116348267,0.1983470916748047,-0.02994457818567753,0.9966829225332487,0.018,0.21487602591514587,0.22314049303531647,0.1900826394557953,1120.0,1.0,290816,0,0,1.0,64.0,,,,,,,
binary01,linear,binary01,bipolar,none,raw,,,,shells,2,4096,64,6,30,cosine,uniform,1,32,0,0.029702968895435333,0.03305784985423088,-0.3987632691860199,0.4337426579527926,0.012,0.024793386459350586,0.09917354583740234,0.03305784985423088,112.03,1.0,160012,0,0,0.501,64.0,,,,,,,
rff_b0.25,rff,rff,bipolar,none,raw,"{""bw_scale"": 0.25}",,,shells,2,4096,64,6,30,cosine,uniform,1,32,0,0.8910890817642212,0.8760330080986023,0.02147769369184971,0.6698223621890975,0.005,0.8512396216392517,0.6859503984451294,0.8429751992225647,1136.0,32.0,290816,0,0,,,,,,,,,
rff_b1.0,rff,rff,bipolar,none,raw,"{""bw_scale"": 1.0}",,,shells,2,4096,64,6,30,cosine,uniform,1,32,0,0.49504950642585754,0.4958677589893341,-0.03891053423285484,0.6711812386470718,0.006,0.4958677589893341,0.4958677589893341,0.4958677589893341,1136.0,32.0,290816,0,0,,,,,,,,,
rff_real_b1.0,rff,rff,real,none,raw,"{""bw_scale"": 1.0}",,,shells,2,4096,64,6,30,cosine,uniform,1,32,0,0.49504950642585754,0.4958677589893341,-0.03891053423285484,0.6711812386470718,0.006,0.4958677589893341,0.4958677589893341,0.4958677589893341,1136.0,32.0,290816,0,0,,,,,,,,,
signrff_tuned,rff,rff,bipolar,none,raw,"{""bw_grid"": [0.05, 0.1, 0.25, 0.5, 1.0], ""bw_select"": ""val""}",,,shells,2,4096,64,6,30,cosine,uniform,1,32,0,0.801980197429657,0.8512396216392517,0.030652591958642006,0.5695376312570493,0.009,0.7933883666992188,0.6033057570457458,0.8181818127632141,1136.0,32.0,290816,0,0,,,,,,,,,
fpe_phasor,fpe,fpe,bipolar,none,raw,"{""bw_scale"": 0.25}",,,shells,2,4096,64,6,30,cosine,uniform,1,32,0,0.8613861203193665,0.8264462351799011,0.020491981878876686,0.6759453951319376,0.005,0.8677685856819153,0.6776859164237976,0.8181818127632141,1232.0,32.0,319488,0,0,,,,,,,,,
fpe_b1,fpe,fpe,bipolar,none,raw,"{""bw_scale"": 0.25, ""phase_bits"": 1}",,,shells,2,4096,64,6,30,cosine,uniform,1,32,0,0.9009900689125061,0.8842974901199341,0.014898153021931648,-0.0077730745226136265,0.005,0.8842974901199341,0.6776859164237976,0.8429751992225647,1120.5,1.0,290816,0,0,,,,,,,,,
fpe_b3,fpe,fpe,bipolar,none,raw,"{""bw_scale"": 0.25, ""phase_bits"": 3}",,,shells,2,4096,64,6,30,cosine,uniform,1,32,0,0.8712871074676514,0.8429751992225647,0.020176513120532036,0.6749127731778363,0.005,0.8595041036605835,0.6776859164237976,0.8264462351799011,1217.5,1.5,319488,0,0,,,,,,,,,
nystrom_gauss,nystrom,nystrom,bipolar,none,raw,"{""kernel"": ""gaussian""}",,,shells,2,4096,64,6,30,cosine,uniform,1,32,0,0.7326732277870178,0.6776859164237976,0.02425227127969265,0.5515746991858369,0.005,0.6033057570457458,0.6280991435050964,0.6776859164237976,744.61,1.0,1915250,0,0,,,,,,,,,
nystrom_lap,nystrom,nystrom,bipolar,none,raw,"{""kernel"": ""laplacian""}",,,shells,2,4096,64,6,30,cosine,uniform,1,32,0,0.8118811845779419,0.8016528487205505,0.02659056894481182,0.8486384098364446,0.005,0.71074378490448,0.6033057570457458,0.6611570119857788,744.61,1.0,1915250,0,0,,,,,,,,,
learned,learned,learned,bipolar,none,raw,"{""epochs"": 60}",,,shells,2,4096,64,6,30,cosine,uniform,1,32,0,0.40594059228897095,0.44628098607063293,-0.03773193061351776,0.9332814636545068,0.039,0.35537189245224,0.3636363446712494,0.42148759961128235,1120.5,1.0,290944,0,0,,,,,,,,,
datainformed_k16,datainformed,datainformed,bipolar,none,raw,"{""K"": 16}",,,shells,2,4096,64,6,30,cosine,uniform,1,32,0,0.2574257254600525,0.1983470916748047,-0.048981476575136185,0.9949552686670435,0.044,0.14049586653709412,0.23140494525432587,0.1735537052154541,1120.0,1.0,290816,0,0,,,,,,,,,
imp_a0.5,imp,imp,bipolar,none,raw,"{""gain"": 0.5}",,,shells,2,4096,64,6,30,cosine,uniform,1,32,0,0.2673267424106598,0.28925618529319763,-0.030706945806741714,0.9941210898451676,0.014,0.28099173307418823,0.24793387949466705,0.28925618529319763,1136.0,1.0,294912,0,0,,,,,,,,,
linear_real_fp32,linear,gaussian,real,none,raw,,,,shells,2,4096,64,6,30,cosine,uniform,1,32,0,0.2673267424106598,0.24793387949466705,-0.044040292501449585,0.9950261850548074,0.007,0.21487602591514587,0.22314049303531647,0.20661155879497528,1120.0,1.0,290816,0,0,1.0,64.0,,,,,,,
gaussian,linear,gaussian,bipolar,none,raw,,,,heavy_tail,0,4096,64,30,30,cosine,uniform,1,32,0,0.9491667151451111,0.949999988079071,0.18894673883914948,0.9787859686617021,0.024,0.934666633605957,0.9139999747276306,0.949999988079071,1504.0,1.0,389120,0,0,1.0,64.0,,,,,,,
rademacher,linear,rademacher,bipolar,none,raw,,,,heavy_tail,0,4096,64,30,30,cosine,uniform,1,32,0,0.8916667103767395,0.8819999694824219,0.1391783058643341,0.9584412808269672,0.027,0.8740000128746033,0.8366666436195374,0.8806666731834412,512.0,1.0,389120,0,0,1.0,64.0,,,,,,,
uniform,linear,uniform,bipolar,none,raw,,,,heavy_tail,0,4096,64,30,30,cosine,uniform,1,32,0,0.9291666746139526,0.9293333292007446,0.1743840128183365,0.9765339628582487,0.016,0.9193333387374878,0.8859999775886536,0.9306666851043701,1504.0,1.0,389120,0,0,1.0,64.0,,,,,,,
laplace,linear,laplace,bipolar,none,raw,,,,heavy_tail,0,4096,64,30,30,cosine,uniform,1,32,0,0.9658333659172058,0.9693333506584167,0.20795384049415588,0.9761428863813556,0.017,0.9526666402816772,0.9393333196640015,0.9693333506584167,1504.0,1.0,389120,0,0,1.0,64.0,,,,,,,
student_t,linear,student_t,bipolar,none,raw,,,,heavy_tail,0,4096,64,30,30,cosine,uniform,1,32,0,0.9775000214576721,0.9746666550636292,0.2194339781999588,0.9728849859615135,0.02,0.9559999704360962,0.9493333101272583,0.9766666293144226,1504.0,1.0,389120,0,0,1.0,64.0,,,,,,,
cauchy,linear,cauchy,bipolar,none,raw,,,,heavy_tail,0,4096,64,30,30,cosine,uniform,1,32,0,0.9983333349227905,0.9953333139419556,0.2968461811542511,0.8338252447895205,0.017,0.9913333058357239,0.9886666536331177,0.9953333139419556,1504.0,1.0,389120,0,0,1.0,64.0,,,,,,,
achlioptas,linear,achlioptas,bipolar,none,raw,,,,heavy_tail,0,4096,64,30,30,cosine,uniform,1,32,0,0.96833336353302,0.9706666469573975,0.21112178266048431,0.9734515852372606,0.016,0.9593333005905151,0.9440000057220459,0.9699999690055847,501.28,1.0,214139,0,0,0.3325,64.0,,,,,,,
ternary,linear,ternary,bipolar,none,raw,,,,heavy_tail,0,4096,64,30,30,cosine,uniform,1,32,0,0.9258333444595337,0.9319999814033508,0.17141373455524445,0.9747867496226525,0.017,0.9213333129882812,0.8833333253860474,0.9279999732971191,522.73,1.0,301991,0,0,0.6676,64.0,,,,,,,
very_sparse,linear,very_sparse,bipolar,none,raw,,,,heavy_tail,0,4096,64,30,30,cosine,uniform,1,32,0,0.9950000047683716,0.9933333396911621,0.2616337537765503,0.917212542010255,0.015,0.9879999756813049,0.9826666712760925,0.9926666617393494,488.08,1.0,160077,0,0,0.1263,64.0,,,,,,,
count_sketch,linear,count_sketch,bipolar,none,raw,,,,heavy_tail,0,4096,64,30,30,cosine,uniform,1,32,0,0.9950000047683716,0.9919999837875366,0.002725469646975398,0.48347654648283683,0.014,0.9693333506584167,0.9393333196640015,0.12266666442155838,480.1,1.0,127040,0,0,0.0002,64.0,,,,,,,
srht,linear,srht,bipolar,none,raw,,,,heavy_tail,0,4096,64,30,30,cosine,uniform,1,32,0,0.7233333587646484,0.7360000014305115,0.0770777091383934,0.6302019293685828,0.019,0.7093333005905151,0.6653333306312561,0.7393333315849304,512.0,1.0,389120,0,0,1.0,64.0,,,,,,,
hadamard_det,linear,hadamard_det,bipolar,none,raw,,,,heavy_tail,0,4096,64,30,30,cosine,uniform,1,32,0,0.7316666841506958,0.7366666793823242,0.07769683003425598,0.6329513126632645,0.019,0.6833333373069763,0.6399999856948853,0.7360000014305115,512.0,1.0,389120,0,0,1.0,64.0,,,,,,,
orthogonal,linear,orthogonal,bipolar,none,raw,,,,heavy_tail,0,4096,64,30,30,cosine,uniform,1,32,0,0.9516667127609253,0.9566666483879089,0.19124463200569153,0.9869914730298667,0.037,0.9393333196640015,0.9166666865348816,0.9546666741371155,1504.0,1.0,389120,0,0,1.0,64.0,,,,,,,
orth_blend,linear,orth_blend,bipolar,none,raw,,,,heavy_tail,0,4096,64,30,30,cosine,uniform,1,32,0,0.9516667127609253,0.9539999961853027,0.1897042691707611,0.9804117970380756,0.048,0.9340000152587891,0.9139999747276306,0.9566666483879089,1504.0,1.0,389120,0,0,1.0,64.0,,,,,,,
sobol,linear,sobol,bipolar,none,raw,,,,heavy_tail,0,4096,64,30,30,cosine,uniform,1,32,0,0.9491667151451111,0.949999988079071,0.1907738894224167,0.9870053785455146,0.024,0.9393333196640015,0.9153333306312561,0.9513333439826965,1504.0,1.0,389120,0,0,1.0,64.0,,,,,,,
binary01,linear,binary01,bipolar,none,raw,,,,heavy_tail,0,4096,64,30,30,cosine,uniform,1,32,0,0.51583331823349,0.5306666493415833,-0.05128128081560135,0.261747503064231,0.023,0.5080000162124634,0.47066664695739746,0.5246666669845581,496.0,1.0,258015,0,0,0.4999,64.0,,,,,,,
rff_b0.25,rff,rff,bipolar,none,raw,"{""bw_scale"": 0.25}",,,heavy_tail,0,4096,64,30,30,cosine,uniform,1,32,0,0.6974999904632568,0.7086666822433472,0.05558505281805992,0.14331468819954682,0.032,0.6673333048820496,0.7306666374206543,0.687333345413208,1520.0,32.0,389120,0,0,,,,,,,,,
rff_b1.0,rff,rff,bipolar,none,raw,"{""bw_scale"": 1.0}",,,heavy_tail,0,4096,64,30,30,cosine,uniform,1,32,0,0.9333333373069763,0.9419999718666077,0.08032117784023285,0.23601150680537786,0.033,0.9293333292007446,0.9013333320617676,0.9359999895095825,1520.0,32.0,389120,0,0,,,,,,,,,
rff_real_b1.0,rff,rff,real,none,raw,"{""bw_scale"": 1.0}",,,heavy_tail,0,4096,64,30,30,cosine,uniform,1,32,0,0.9333333373069763,0.9419999718666077,0.08032117784023285,0.23601150680537786,0.034,0.9293333292007446,0.9013333320617676,0.9359999895095825,1520.0,32.0,389120,0,0,,,,,,,,,
signrff_tuned,rff,rff,bipolar,none,raw,"{""bw_grid"": [0.05, 0.1, 0.25, 0.5, 1.0], ""bw_select"": ""val""}",,,heavy_tail,0,4096,64,30,30,cosine,uniform,1,32,0,0.9333333373069763,0.9419999718666077,0.08032118529081345,0.23601150680537786,0.043,0.9293333292007446,0.9013333320617676,0.9359999895095825,1520.0,32.0,389120,0,0,,,,,,,,,
fpe_phasor,fpe,fpe,bipolar,none,raw,"{""bw_scale"": 0.25}",,,heavy_tail,0,4096,64,30,30,cosine,uniform,1,32,0,0.737500011920929,0.7593333125114441,0.06214463338255882,0.16176341735231414,0.04,0.7206666469573975,0.7693333029747009,0.7419999837875366,2000.0,32.0,516096,0,0,,,,,,,,,
fpe_b1,fpe,fpe,bipolar,none,raw,"{""bw_scale"": 0.25, ""phase_bits"": 1}",,,heavy_tail,0,4096,64,30,30,cosine,uniform,1,32,0,0.6349999904632568,0.656000018119812,0.026578839868307114,0.013264990479049185,0.036,0.6033333539962769,0.6226666569709778,0.6159999966621399,1504.5,1.0,389120,0,0,,,,,,,,,
fpe_b3,fpe,fpe,bipolar,none,raw,"{""bw_scale"": 0.25, ""phase_bits"": 3}",,,heavy_tail,0,4096,64,30,30,cosine,uniform,1,32,0,0.7333333492279053,0.7513332962989807,0.059791237115859985,0.15952350527311804,0.041,0.7146666646003723,0.7726666331291199,0.734666645526886,1985.5,1.5,516096,0,0,,,,,,,,,
nystrom_gauss,nystrom,nystrom,bipolar,none,raw,"{""kernel"": ""gaussian""}",,,heavy_tail,0,4096,64,30,30,cosine,uniform,1,32,0,0.8366667032241821,0.8493333458900452,0.02649534121155739,0.3625719934583077,0.217,0.8106666803359985,0.7693333029747009,0.8086666464805603,67040.0,1.0,17162240,0,0,,,,,,,,,
nystrom_lap,nystrom,nystrom,bipolar,none,raw,"{""kernel"": ""laplacian""}",,,heavy_tail,0,4096,64,30,30,cosine,uniform,1,32,0,0.9941666722297668,0.9900000095367432,0.09331964701414108,0.6027321519920746,0.253,0.9733332991600037,0.9739999771118164,0.9853333234786987,67040.0,1.0,17162240,0,0,,,,,,,,,
learned,learned,learned,bipolar,none,raw,"{""epochs"": 60}",,,heavy_tail,0,4096,64,30,30,cosine,uniform,1,32,0,0.9900000095367432,0.981333315372467,0.3292295038700104,0.7674807958477283,0.283,0.9699999690055847,0.9613333344459534,0.9800000190734863,1504.5,1.0,389248,0,0,,,,,,,,,
datainformed_k16,datainformed,datainformed,bipolar,none,raw,"{""K"": 16}",,,heavy_tail,0,4096,64,30,30,cosine,uniform,1,32,0,0.9483333826065063,0.9526666402816772,0.1898331344127655,0.9787903759953465,0.062,0.937999963760376,0.9160000085830688,0.9539999961853027,1504.0,1.0,389120,0,0,,,,,,,,,
imp_a0.5,imp,imp,bipolar,none,raw,"{""gain"": 0.5}",,,heavy_tail,0,4096,64,30,30,cosine,uniform,1,32,0,0.95250004529953,0.949999988079071,0.1878431737422943,0.9713219607439303,0.017,0.9340000152587891,0.9073333144187927,0.9473333358764648,1520.0,1.0,393216,0,0,,,,,,,,,
linear_real_fp32,linear,gaussian,real,none,raw,,,,heavy_tail,0,4096,64,30,30,cosine,uniform,1,32,0,0.9491667151451111,0.949999988079071,0.18894673883914948,0.9787859686617021,0.017,0.934666633605957,0.9139999747276306,0.949999988079071,1504.0,1.0,389120,0,0,1.0,64.0,,,,,,,
gaussian,linear,gaussian,bipolar,none,raw,,,,heavy_tail,1,4096,64,30,30,cosine,uniform,1,32,0,0.9491667151451111,0.9526666402816772,0.19288451969623566,0.9787654116563916,0.017,0.9440000057220459,0.9206666350364685,0.9513333439826965,1504.0,1.0,389120,0,0,1.0,64.0,,,,,,,
rademacher,linear,rademacher,bipolar,none,raw,,,,heavy_tail,1,4096,64,30,30,cosine,uniform,1,32,0,0.8891667127609253,0.9013333320617676,0.14543655514717102,0.9634592797109937,0.018,0.890666663646698,0.8466666340827942,0.8926666378974915,512.0,1.0,389120,0,0,1.0,64.0,,,,,,,
uniform,linear,uniform,bipolar,none,raw,,,,heavy_tail,1,4096,64,30,30,cosine,uniform,1,32,0,0.9283333420753479,0.9306666851043701,0.17914624512195587,0.9762563380509591,0.017,0.9253333210945129,0.8986666798591614,0.9300000071525574,1504.0,1.0,389120,0,0,1.0,64.0,,,,,,,
laplace,linear,laplace,bipolar,none,raw,,,,heavy_tail,1,4096,64,30,30,cosine,uniform,1,32,0,0.9600000381469727,0.972000002861023,0.2093716263771057,0.976401904829588,0.018,0.9633333086967468,0.9506666660308838,0.9679999947547913,1504.0,1.0,389120,0,0,1.0,64.0,,,,,,,
student_t,linear,student_t,bipolar,none,raw,,,,heavy_tail,1,4096,64,30,30,cosine,uniform,1,32,0,0.9666666984558105,0.9746666550636292,0.2197331041097641,0.9728393281108507,0.02,0.9713333249092102,0.9539999961853027,0.9753333330154419,1504.0,1.0,389120,0,0,1.0,64.0,,,,,,,
cauchy,linear,cauchy,bipolar,none,raw,,,,heavy_tail,1,4096,64,30,30,cosine,uniform,1,32,0,0.9983333349227905,0.9979999661445618,0.29245465993881226,0.8365106831399407,0.017,0.9913333058357239,0.9900000095367432,0.9986666440963745,1504.0,1.0,389120,0,0,1.0,64.0,,,,,,,
achlioptas,linear,achlioptas,bipolar,none,raw,,,,heavy_tail,1,4096,64,30,30,cosine,uniform,1,32,0,0.971666693687439,0.9693333506584167,0.20829300582408905,0.9726662546013922,0.015,0.9599999785423279,0.9419999718666077,0.9679999947547913,501.35,1.0,214446,0,0,0.3337,64.0,,,,,,,
ternary,linear,ternary,bipolar,none,raw,,,,heavy_tail,1,4096,64,30,30,cosine,uniform,1,32,0,0.9241666793823242,0.9319999814033508,0.1765226274728775,0.9761271235591542,0.017,0.9279999732971191,0.9013333320617676,0.9326666593551636,522.78,1.0,302211,0,0,0.6685,64.0,,,,,,,
very_sparse,linear,very_sparse,bipolar,none,raw,,,,heavy_tail,1,4096,64,30,30,cosine,uniform,1,32,0,0.9916666746139526,0.9953333139419556,0.2600266933441162,0.9195995124499574,0.015,0.9866666793823242,0.9860000014305115,0.9953333139419556,488.04,1.0,159891,0,0,0.1256,64.0,,,,,,,
count_sketch,linear,count_sketch,bipolar,none,raw,,,,heavy_tail,1,4096,64,30,30,cosine,uniform,1,32,0,0.9950000047683716,0.9940000176429749,0.0026595578528940678,0.49058800785750684,0.014,0.9699999690055847,0.9506666660308838,0.09733333438634872,480.1,1.0,127040,0,0,0.0002,63.0,,,,,,,
srht,linear,srht,bipolar,none,raw,,,,heavy_tail,1,4096,64,30,30,cosine,uniform,1,32,0,0.75,0.753333330154419,0.07739799469709396,0.6293145022315498,0.019,0.70333331823349,0.6779999732971191,0.746666669845581,512.0,1.0,389120,0,0,1.0,64.0,,,,,,,
hadamard_det,linear,hadamard_det,bipolar,none,raw,,,,heavy_tail,1,4096,64,30,30,cosine,uniform,1,32,0,0.7383333444595337,0.7580000162124634,0.09017780423164368,0.6402971778124615,0.018,0.7353333234786987,0.6586666703224182,0.7559999823570251,512.0,1.0,389120,0,0,1.0,64.0,,,,,,,
orthogonal,linear,orthogonal,bipolar,none,raw,,,,heavy_tail,1,4096,64,30,30,cosine,uniform,1,32,0,0.9450000524520874,0.95333331823349,0.193916454911232,0.9871260904090206,0.044,0.9466666579246521,0.9213333129882812,0.949999988079071,1504.0,1.0,389120,0,0,1.0,64.0,,,,,,,
orth_blend,linear,orth_blend,bipolar,none,raw,,,,heavy_tail,1,4096,64,30,30,cosine,uniform,1,32,0,0.9466667175292969,0.9519999623298645,0.19390752911567688,0.9804442980384678,0.047,0.9493333101272583,0.9213333129882812,0.9506666660308838,1504.0,1.0,389120,0,0,1.0,64.0,,,,,,,
sobol,linear,sobol,bipolar,none,raw,,,,heavy_tail,1,4096,64,30,30,cosine,uniform,1,32,0,0.9491667151451111,0.9526666402816772,0.192917600274086,0.9867157325191045,0.025,0.9459999799728394,0.9206666350364685,0.9506666660308838,1504.0,1.0,389120,0,0,1.0,64.0,,,,,,,
binary01,linear,binary01,bipolar,none,raw,,,,heavy_tail,1,4096,64,30,30,cosine,uniform,1,32,0,0.5550000071525574,0.5786666870117188,-0.014063837938010693,0.2931246712693662,0.022,0.5460000038146973,0.5180000066757202,0.5693333148956299,496.0,1.0,258086,0,0,0.5001,64.0,,,,,,,
rff_b0.25,rff,rff,bipolar,none,raw,"{""bw_scale"": 0.25}",,,heavy_tail,1,4096,64,30,30,cosine,uniform,1,32,0,0.7108333706855774,0.7113333344459534,0.057660847902297974,0.13438016449490717,0.034,0.6700000166893005,0.7493333220481873,0.6866666674613953,1520.0,32.0,389120,0,0,,,,,,,,,
rff_b1.0,rff,rff,bipolar,none,raw,"{""bw_scale"": 1.0}",,,heavy_tail,1,4096,64,30,30,cosine,uniform,1,32,0,0.9350000023841858,0.9273332953453064,0.08119246363639832,0.24381407612502737,0.035,0.9146666526794434,0.90666663646698,0.921999990940094,1520.0,32.0,389120,0,0,,,,,,,,,
rff_real_b1.0,rff,rff,real,none,raw,"{""bw_scale"": 1.0}",,,heavy_tail,1,4096,64,30,30,cosine,uniform,1,32,0,0.9350000023841858,0.9273332953453064,0.08119246363639832,0.24381407612502737,0.035,0.9146666526794434,0.90666663646698,0.921999990940094,1520.0,32.0,389120,0,0,,,,,,,,,
signrff_tuned,rff,rff,bipolar,none,raw,"{""bw_grid"": [0.05, 0.1, 0.25, 0.5, 1.0], ""bw_select"": ""val""}",,,heavy_tail,1,4096,64,30,30,cosine,uniform,1,32,0,0.9350000023841858,0.9273332953453064,0.08119247108697891,0.24381407612502737,0.041,0.9146666526794434,0.90666663646698,0.921999990940094,1520.0,32.0,389120,0,0,,,,,,,,,
fpe_phasor,fpe,fpe,bipolar,none,raw,"{""bw_scale"": 0.25}",,,heavy_tail,1,4096,64,30,30,cosine,uniform,1,32,0,0.7450000047683716,0.7526666522026062,0.0634724348783493,0.15492538347046397,0.043,0.7173333168029785,0.7759999632835388,0.7353333234786987,2000.0,32.0,516096,0,0,,,,,,,,,
fpe_b1,fpe,fpe,bipolar,none,raw,"{""bw_scale"": 0.25, ""phase_bits"": 1}",,,heavy_tail,1,4096,64,30,30,cosine,uniform,1,32,0,0.6541666984558105,0.6526666879653931,0.027748461812734604,0.006415733200874784,0.035,0.5953333377838135,0.628000020980835,0.6200000047683716,1504.5,1.0,389120,0,0,,,,,,,,,
fpe_b3,fpe,fpe,bipolar,none,raw,"{""bw_scale"": 0.25, ""phase_bits"": 3}",,,heavy_tail,1,4096,64,30,30,cosine,uniform,1,32,0,0.7400000095367432,0.7459999918937683,0.06125475838780403,0.15004644446445403,0.043,0.7080000042915344,0.7739999890327454,0.731333315372467,1985.5,1.5,516096,0,0,,,,,,,,,
nystrom_gauss,nystrom,nystrom,bipolar,none,raw,"{""kernel"": ""gaussian""}",,,heavy_tail,1,4096,64,30,30,cosine,uniform,1,32,0,0.8491666913032532,0.8386666774749756,0.02813464030623436,0.355216724331062,0.21,0.8306666612625122,0.7540000081062317,0.8166666626930237,67040.0,1.0,17162240,0,0,,,,,,,,,
nystrom_lap,nystrom,nystrom,bipolar,none,raw,"{""kernel"": ""laplacian""}",,,heavy_tail,1,4096,64,30,30,cosine,uniform,1,32,0,0.9958333373069763,0.9900000095367432,0.09531031548976898,0.600118458866324,0.249,0.9746666550636292,0.9793333411216736,0.9900000095367432,67040.0,1.0,17162240,0,0,,,,,,,,,
learned,learned,learned,bipolar,none,raw,"{""epochs"": 60}",,,heavy_tail,1,4096,64,30,30,cosine,uniform,1,32,0,0.9783333539962769,0.9786666631698608,0.32853952050209045,0.7775281086103861,0.291,0.9726666808128357,0.9620000123977661,0.9800000190734863,1504.5,1.0,389248,0,0,,,,,,,,,
datainformed_k16,datainformed,datainformed,bipolar,none,raw,"{""K"": 16}",,,heavy_tail,1,4096,64,30,30,cosine,uniform,1,32,0,0.9483333826065063,0.9506666660308838,0.1920139193534851,0.9788265059587691,0.062,0.9446666836738586,0.9179999828338623,0.9519999623298645,1504.0,1.0,389120,0,0,,,,,,,,,
imp_a0.5,imp,imp,bipolar,none,raw,"{""gain"": 0.5}",,,heavy_tail,1,4096,64,30,30,cosine,uniform,1,32,0,0.9475000500679016,0.9493333101272583,0.19093891978263855,0.9709206495580229,0.017,0.940666675567627,0.9200000166893005,0.9473333358764648,1520.0,1.0,393216,0,0,,,,,,,,,
linear_real_fp32,linear,gaussian,real,none,raw,,,,heavy_tail,1,4096,64,30,30,cosine,uniform,1,32,0,0.9491667151451111,0.9526666402816772,0.19288451969623566,0.9787654116563916,0.017,0.9440000057220459,0.9206666350364685,0.9513333439826965,1504.0,1.0,389120,0,0,1.0,64.0,,,,,,,
gaussian,linear,gaussian,bipolar,none,raw,,,,heavy_tail,2,4096,64,30,30,cosine,uniform,1,32,0,0.955833375453949,0.9419999718666077,0.18982340395450592,0.9777645820129753,0.017,0.9359999895095825,0.906000018119812,0.9399999976158142,1504.0,1.0,389120,0,0,1.0,64.0,,,,,,,
rademacher,linear,rademacher,bipolar,none,raw,,,,heavy_tail,2,4096,64,30,30,cosine,uniform,1,32,0,0.8883333802223206,0.8926666378974915,0.14283663034439087,0.9585248940155694,0.018,0.8819999694824219,0.8413333296775818,0.8886666297912598,512.0,1.0,389120,0,0,1.0,64.0,,,,,,,
uniform,linear,uniform,bipolar,none,raw,,,,heavy_tail,2,4096,64,30,30,cosine,uniform,1,32,0,0.9333333373069763,0.9200000166893005,0.17498619854450226,0.9746565459684399,0.016,0.9146666526794434,0.8866666555404663,0.918666660785675,1504.0,1.0,389120,0,0,1.0,64.0,,,,,,,
laplace,linear,laplace,bipolar,none,raw,,,,heavy_tail,2,4096,64,30,30,cosine,uniform,1,32,0,0.9641667008399963,0.9593333005905151,0.20786264538764954,0.9752155807005924,0.018,0.9546666741371155,0.9340000152587891,0.9586666822433472,1504.0,1.0,389120,0,0,1.0,64.0,,,,,,,
student_t,linear,student_t,bipolar,none,raw,,,,heavy_tail,2,4096,64,30,30,cosine,uniform,1,32,0,0.9775000214576721,0.9653333425521851,0.21909868717193604,0.9720578578511346,0.02,0.9599999785423279,0.9419999718666077,0.965999960899353,1504.0,1.0,389120,0,0,1.0,64.0,,,,,,,
cauchy,linear,cauchy,bipolar,none,raw,,,,heavy_tail,2,4096,64,30,30,cosine,uniform,1,32,0,0.9991666674613953,0.9979999661445618,0.2942034900188446,0.8250865244240505,0.017,0.9953333139419556,0.9919999837875366,0.9973333477973938,1504.0,1.0,389120,0,0,1.0,64.0,,,,,,,
achlioptas,linear,achlioptas,bipolar,none,raw,,,,heavy_tail,2,4096,64,30,30,cosine,uniform,1,32,0,0.9725000262260437,0.9653333425521851,0.21061885356903076,0.9706421505069139,0.016,0.9580000042915344,0.9453333020210266,0.9646666646003723,501.43,1.0,214762,0,0,0.3349,64.0,,,,,,,
ternary,linear,ternary,bipolar,none,raw,,,,heavy_tail,2,4096,64,30,30,cosine,uniform,1,32,0,0.9325000047683716,0.9173333048820496,0.17282885313034058,0.9748136655903779,0.017,0.909333348274231,0.8893333077430725,0.921999990940094,522.68,1.0,301800,0,0,0.6669,64.0,,,,,,,
very_sparse,linear,very_sparse,bipolar,none,raw,,,,heavy_tail,2,4096,64,30,30,cosine,uniform,1,32,0,0.9958333373069763,0.9959999918937683,0.265360027551651,0.9109399819803025,0.015,0.9886666536331177,0.984666645526886,0.9933333396911621,487.95,1.0,159534,0,0,0.1242,64.0,,,,,,,
count_sketch,linear,count_sketch,bipolar,none,raw,,,,heavy_tail,2,4096,64,30,30,cosine,uniform,1,32,0,0.9933333396911621,0.9940000176429749,0.0026721961330622435,0.4749997853491396,0.014,0.9793333411216736,0.9459999799728394,0.1653333306312561,480.1,1.0,127040,0,0,0.0002,64.0,,,,,,,
srht,linear,srht,bipolar,none,raw,,,,heavy_tail,2,4096,64,30,30,cosine,uniform,1,32,0,0.737500011920929,0.7266666293144226,0.07295121997594833,0.6263177291323428,0.019,0.7080000042915344,0.6526666879653931,0.7193333506584167,512.0,1.0,389120,0,0,1.0,64.0,,,,,,,
hadamard_det,linear,hadamard_det,bipolar,none,raw,,,,heavy_tail,2,4096,64,30,30,cosine,uniform,1,32,0,0.75,0.7360000014305115,0.07610560953617096,0.6283729400350532,0.018,0.7039999961853027,0.6739999651908875,0.7406666874885559,512.0,1.0,389120,0,0,1.0,64.0,,,,,,,
orthogonal,linear,orthogonal,bipolar,none,raw,,,,heavy_tail,2,4096,64,30,30,cosine,uniform,1,32,0,0.9533333778381348,0.9386666417121887,0.1912841796875,0.9865699275066548,0.043,0.9366666674613953,0.9179999828338623,0.937999963760376,1504.0,1.0,389120,0,0,1.0,64.0,,,,,,,
orth_blend,linear,orth_blend,bipolar,none,raw,,,,heavy_tail,2,4096,64,30,30,cosine,uniform,1,32,0,0.955833375453949,0.9366666674613953,0.18970417976379395,0.9797427242791225,0.042,0.937333345413208,0.9113333225250244,0.937999963760376,1504.0,1.0,389120,0,0,1.0,64.0,,,,,,,
sobol,linear,sobol,bipolar,none,raw,,,,heavy_tail,2,4096,64,30,30,cosine,uniform,1,32,0,0.9508333802223206,0.9413332939147949,0.19105423986911774,0.9858348393270958,0.024,0.9366666674613953,0.9099999666213989,0.9426666498184204,1504.0,1.0,389120,0,0,1.0,64.0,,,,,,,
binary01,linear,binary01,bipolar,none,raw,,,,heavy_tail,2,4096,64,30,30,cosine,uniform,1,32,0,0.6625000238418579,0.6653333306312561,0.0077405450865626335,0.2520425894141563,0.021,0.6359999775886536,0.6146666407585144,0.6679999828338623,496.03,1.0,258316,0,0,0.501,64.0,,,,,,,
rff_b0.25,rff,rff,bipolar,none,raw,"{""bw_scale"": 0.25}",,,heavy_tail,2,4096,64,30,30,cosine,uniform,1,32,0,0.7225000262260437,0.6959999799728394,0.05777019262313843,0.14410642081364305,0.032,0.6599999666213989,0.7253333330154419,0.6840000152587891,1520.0,32.0,389120,0,0,,,,,,,,,
rff_b1.0,rff,rff,bipolar,none,raw,"{""bw_scale"": 1.0}",,,heavy_tail,2,4096,64,30,30,cosine,uniform,1,32,0,0.9358333349227905,0.9226666688919067,0.08198226243257523,0.22820990245045955,0.032,0.9193333387374878,0.8959999680519104,0.9166666865348816,1520.0,32.0,389120,0,0,,,,,,,,,
rff_real_b1.0,rff,rff,real,none,raw,"{""bw_scale"": 1.0}",,,heavy_tail,2,4096,64,30,30,cosine,uniform,1,32,0,0.9358333349227905,0.9226666688919067,0.08198225498199463,0.22820990245045955,0.031,0.9193333387374878,0.8959999680519104,0.9166666865348816,1520.0,32.0,389120,0,0,,,,,,,,,
signrff_tuned,rff,rff,bipolar,none,raw,"{""bw_grid"": [0.05, 0.1, 0.25, 0.5, 1.0], ""bw_select"": ""val""}",,,heavy_tail,2,4096,64,30,30,cosine,uniform,1,32,0,0.9358333349227905,0.9226666688919067,0.08198225498199463,0.22820990245045955,0.038,0.9193333387374878,0.8959999680519104,0.9166666865348816,1520.0,32.0,389120,0,0,,,,,,,,,
fpe_phasor,fpe,fpe,bipolar,none,raw,"{""bw_scale"": 0.25}",,,heavy_tail,2,4096,64,30,30,cosine,uniform,1,32,0,0.7716667056083679,0.7379999756813049,0.06318486481904984,0.15372849993632404,0.039,0.7073333263397217,0.7559999823570251,0.7086666822433472,2000.0,32.0,516096,0,0,,,,,,,,,
fpe_b1,fpe,fpe,bipolar,none,raw,"{""bw_scale"": 0.25, ""phase_bits"": 1}",,,heavy_tail,2,4096,64,30,30,cosine,uniform,1,32,0,0.6583333611488342,0.6433333158493042,0.027727793902158737,0.009898630000620936,0.031,0.5986666679382324,0.6206666827201843,0.6060000061988831,1504.5,1.0,389120,0,0,,,,,,,,,
fpe_b3,fpe,fpe,bipolar,none,raw,"{""bw_scale"": 0.25, ""phase_bits"": 3}",,,heavy_tail,2,4096,64,30,30,cosine,uniform,1,32,0,0.7675000429153442,0.7273333072662354,0.060959674417972565,0.15156846456528597,0.04,0.7059999704360962,0.7566666603088379,0.7120000123977661,1985.5,1.5,516096,0,0,,,,,,,,,
nystrom_gauss,nystrom,nystrom,bipolar,none,raw,"{""kernel"": ""gaussian""}",,,heavy_tail,2,4096,64,30,30,cosine,uniform,1,32,0,0.8508333563804626,0.8479999899864197,0.02776370756328106,0.3633337763890456,0.212,0.8100000023841858,0.7633333206176758,0.8053333163261414,67040.0,1.0,17162240,0,0,,,,,,,,,
nystrom_lap,nystrom,nystrom,bipolar,none,raw,"{""kernel"": ""laplacian""}",,,heavy_tail,2,4096,64,30,30,cosine,uniform,1,32,0,0.9983333349227905,0.9933333396911621,0.09293786436319351,0.593540397933279,0.251,0.984666645526886,0.9760000109672546,0.9906666278839111,67040.0,1.0,17162240,0,0,,,,,,,,,
learned,learned,learned,bipolar,none,raw,"{""epochs"": 60}",,,heavy_tail,2,4096,64,30,30,cosine,uniform,1,32,0,0.9791666865348816,0.9773333072662354,0.32393917441368103,0.7726038483796397,0.296,0.9713333249092102,0.9539999961853027,0.9760000109672546,1504.5,1.0,389248,0,0,,,,,,,,,
datainformed_k16,datainformed,datainformed,bipolar,none,raw,"{""K"": 16}",,,heavy_tail,2,4096,64,30,30,cosine,uniform,1,32,0,0.9500000476837158,0.940666675567627,0.1908552646636963,0.9773089921330629,0.062,0.9359999895095825,0.9120000004768372,0.9386666417121887,1504.0,1.0,389120,0,0,,,,,,,,,
imp_a0.5,imp,imp,bipolar,none,raw,"{""gain"": 0.5}",,,heavy_tail,2,4096,64,30,30,cosine,uniform,1,32,0,0.955833375453949,0.9399999976158142,0.1889999806880951,0.9696449678689552,0.016,0.9333333373069763,0.90666663646698,0.9366666674613953,1520.0,1.0,393216,0,0,,,,,,,,,
linear_real_fp32,linear,gaussian,real,none,raw,,,,heavy_tail,2,4096,64,30,30,cosine,uniform,1,32,0,0.955833375453949,0.9419999718666077,0.18982340395450592,0.9777645820129753,0.016,0.9359999895095825,0.906000018119812,0.9399999976158142,1504.0,1.0,389120,0,0,1.0,64.0,,,,,,,
gaussian,linear,gaussian,bipolar,none,raw,,,,shift,0,4096,64,30,30,cosine,uniform,1,32,0,0.996666669845581,0.9959999918937683,0.260096937417984,0.9832167550986861,0.019,0.9866666793823242,0.9833333492279053,0.9959999918937683,1504.0,1.0,389120,0,0,1.0,64.0,0.9286666512489319,0.15376679599285126,0.6466666460037231,0.4493333399295807,,,
rademacher,linear,rademacher,bipolar,none,raw,,,,shift,0,4096,64,30,30,cosine,uniform,1,32,0,0.9975000023841858,0.9959999918937683,0.26027554273605347,0.9829952981378282,0.015,0.9839999675750732,0.9826666712760925,0.9940000176429749,512.0,1.0,389120,0,0,1.0,64.0,0.940666675567627,0.15910285711288452,0.6666666865348816,0.4793333411216736,,,
uniform,linear,uniform,bipolar,none,raw,,,,shift,0,4096,64,30,30,cosine,uniform,1,32,0,0.9975000023841858,0.9946666359901428,0.25939661264419556,0.9839792461477775,0.015,0.9833333492279053,0.981333315372467,0.9959999918937683,1504.0,1.0,389120,0,0,1.0,64.0,0.937999963760376,0.1548987179994583,0.6599999666213989,0.4586666524410248,,,
laplace,linear,laplace,bipolar,none,raw,,,,shift,0,4096,64,30,30,cosine,uniform,1,32,0,0.9975000023841858,0.9953333139419556,0.2600916028022766,0.9827342396888888,0.017,0.9860000014305115,0.9833333492279053,0.9946666359901428,1504.0,1.0,389120,0,0,1.0,64.0,0.9340000152587891,0.15704362094402313,0.6599999666213989,0.4699999988079071,,,
student_t,linear,student_t,bipolar,none,raw,,,,shift,0,4096,64,30,30,cosine,uniform,1,32,0,0.996666669845581,0.9953333139419556,0.25920096039772034,0.9827091931356613,0.019,0.9860000014305115,0.9833333492279053,0.9946666359901428,1504.0,1.0,389120,0,0,1.0,64.0,0.9359999895095825,0.15908583998680115,0.6859999895095825,0.4753333330154419,,,
cauchy,linear,cauchy,bipolar,none,raw,,,,shift,0,4096,64,30,30,cosine,uniform,1,32,0,0.9925000071525574,0.9926666617393494,0.25247007608413696,0.9297032437431655,0.018,0.9806666374206543,0.9786666631698608,0.9933333396911621,1504.0,1.0,389120,0,0,1.0,64.0,0.9126666784286499,0.1489802896976471,0.6453333497047424,0.44466665387153625,,,
achlioptas,linear,achlioptas,bipolar,none,raw,,,,shift,0,4096,64,30,30,cosine,uniform,1,32,0,0.996666669845581,0.9953333139419556,0.2605080008506775,0.9832271230547499,0.015,0.9839999675750732,0.9833333492279053,0.9940000176429749,501.28,1.0,214139,0,0,0.3325,64.0,0.9293333292007446,0.15379562973976135,0.6246666312217712,0.41466665267944336,,,
ternary,linear,ternary,bipolar,none,raw,,,,shift,0,4096,64,30,30,cosine,uniform,1,32,0,0.9975000023841858,0.9959999918937683,0.2588481307029724,0.9832152947797891,0.015,0.9853333234786987,0.984666645526886,0.9953333139419556,522.73,1.0,301991,0,0,0.6676,64.0,0.9273332953453064,0.15442363917827606,0.6486666798591614,0.4373333156108856,,,
very_sparse,linear,very_sparse,bipolar,none,raw,,,,shift,0,4096,64,30,30,cosine,uniform,1,32,0,0.9958333373069763,0.9953333139419556,0.25843003392219543,0.981434583006688,0.014,0.9826666712760925,0.9853333234786987,0.9946666359901428,488.08,1.0,160077,0,0,0.1263,64.0,0.9333333373069763,0.15437769889831543,0.6613333225250244,0.4793333411216736,,,
count_sketch,linear,count_sketch,bipolar,none,raw,,,,shift,0,4096,64,30,30,cosine,uniform,1,32,0,0.95250004529953,0.9566666483879089,0.0014792003203183413,0.6644336060142477,0.015,0.9106666445732117,0.8113332986831665,0.09266666322946548,480.1,1.0,127040,0,0,0.0002,64.0,0.8166666626930237,0.0008040841203182936,0.5666666626930237,0.3726666569709778,,,
srht,linear,srht,bipolar,none,raw,,,,shift,0,4096,64,30,30,cosine,uniform,1,32,0,0.9575000405311584,0.9440000057220459,0.19914083182811737,0.6603194492505442,0.016,0.9146666526794434,0.8846666812896729,0.9446666836738586,512.0,1.0,389120,0,0,1.0,64.0,0.7793333530426025,0.10447792708873749,0.5226666331291199,0.36666667461395264,,,
hadamard_det,linear,hadamard_det,bipolar,none,raw,,,,shift,0,4096,64,30,30,cosine,uniform,1,32,0,0.9516667127609253,0.9519999623298645,0.20138266682624817,0.6619977413121946,0.016,0.909333348274231,0.887333333492279,0.9526666402816772,512.0,1.0,389120,0,0,1.0,64.0,0.8006666302680969,0.10401708632707596,0.5220000147819519,0.3306666612625122,,,
orthogonal,linear,orthogonal,bipolar,none,raw,,,,shift,0,4096,64,30,30,cosine,uniform,1,32,0,0.9975000023841858,0.9959999918937683,0.26165539026260376,0.9900241104750576,0.042,0.9833333492279053,0.9826666712760925,0.9940000176429749,1504.0,1.0,389120,0,0,1.0,64.0,0.9386666417121887,0.1581907719373703,0.659333348274231,0.47733333706855774,,,
orth_blend,linear,orth_blend,bipolar,none,raw,,,,shift,0,4096,64,30,30,cosine,uniform,1,32,0,0.9975000023841858,0.996666669845581,0.25995922088623047,0.9846581354834919,0.043,0.9873332977294922,0.984666645526886,0.9946666359901428,1504.0,1.0,389120,0,0,1.0,64.0,0.9413332939147949,0.15886113047599792,0.6773333549499512,0.48399999737739563,,,
sobol,linear,sobol,bipolar,none,raw,,,,shift,0,4096,64,30,30,cosine,uniform,1,32,0,0.9975000023841858,0.9959999918937683,0.2602688670158386,0.9893835741656136,0.022,0.9860000014305115,0.984666645526886,0.9953333139419556,1504.0,1.0,389120,0,0,1.0,64.0,0.9433333277702332,0.15815062820911407,0.6653333306312561,0.46933332085609436,,,
binary01,linear,binary01,bipolar,none,raw,,,,shift,0,4096,64,30,30,cosine,uniform,1,32,0,0.6858333349227905,0.684666633605957,0.05666351318359375,0.27181707068409355,0.02,0.6706666350364685,0.6393333077430725,0.6953333020210266,496.0,1.0,258015,0,0,0.4999,64.0,0.621999979019165,0.01276098657399416,0.47866666316986084,0.3373333215713501,,,
rff_b0.25,rff,rff,bipolar,none,raw,"{""bw_scale"": 0.25}",,,shift,0,4096,64,30,30,cosine,uniform,1,32,0,0.9983333349227905,0.9946666359901428,0.1477498710155487,0.6231679497592589,0.035,0.984666645526886,0.9800000190734863,0.9953333139419556,1520.0,32.0,389120,0,0,,,0.9046666622161865,0.04985066130757332,0.21466666460037231,0.04266666620969772,,,
rff_b1.0,rff,rff,bipolar,none,raw,"{""bw_scale"": 1.0}",,,shift,0,4096,64,30,30,cosine,uniform,1,32,0,0.9983333349227905,0.9959999918937683,0.09646593779325485,0.6958375287967298,0.035,0.9906666278839111,0.981333315372467,0.9959999918937683,1520.0,32.0,389120,0,0,,,0.9459999799728394,0.06381979584693909,0.6579999923706055,0.41200000047683716,,,
rff_real_b1.0,rff,rff,real,none,raw,"{""bw_scale"": 1.0}",,,shift,0,4096,64,30,30,cosine,uniform,1,32,0,0.9983333349227905,0.9959999918937683,0.09646595269441605,0.6958375287967298,0.035,0.9906666278839111,0.981333315372467,0.9959999918937683,1520.0,32.0,389120,0,0,,,0.9459999799728394,0.06381978839635849,0.6579999923706055,0.41200000047683716,,,
signrff_tuned,rff,rff,bipolar,none,raw,"{""bw_grid"": [0.05, 0.1, 0.25, 0.5, 1.0], ""bw_select"": ""val""}",,,shift,0,4096,64,30,30,cosine,uniform,1,32,0,0.9983333349227905,0.9959999918937683,0.14013239741325378,0.6897213786702145,0.041,0.9900000095367432,0.9819999933242798,0.996666669845581,1520.0,32.0,389120,0,0,,,0.9393333196640015,0.07486690580844879,0.6119999885559082,0.17599999904632568,,,
fpe_phasor,fpe,fpe,bipolar,none,raw,"{""bw_scale"": 0.25}",,,shift,0,4096,64,30,30,cosine,uniform,1,32,0,0.9991666674613953,0.996666669845581,0.14880603551864624,0.6587565083946143,0.044,0.9853333234786987,0.9806666374206543,0.996666669845581,2000.0,32.0,516096,0,0,,,0.9326666593551636,0.0532357282936573,0.3059999942779541,0.04399999976158142,,,
fpe_b1,fpe,fpe,bipolar,none,raw,"{""bw_scale"": 0.25, ""phase_bits"": 1}",,,shift,0,4096,64,30,30,cosine,uniform,1,32,0,0.98416668176651,0.9886666536331177,0.07655137777328491,0.04546359113093857,0.035,0.9620000123977661,0.9079999923706055,0.9739999771118164,1504.5,1.0,389120,0,0,,,0.8320000171661377,0.024287933483719826,0.15066666901111603,0.03866666555404663,,,
fpe_b3,fpe,fpe,bipolar,none,raw,"{""bw_scale"": 0.25, ""phase_bits"": 3}",,,shift,0,4096,64,30,30,cosine,uniform,1,32,0,0.9991666674613953,0.996666669845581,0.14472129940986633,0.6531609312575489,0.044,0.9860000014305115,0.9800000190734863,0.9959999918937683,1985.5,1.5,516096,0,0,,,0.9313333034515381,0.051566608250141144,0.29600000381469727,0.046666666865348816,,,
nystrom_gauss,nystrom,nystrom,bipolar,none,raw,"{""kernel"": ""gaussian""}",,,shift,0,4096,64,30,30,cosine,uniform,1,32,0,0.9241666793823242,0.9273332953453064,0.036697763949632645,0.46333262754737453,0.207,0.8686666488647461,0.8366666436195374,0.8920000195503235,67040.0,1.0,17162240,0,0,,,0.7360000014305115,0.01521149929612875,0.4586666524410248,0.23600000143051147,,,
nystrom_lap,nystrom,nystrom,bipolar,none,raw,"{""kernel"": ""laplacian""}",,,shift,0,4096,64,30,30,cosine,uniform,1,32,0,0.9858333468437195,0.9879999756813049,0.08017521351575851,0.7784639118511689,0.25,0.9606666564941406,0.9553333520889282,0.9860000014305115,67040.0,1.0,17162240,0,0,,,0.8746666312217712,0.04383658245205879,0.6053333282470703,0.3786666691303253,,,
learned,learned,learned,bipolar,none,raw,"{""epochs"": 60}",,,shift,0,4096,64,30,30,cosine,uniform,1,32,0,0.9983333349227905,0.996666669845581,0.422369122505188,0.7218628986878775,0.33,0.9873332977294922,0.984666645526886,0.996666669845581,1504.5,1.0,389248,0,0,,,0.9459999799728394,0.2473200261592865,0.6200000047683716,0.35999998450279236,,,
datainformed_k16,datainformed,datainformed,bipolar,none,raw,"{""K"": 16}",,,shift,0,4096,64,30,30,cosine,uniform,1,32,0,0.996666669845581,0.9953333139419556,0.26095497608184814,0.9833279501125005,0.07,0.984666645526886,0.9833333492279053,0.9946666359901428,1504.0,1.0,389120,0,0,,,0.9473333358764648,0.16220007836818695,0.7086666822433472,0.5246666669845581,,,
imp_a0.5,imp,imp,bipolar,none,raw,"{""gain"": 0.5}",,,shift,0,4096,64,30,30,cosine,uniform,1,32,0,0.996666669845581,0.9959999918937683,0.25876328349113464,0.978345249514464,0.016,0.9860000014305115,0.9826666712760925,0.9953333139419556,1520.0,1.0,393216,0,0,,,0.9253333210945129,0.15179161727428436,0.6439999938011169,0.45666664838790894,,,
linear_real_fp32,linear,gaussian,real,none,raw,,,,shift,0,4096,64,30,30,cosine,uniform,1,32,0,0.996666669845581,0.9959999918937683,0.260096937417984,0.9832167550986861,0.016,0.9866666793823242,0.9833333492279053,0.9959999918937683,1504.0,1.0,389120,0,0,1.0,64.0,0.9286666512489319,0.15376679599285126,0.6466666460037231,0.4493333399295807,,,
gaussian,linear,gaussian,bipolar,none,raw,,,,shift,1,4096,64,30,30,cosine,uniform,1,32,0,0.9991666674613953,0.996666669845581,0.2578774392604828,0.9828754963327289,0.019,0.9900000095367432,0.9793333411216736,0.9959999918937683,1504.0,1.0,389120,0,0,1.0,64.0,0.9473333358764648,0.15247175097465515,0.6613333225250244,0.30266666412353516,,,
rademacher,linear,rademacher,bipolar,none,raw,,,,shift,1,4096,64,30,30,cosine,uniform,1,32,0,0.9983333349227905,0.9959999918937683,0.2580358386039734,0.9826778147136952,0.015,0.9826666712760925,0.9766666293144226,0.9946666359901428,512.0,1.0,389120,0,0,1.0,64.0,0.937333345413208,0.15116572380065918,0.6506666541099548,0.2993333339691162,,,
uniform,linear,uniform,bipolar,none,raw,,,,shift,1,4096,64,30,30,cosine,uniform,1,32,0,0.9991666674613953,0.9946666359901428,0.25981730222702026,0.9820697076698138,0.017,0.9826666712760925,0.9786666631698608,0.9946666359901428,1504.0,1.0,389120,0,0,1.0,64.0,0.9266666769981384,0.14625601470470428,0.6006666421890259,0.24666666984558105,,,
laplace,linear,laplace,bipolar,none,raw,,,,shift,1,4096,64,30,30,cosine,uniform,1,32,0,0.9983333349227905,0.9973333477973938,0.2586671710014343,0.98275955424757,0.016,0.9853333234786987,0.9779999852180481,0.9959999918937683,1504.0,1.0,389120,0,0,1.0,64.0,0.9519999623298645,0.15809866786003113,0.7046666741371155,0.3766666650772095,,,
student_t,linear,student_t,bipolar,none,raw,,,,shift,1,4096,64,30,30,cosine,uniform,1,32,0,0.9991666674613953,0.9959999918937683,0.2585030198097229,0.9807795053823158,0.02,0.9873332977294922,0.9746666550636292,0.9953333139419556,1504.0,1.0,389120,0,0,1.0,64.0,0.9393333196640015,0.15311199426651,0.6466666460037231,0.3140000104904175,,,
cauchy,linear,cauchy,bipolar,none,raw,,,,shift,1,4096,64,30,30,cosine,uniform,1,32,0,0.9958333373069763,0.9940000176429749,0.2516672611236572,0.9268365124092256,0.018,0.9826666712760925,0.9733332991600037,0.9933333396911621,1504.0,1.0,389120,0,0,1.0,64.0,0.9253333210945129,0.14438949525356293,0.6039999723434448,0.2773333191871643,,,
achlioptas,linear,achlioptas,bipolar,none,raw,,,,shift,1,4096,64,30,30,cosine,uniform,1,32,0,0.9991666674613953,0.9926666617393494,0.25846797227859497,0.9827817743124175,0.015,0.9839999675750732,0.9753333330154419,0.9940000176429749,501.35,1.0,214446,0,0,0.3337,64.0,0.940666675567627,0.15046335756778717,0.640666663646698,0.2893333435058594,,,
ternary,linear,ternary,bipolar,none,raw,,,,shift,1,4096,64,30,30,cosine,uniform,1,32,0,0.9975000023841858,0.996666669845581,0.259246826171875,0.983682967511474,0.018,0.9866666793823242,0.9793333411216736,0.9959999918937683,522.78,1.0,302211,0,0,0.6685,64.0,0.9419999718666077,0.15115217864513397,0.6380000114440918,0.28733333945274353,,,
very_sparse,linear,very_sparse,bipolar,none,raw,,,,shift,1,4096,64,30,30,cosine,uniform,1,32,0,0.9975000023841858,0.9953333139419556,0.25756338238716125,0.9811936104573347,0.014,0.9860000014305115,0.9753333330154419,0.9933333396911621,488.04,1.0,159891,0,0,0.1256,64.0,0.940666675567627,0.15070071816444397,0.6346666812896729,0.2980000078678131,,,
count_sketch,linear,count_sketch,bipolar,none,raw,,,,shift,1,4096,64,30,30,cosine,uniform,1,32,0,0.9641667008399963,0.9519999623298645,0.0014585262397304177,0.6573283561120802,0.015,0.9126666784286499,0.8240000009536743,0.046666666865348816,480.1,1.0,127040,0,0,0.0002,63.0,0.8026666641235352,0.0007218044484034181,0.48399999737739563,0.28866666555404663,,,
srht,linear,srht,bipolar,none,raw,,,,shift,1,4096,64,30,30,cosine,uniform,1,32,0,0.9458333849906921,0.95333331823349,0.20478059351444244,0.6619018012210589,0.016,0.9133332967758179,0.8773333430290222,0.9513333439826965,512.0,1.0,389120,0,0,1.0,64.0,0.8046666383743286,0.09815023839473724,0.4819999933242798,0.2540000081062317,,,
hadamard_det,linear,hadamard_det,bipolar,none,raw,,,,shift,1,4096,64,30,30,cosine,uniform,1,32,0,0.9541667103767395,0.9526666402816772,0.20372164249420166,0.6583827794005,0.016,0.9206666350364685,0.8999999761581421,0.9519999623298645,512.0,1.0,389120,0,0,1.0,64.0,0.7946666479110718,0.09558673948049545,0.4959999918937683,0.2939999997615814,,,
orthogonal,linear,orthogonal,bipolar,none,raw,,,,shift,1,4096,64,30,30,cosine,uniform,1,32,0,0.9991666674613953,0.9959999918937683,0.2606654763221741,0.9896495241316333,0.039,0.9873332977294922,0.9773333072662354,0.9953333139419556,1504.0,1.0,389120,0,0,1.0,64.0,0.9459999799728394,0.15493223071098328,0.6753333210945129,0.33666667342185974,,,
orth_blend,linear,orth_blend,bipolar,none,raw,,,,shift,1,4096,64,30,30,cosine,uniform,1,32,0,0.9975000023841858,0.996666669845581,0.2595275938510895,0.9842249024365626,0.038,0.9866666793823242,0.981333315372467,0.9959999918937683,1504.0,1.0,389120,0,0,1.0,64.0,0.9453333020210266,0.15464849770069122,0.6779999732971191,0.3426666557788849,,,
sobol,linear,sobol,bipolar,none,raw,,,,shift,1,4096,64,30,30,cosine,uniform,1,32,0,0.9991666674613953,0.996666669845581,0.25925764441490173,0.9889263337237966,0.023,0.9866666793823242,0.9766666293144226,0.9973333477973938,1504.0,1.0,389120,0,0,1.0,64.0,0.9440000057220459,0.15581795573234558,0.6813333034515381,0.3373333215713501,,,
binary01,linear,binary01,bipolar,none,raw,,,,shift,1,4096,64,30,30,cosine,uniform,1,32,0,0.940833330154419,0.9333333373069763,0.16670919954776764,0.2900671055100467,0.02,0.9146666526794434,0.8993332982063293,0.9313333034515381,496.0,1.0,258086,0,0,0.5001,64.0,0.8586666584014893,0.09825649112462997,0.6333333253860474,0.35866665840148926,,,
rff_b0.25,rff,rff,bipolar,none,raw,"{""bw_scale"": 0.25}",,,shift,1,4096,64,30,30,cosine,uniform,1,32,0,0.9983333349227905,0.996666669845581,0.14933224022388458,0.6197166665200514,0.039,0.9886666536331177,0.9786666631698608,0.9946666359901428,1520.0,32.0,389120,0,0,,,0.8946666717529297,0.0442611388862133,0.19733333587646484,0.041333332657814026,,,
rff_b1.0,rff,rff,bipolar,none,raw,"{""bw_scale"": 1.0}",,,shift,1,4096,64,30,30,cosine,uniform,1,32,0,0.9983333349227905,0.9979999661445618,0.09838106483221054,0.7026656316081873,0.044,0.9886666536331177,0.9779999852180481,0.9926666617393494,1520.0,32.0,389120,0,0,,,0.9273332953453064,0.05645604059100151,0.6086666584014893,0.25,,,
rff_real_b1.0,rff,rff,real,none,raw,"{""bw_scale"": 1.0}",,,shift,1,4096,64,30,30,cosine,uniform,1,32,0,0.9983333349227905,0.9979999661445618,0.09838106483221054,0.7026656316081873,0.037,0.9886666536331177,0.9779999852180481,0.9926666617393494,1520.0,32.0,389120,0,0,,,0.9273332953453064,0.05645602196455002,0.6086666584014893,0.25,,,
signrff_tuned,rff,rff,bipolar,none,raw,"{""bw_grid"": [0.05, 0.1, 0.25, 0.5, 1.0], ""bw_select"": ""val""}",,,shift,1,4096,64,30,30,cosine,uniform,1,32,0,0.9983333349227905,0.996666669845581,0.14933224022388458,0.6197166665200514,0.043,0.9886666536331177,0.9786666631698608,0.9946666359901428,1520.0,32.0,389120,0,0,,,0.8946666717529297,0.0442611388862133,0.19733333587646484,0.041333332657814026,,,
fpe_phasor,fpe,fpe,bipolar,none,raw,"{""bw_scale"": 0.25}",,,shift,1,4096,64,30,30,cosine,uniform,1,32,0,0.9991666674613953,0.9973333477973938,0.1494581401348114,0.6649898992191867,0.043,0.9879999756813049,0.9800000190734863,0.996666669845581,2000.0,32.0,516096,0,0,,,0.9233333468437195,0.04817222058773041,0.3113333284854889,0.04600000008940697,,,
fpe_b1,fpe,fpe,bipolar,none,raw,"{""bw_scale"": 0.25, ""phase_bits"": 1}",,,shift,1,4096,64,30,30,cosine,uniform,1,32,0,0.9916666746139526,0.9833333492279053,0.0774909034371376,0.0336724813171082,0.033,0.9673333168029785,0.9079999923706055,0.9753333330154419,1504.5,1.0,389120,0,0,,,0.831333339214325,0.02283533290028572,0.13199999928474426,0.03199999779462814,,,
fpe_b3,fpe,fpe,bipolar,none,raw,"{""bw_scale"": 0.25, ""phase_bits"": 3}",,,shift,1,4096,64,30,30,cosine,uniform,1,32,0,0.9991666674613953,0.9973333477973938,0.14529278874397278,0.6604945371314759,0.046,0.9873332977294922,0.9786666631698608,0.9953333139419556,1985.5,1.5,516096,0,0,,,0.921999990940094,0.046785276383161545,0.30399999022483826,0.04866666719317436,,,
nystrom_gauss,nystrom,nystrom,bipolar,none,raw,"{""kernel"": ""gaussian""}",,,shift,1,4096,64,30,30,cosine,uniform,1,32,0,0.9008333683013916,0.9126666784286499,0.03600157052278519,0.4617824678941833,0.207,0.8726666569709778,0.8326666355133057,0.8819999694824219,67040.0,1.0,17162240,0,0,,,0.6666666865348816,0.01133446954190731,0.3499999940395355,0.19466666877269745,,,
nystrom_lap,nystrom,nystrom,bipolar,none,raw,"{""kernel"": ""laplacian""}",,,shift,1,4096,64,30,30,cosine,uniform,1,32,0,0.9825000166893005,0.9866666793823242,0.08078327775001526,0.7773074385631323,0.248,0.9633333086967468,0.9599999785423279,0.9833333492279053,67040.0,1.0,17162240,0,0,,,0.8573333024978638,0.04073791950941086,0.4946666657924652,0.2486666589975357,,,
learned,learned,learned,bipolar,none,raw,"{""epochs"": 60}",,,shift,1,4096,64,30,30,cosine,uniform,1,32,0,1.0,0.9973333477973938,0.42735740542411804,0.7323176411232912,0.314,0.9893333315849304,0.981333315372467,0.9979999661445618,1504.5,1.0,389248,0,0,,,0.9466666579246521,0.24972973763942719,0.6153333187103271,0.2633333206176758,,,
datainformed_k16,datainformed,datainformed,bipolar,none,raw,"{""K"": 16}",,,shift,1,4096,64,30,30,cosine,uniform,1,32,0,0.9975000023841858,0.9946666359901428,0.2580004930496216,0.9827209399061916,0.061,0.9866666793823242,0.9773333072662354,0.9933333396911621,1504.0,1.0,389120,0,0,,,0.9493333101272583,0.15723012387752533,0.718666672706604,0.421999990940094,,,
imp_a0.5,imp,imp,bipolar,none,raw,"{""gain"": 0.5}",,,shift,1,4096,64,30,30,cosine,uniform,1,32,0,0.9991666674613953,0.996666669845581,0.2563270330429077,0.9782680499491564,0.015,0.9893333315849304,0.9779999852180481,0.996666669845581,1520.0,1.0,393216,0,0,,,0.9446666836738586,0.15347062051296234,0.690666675567627,0.3739999830722809,,,
linear_real_fp32,linear,gaussian,real,none,raw,,,,shift,1,4096,64,30,30,cosine,uniform,1,32,0,0.9991666674613953,0.996666669845581,0.2578774392604828,0.9828754963327289,0.015,0.9900000095367432,0.9793333411216736,0.9959999918937683,1504.0,1.0,389120,0,0,1.0,64.0,0.9473333358764648,0.15247175097465515,0.6613333225250244,0.30266666412353516,,,
gaussian,linear,gaussian,bipolar,none,raw,,,,shift,2,4096,64,30,30,cosine,uniform,1,32,0,0.9975000023841858,0.9973333477973938,0.25736841559410095,0.982928383725162,0.019,0.9886666536331177,0.9913333058357239,0.9973333477973938,1504.0,1.0,389120,0,0,1.0,64.0,0.9539999961853027,0.16176192462444305,0.762666642665863,0.4886666536331177,,,
rademacher,linear,rademacher,bipolar,none,raw,,,,shift,2,4096,64,30,30,cosine,uniform,1,32,0,0.9983333349227905,0.9973333477973938,0.2560971975326538,0.9824883008959844,0.019,0.9866666793823242,0.9873332977294922,0.996666669845581,512.0,1.0,389120,0,0,1.0,64.0,0.9513333439826965,0.15628308057785034,0.722000002861023,0.44999998807907104,,,
uniform,linear,uniform,bipolar,none,raw,,,,shift,2,4096,64,30,30,cosine,uniform,1,32,0,0.9991666674613953,0.996666669845581,0.25730451941490173,0.9817350054158516,0.017,0.9879999756813049,0.9893333315849304,0.9953333139419556,1504.0,1.0,389120,0,0,1.0,64.0,0.9486666321754456,0.1555187702178955,0.7020000219345093,0.43066665530204773,,,
laplace,linear,laplace,bipolar,none,raw,,,,shift,2,4096,64,30,30,cosine,uniform,1,32,0,0.9991666674613953,0.9973333477973938,0.2555127441883087,0.9829303664743552,0.017,0.9866666793823242,0.9879999756813049,0.996666669845581,1504.0,1.0,389120,0,0,1.0,64.0,0.9493333101272583,0.15720048546791077,0.7059999704360962,0.42133334279060364,,,
student_t,linear,student_t,bipolar,none,raw,,,,shift,2,4096,64,30,30,cosine,uniform,1,32,0,0.9991666674613953,0.9973333477973938,0.25635483860969543,0.9822498551928912,0.022,0.9853333234786987,0.9900000095367432,0.9959999918937683,1504.0,1.0,389120,0,0,1.0,64.0,0.9513333439826965,0.15943235158920288,0.7406666874885559,0.47999998927116394,,,
cauchy,linear,cauchy,bipolar,none,raw,,,,shift,2,4096,64,30,30,cosine,uniform,1,32,0,0.9925000071525574,0.9986666440963745,0.2507791817188263,0.9261967441203199,0.017,0.9793333411216736,0.9806666374206543,0.9973333477973938,1504.0,1.0,389120,0,0,1.0,64.0,0.9266666769981384,0.14827582240104675,0.6620000004768372,0.3720000088214874,,,
achlioptas,linear,achlioptas,bipolar,none,raw,,,,shift,2,4096,64,30,30,cosine,uniform,1,32,0,0.9983333349227905,0.996666669845581,0.25872302055358887,0.9825635867691572,0.015,0.9866666793823242,0.9900000095367432,0.996666669845581,501.43,1.0,214762,0,0,0.3349,64.0,0.9546666741371155,0.16295839846134186,0.762666642665863,0.5220000147819519,,,
ternary,linear,ternary,bipolar,none,raw,,,,shift,2,4096,64,30,30,cosine,uniform,1,32,0,0.9975000023841858,0.9973333477973938,0.2560473680496216,0.9829275326848226,0.015,0.9893333315849304,0.9886666536331177,0.9973333477973938,522.68,1.0,301800,0,0,0.6669,64.0,0.9586666822433472,0.16059032082557678,0.75,0.4919999837875366,,,
very_sparse,linear,very_sparse,bipolar,none,raw,,,,shift,2,4096,64,30,30,cosine,uniform,1,32,0,0.9983333349227905,0.9973333477973938,0.25694912672042847,0.9808233827714359,0.014,0.9879999756813049,0.9900000095367432,0.996666669845581,487.95,1.0,159534,0,0,0.1242,64.0,0.949999988079071,0.15700671076774597,0.7199999690055847,0.43933331966400146,,,
count_sketch,linear,count_sketch,bipolar,none,raw,,,,shift,2,4096,64,30,30,cosine,uniform,1,32,0,0.9616667032241821,0.9693333506584167,0.001509458408690989,0.6670415024933187,0.014,0.9206666350364685,0.8180000185966492,0.11999999731779099,480.1,1.0,127040,0,0,0.0002,64.0,0.8013333082199097,0.00074479024624452,0.5139999985694885,0.3413333296775818,,,
srht,linear,srht,bipolar,none,raw,,,,shift,2,4096,64,30,30,cosine,uniform,1,32,0,0.9516667127609253,0.9593333005905151,0.20305880904197693,0.6594738552557546,0.016,0.9079999923706055,0.9006666541099548,0.9586666822433472,512.0,1.0,389120,0,0,1.0,64.0,0.8033333420753479,0.09890125691890717,0.4440000057220459,0.27666667103767395,,,
hadamard_det,linear,hadamard_det,bipolar,none,raw,,,,shift,2,4096,64,30,30,cosine,uniform,1,32,0,0.9508333802223206,0.9486666321754456,0.19535213708877563,0.6639318445049818,0.015,0.9173333048820496,0.8973333239555359,0.9513333439826965,512.0,1.0,389120,0,0,1.0,64.0,0.8053333163261414,0.10024511814117432,0.5326666831970215,0.30399999022483826,,,
orthogonal,linear,orthogonal,bipolar,none,raw,,,,shift,2,4096,64,30,30,cosine,uniform,1,32,0,0.9991666674613953,0.9979999661445618,0.2580113708972931,0.9896958529894296,0.03,0.9893333315849304,0.9900000095367432,0.9979999661445618,1504.0,1.0,389120,0,0,1.0,64.0,0.9546666741371155,0.16074112057685852,0.7493333220481873,0.4633333384990692,,,
orth_blend,linear,orth_blend,bipolar,none,raw,,,,shift,2,4096,64,30,30,cosine,uniform,1,32,0,0.9983333349227905,0.9973333477973938,0.2564922571182251,0.9841320673790095,0.044,0.9886666536331177,0.9873332977294922,0.9973333477973938,1504.0,1.0,389120,0,0,1.0,64.0,0.9513333439826965,0.15858717262744904,0.7239999771118164,0.4659999907016754,,,
sobol,linear,sobol,bipolar,none,raw,,,,shift,2,4096,64,30,30,cosine,uniform,1,32,0,0.9983333349227905,0.9973333477973938,0.2570946514606476,0.989014097612927,0.023,0.9893333315849304,0.9886666536331177,0.9973333477973938,1504.0,1.0,389120,0,0,1.0,64.0,0.9546666741371155,0.15951871871948242,0.7339999675750732,0.46533334255218506,,,
binary01,linear,binary01,bipolar,none,raw,,,,shift,2,4096,64,30,30,cosine,uniform,1,32,0,0.9833333492279053,0.9786666631698608,0.17422306537628174,0.27776340292814305,0.02,0.9566666483879089,0.9473333358764648,0.9753333330154419,496.03,1.0,258316,0,0,0.501,64.0,0.8913333415985107,0.10023453831672668,0.6553333401679993,0.40933331847190857,,,
rff_b0.25,rff,rff,bipolar,none,raw,"{""bw_scale"": 0.25}",,,shift,2,4096,64,30,30,cosine,uniform,1,32,0,0.9991666674613953,0.9946666359901428,0.147195965051651,0.6186398573425952,0.031,0.9853333234786987,0.9819999933242798,0.9946666359901428,1520.0,32.0,389120,0,0,,,0.9246666431427002,0.04932467266917229,0.28200000524520874,0.0573333315551281,,,
rff_b1.0,rff,rff,bipolar,none,raw,"{""bw_scale"": 1.0}",,,shift,2,4096,64,30,30,cosine,uniform,1,32,0,0.9983333349227905,0.9959999918937683,0.09803800284862518,0.6894784023826244,0.037,0.9879999756813049,0.9806666374206543,0.9940000176429749,1520.0,32.0,389120,0,0,,,0.9519999623298645,0.06283266097307205,0.70333331823349,0.4033333361148834,,,
rff_real_b1.0,rff,rff,real,none,raw,"{""bw_scale"": 1.0}",,,shift,2,4096,64,30,30,cosine,uniform,1,32,0,0.9983333349227905,0.9959999918937683,0.09803799539804459,0.6894784023826244,0.031,0.9879999756813049,0.9806666374206543,0.9940000176429749,1520.0,32.0,389120,0,0,,,0.9519999623298645,0.06283266097307205,0.70333331823349,0.4033333361148834,,,
signrff_tuned,rff,rff,bipolar,none,raw,"{""bw_grid"": [0.05, 0.1, 0.25, 0.5, 1.0], ""bw_select"": ""val""}",,,shift,2,4096,64,30,30,cosine,uniform,1,32,0,0.9991666674613953,0.9946666359901428,0.147195965051651,0.6186398573425952,0.037,0.9853333234786987,0.9819999933242798,0.9946666359901428,1520.0,32.0,389120,0,0,,,0.9246666431427002,0.049324676394462585,0.28200000524520874,0.0573333315551281,,,
fpe_phasor,fpe,fpe,bipolar,none,raw,"{""bw_scale"": 0.25}",,,shift,2,4096,64,30,30,cosine,uniform,1,32,0,0.9975000023841858,0.9973333477973938,0.1486271172761917,0.6389493388653956,0.039,0.9886666536331177,0.9866666793823242,0.9973333477973938,2000.0,32.0,516096,0,0,,,0.9293333292007446,0.04961509257555008,0.27533334493637085,0.04399999976158142,,,
fpe_b1,fpe,fpe,bipolar,none,raw,"{""bw_scale"": 0.25, ""phase_bits"": 1}",,,shift,2,4096,64,30,30,cosine,uniform,1,32,0,0.9900000095367432,0.9900000095367432,0.07885070145130157,0.04926025194323552,0.036,0.965999960899353,0.9286666512489319,0.9893333315849304,1504.5,1.0,389120,0,0,,,0.8499999642372131,0.024369850754737854,0.12533333897590637,0.03466666489839554,,,
fpe_b3,fpe,fpe,bipolar,none,raw,"{""bw_scale"": 0.25, ""phase_bits"": 3}",,,shift,2,4096,64,30,30,cosine,uniform,1,32,0,0.9975000023841858,0.996666669845581,0.1443992406129837,0.634701389017067,0.04,0.9879999756813049,0.9853333234786987,0.996666669845581,1985.5,1.5,516096,0,0,,,0.9300000071525574,0.04808437079191208,0.2693333327770233,0.04933333396911621,,,
nystrom_gauss,nystrom,nystrom,bipolar,none,raw,"{""kernel"": ""gaussian""}",,,shift,2,4096,64,30,30,cosine,uniform,1,32,0,0.9333333373069763,0.9133332967758179,0.03667815029621124,0.4774874637473147,0.209,0.8733333349227905,0.8460000157356262,0.9026666283607483,67040.0,1.0,17162240,0,0,,,0.7540000081062317,0.016249770298600197,0.4699999988079071,0.2746666669845581,,,
nystrom_lap,nystrom,nystrom,bipolar,none,raw,"{""kernel"": ""laplacian""}",,,shift,2,4096,64,30,30,cosine,uniform,1,32,0,0.9850000143051147,0.9853333234786987,0.08066461980342865,0.7853728255898207,0.254,0.9506666660308838,0.949999988079071,0.9773333072662354,67040.0,1.0,17162240,0,0,,,0.8959999680519104,0.04560461267828941,0.6726666688919067,0.4659999907016754,,,
learned,learned,learned,bipolar,none,raw,"{""epochs"": 60}",,,shift,2,4096,64,30,30,cosine,uniform,1,32,0,0.9991666674613953,0.996666669845581,0.41594767570495605,0.7312956203827194,0.287,0.9873332977294922,0.9886666536331177,0.9973333477973938,1504.5,1.0,389248,0,0,,,0.9353333115577698,0.24746443331241608,0.6493332982063293,0.39666667580604553,,,
datainformed_k16,datainformed,datainformed,bipolar,none,raw,"{""K"": 16}",,,shift,2,4096,64,30,30,cosine,uniform,1,32,0,0.9983333349227905,0.9973333477973938,0.258340448141098,0.9834387206286146,0.083,0.9873332977294922,0.9860000014305115,0.996666669845581,1504.0,1.0,389120,0,0,,,0.9513333439826965,0.1601610779762268,0.7386666536331177,0.49933332204818726,,,
imp_a0.5,imp,imp,bipolar,none,raw,"{""gain"": 0.5}",,,shift,2,4096,64,30,30,cosine,uniform,1,32,0,0.996666669845581,0.9973333477973938,0.25620248913764954,0.9784732258103797,0.016,0.9866666793823242,0.9919999837875366,0.9959999918937683,1520.0,1.0,393216,0,0,,,0.9480000138282776,0.15926608443260193,0.7293333411216736,0.41466665267944336,,,
linear_real_fp32,linear,gaussian,real,none,raw,,,,shift,2,4096,64,30,30,cosine,uniform,1,32,0,0.9975000023841858,0.9973333477973938,0.25736841559410095,0.982928383725162,0.019,0.9886666536331177,0.9913333058357239,0.9973333477973938,1504.0,1.0,389120,0,0,1.0,64.0,0.9539999961853027,0.16176192462444305,0.762666642665863,0.4886666536331177,,,
gaussian,linear,gaussian,bipolar,none,raw,,,,novel,0,4096,64,14,30,cosine,uniform,1,32,0,0.9732142686843872,0.9742857217788696,0.2022702842950821,0.9841159449405527,0.013,0.9457142949104309,0.9428571462631226,0.977142870426178,1248.0,1.0,323584,0,0,1.0,64.0,,,,,0.961540912578554,0.9596284764257138,0.9845690476190476
rademacher,linear,rademacher,bipolar,none,raw,,,,novel,0,4096,64,14,30,cosine,uniform,1,32,0,0.9767857193946838,0.9757142663002014,0.20290684700012207,0.9843650880037959,0.018,0.9385713934898376,0.9342857003211975,0.9757142663002014,256.0,1.0,323584,0,0,1.0,64.0,,,,,0.9505210342203818,0.9486612998912578,0.9852047619047618
uniform,linear,uniform,bipolar,none,raw,,,,novel,0,4096,64,14,30,cosine,uniform,1,32,0,0.9767857193946838,0.9785714149475098,0.203314408659935,0.9846984603890804,0.007,0.9428571462631226,0.9471428394317627,0.977142870426178,1248.0,1.0,323584,0,0,1.0,64.0,,,,,0.953174594810191,0.9521670903527947,0.9845
laplace,linear,laplace,bipolar,none,raw,,,,novel,0,4096,64,14,30,cosine,uniform,1,32,0,0.9750000238418579,0.9742857217788696,0.20345348119735718,0.9840781835922273,0.023,0.9428571462631226,0.9371428489685059,0.9742857217788696,1248.0,1.0,323584,0,0,1.0,64.0,,,,,0.957847274262111,0.9558656324263467,0.9838214285714286
student_t,linear,student_t,bipolar,none,raw,,,,novel,0,4096,64,14,30,cosine,uniform,1,32,0,0.9750000238418579,0.9742857217788696,0.2024681717157364,0.9836292644695038,0.015,0.9485714435577393,0.941428542137146,0.9757142663002014,1248.0,1.0,323584,0,0,1.0,64.0,,,,,0.9652230155670697,0.9633187051755878,0.9843380952380951
cauchy,linear,cauchy,bipolar,none,raw,,,,novel,0,4096,64,14,30,cosine,uniform,1,32,0,0.9750000238418579,0.9714285731315613,0.19593475759029388,0.9318108542393431,0.011,0.9342857003211975,0.9242857098579407,0.9685714244842529,1248.0,1.0,323584,0,0,1.0,64.0,,,,,0.9446975566160745,0.9421875795685816,0.9751285714285715
achlioptas,linear,achlioptas,bipolar,none,raw,,,,novel,0,4096,64,14,30,cosine,uniform,1,32,0,0.9785714149475098,0.9742857217788696,0.20402617752552032,0.984269755513288,0.018,0.9442856907844543,0.9442856907844543,0.977142870426178,245.28,1.0,148603,0,0,0.3325,64.0,,,,,0.9468968805664375,0.9452346752839051,0.983252380952381
ternary,linear,ternary,bipolar,none,raw,,,,novel,0,4096,64,14,30,cosine,uniform,1,32,0,0.9767857193946838,0.9785714149475098,0.20306357741355896,0.9843004019797459,0.024,0.949999988079071,0.9371428489685059,0.977142870426178,266.73,1.0,236455,0,0,0.6676,64.0,,,,,0.9494590941536574,0.9483362370840592,0.9832285714285715
very_sparse,linear,very_sparse,bipolar,none,raw,,,,novel,0,4096,64,14,30,cosine,uniform,1,32,0,0.9803571701049805,0.9728571176528931,0.20184464752674103,0.9829477317408412,0.011,0.9428571462631226,0.9442856907844543,0.9742857217788696,232.08,1.0,94541,0,0,0.1263,64.0,,,,,0.9752337397626679,0.9741838515068294,0.9831428571428572
count_sketch,linear,count_sketch,bipolar,none,raw,,,,novel,0,4096,64,14,30,cosine,uniform,1,32,0,0.8821428418159485,0.868571400642395,0.0008458285592496395,0.6728141740906173,0.016,0.8271428346633911,0.6971428394317627,0.12285713851451874,224.1,1.0,61504,0,0,0.0002,64.0,,,,,0.8144776892067834,0.7959246094460837,0.9116869047619047
srht,linear,srht,bipolar,none,raw,,,,novel,0,4096,64,14,30,cosine,uniform,1,32,0,0.862500011920929,0.8871428370475769,0.14748746156692505,0.6727278149111258,0.012,0.8285714387893677,0.8242856860160828,0.8828571438789368,256.0,1.0,323584,0,0,1.0,64.0,,,,,0.8470831302184916,0.8273170302451552,0.9228142857142857
hadamard_det,linear,hadamard_det,bipolar,none,raw,,,,novel,0,4096,64,14,30,cosine,uniform,1,32,0,0.875,0.8585714101791382,0.14007166028022766,0.6811992349684111,0.024,0.8199999928474426,0.8028571605682373,0.8571428656578064,256.0,1.0,323584,0,0,1.0,64.0,,,,,0.8079021805298512,0.7933497353049068,0.9071750000000001
orthogonal,linear,orthogonal,bipolar,none,raw,,,,novel,0,4096,64,14,30,cosine,uniform,1,32,0,0.9750000238418579,0.9785714149475098,0.20445454120635986,0.9905180158635583,0.033,0.941428542137146,0.9457142949104309,0.977142870426178,1248.0,1.0,323584,0,0,1.0,64.0,,,,,0.9615227914846464,0.9595314629556965,0.9848285714285713
orth_blend,linear,orth_blend,bipolar,none,raw,,,,novel,0,4096,64,14,30,cosine,uniform,1,32,0,0.9767857193946838,0.9742857217788696,0.2043626308441162,0.98596703735382,0.039,0.941428542137146,0.9428571462631226,0.977142870426178,1248.0,1.0,323584,0,0,1.0,64.0,,,,,0.9615481152151858,0.9596547230118874,0.9837523809523809
sobol,linear,sobol,bipolar,none,raw,,,,novel,0,4096,64,14,30,cosine,uniform,1,32,0,0.9750000238418579,0.9785714149475098,0.20473919808864594,0.9902359421302193,0.022,0.9528571367263794,0.9457142949104309,0.977142870426178,1248.0,1.0,323584,0,0,1.0,64.0,,,,,0.9615421161260927,0.9596183203751358,0.9844904761904762
binary01,linear,binary01,bipolar,none,raw,,,,novel,0,4096,64,14,30,cosine,uniform,1,32,0,0.9160714149475098,0.9142857193946838,0.13173505663871765,0.28226555165328093,0.009,0.8614285588264465,0.8585714101791382,0.9071428179740906,240.0,1.0,192479,0,0,0.4999,64.0,,,,,0.3750710767439676,0.1667164645789449,0.8375142857142857
rff_b0.25,rff,rff,bipolar,none,raw,"{""bw_scale"": 0.25}",,,novel,0,4096,64,14,30,cosine,uniform,1,32,0,0.9803571701049805,0.9814285635948181,0.09240999072790146,0.6414917641925777,0.032,0.9371428489685059,0.9385713934898376,0.9800000190734863,1264.0,32.0,323584,0,0,,,,,,,0.7633654970546215,0.59830673110568,0.8570404761904763
rff_b1.0,rff,rff,bipolar,none,raw,"{""bw_scale"": 1.0}",,,novel,0,4096,64,14,30,cosine,uniform,1,32,0,0.9839285612106323,0.9828571081161499,0.056524645537137985,0.6902314561728515,0.034,0.9514285326004028,0.941428542137146,0.9742857217788696,1264.0,32.0,323584,0,0,,,,,,,0.9129960283178464,0.8347498754753828,0.8592095238095239
rff_real_b1.0,rff,rff,real,none,raw,"{""bw_scale"": 1.0}",,,novel,0,4096,64,14,30,cosine,uniform,1,32,0,0.9839285612106323,0.9828571081161499,0.056524645537137985,0.6902314561728515,0.032,0.9514285326004028,0.941428542137146,0.9742857217788696,1264.0,32.0,323584,0,0,,,,,,,0.9129960283178464,0.8347498754753828,0.8592095238095239
signrff_tuned,rff,rff,bipolar,none,raw,"{""bw_grid"": [0.05, 0.1, 0.25, 0.5, 1.0], ""bw_select"": ""val""}",,,novel,0,4096,64,14,30,cosine,uniform,1,32,0,0.9839285612106323,0.9828571081161499,0.056524645537137985,0.6902314561728515,0.036,0.9514285326004028,0.941428542137146,0.9742857217788696,1264.0,32.0,323584,0,0,,,,,,,0.9129960283178464,0.8347498754753828,0.8592095238095239
fpe_phasor,fpe,fpe,bipolar,none,raw,"{""bw_scale"": 0.25}",,,novel,0,4096,64,14,30,cosine,uniform,1,32,0,0.9839285612106323,0.9885714054107666,0.09451878070831299,0.6743627793865994,0.038,0.949999988079071,0.9442856907844543,0.9857142567634583,1488.0,32.0,385024,0,0,,,,,,,0.850766608298232,0.7919843822543483,0.8677976190476191
fpe_b1,fpe,fpe,bipolar,none,raw,"{""bw_scale"": 0.25, ""phase_bits"": 1}",,,novel,0,4096,64,14,30,cosine,uniform,1,32,0,0.9410714507102966,0.9442856907844543,0.03462987020611763,0.03868105880076273,0.03,0.8785713911056519,0.8528571128845215,0.9142857193946838,1248.5,1.0,323584,0,0,,,,,,,0.2466622457328939,0.08816089143694868,0.6466809523809524
fpe_b3,fpe,fpe,bipolar,none,raw,"{""bw_scale"": 0.25, ""phase_bits"": 3}",,,novel,0,4096,64,14,30,cosine,uniform,1,32,0,0.985714316368103,0.9871428608894348,0.09189137071371078,0.6710909299629667,0.068,0.9457142949104309,0.941428542137146,0.9842857122421265,1473.5,1.5,385024,0,0,,,,,,,0.7867037773805925,0.6668663417606657,0.8675380952380951
nystrom_gauss,nystrom,nystrom,bipolar,none,raw,"{""kernel"": ""gaussian""}",,,novel,0,4096,64,14,30,cosine,uniform,1,32,0,0.887499988079071,0.8842856884002686,0.030785968527197838,0.6063224755519041,0.042,0.8114285469055176,0.8171428442001343,0.8428571224212646,17866.41,1.0,8893144,0,0,,,,,,,0.9402003963800096,0.934427407342962,0.7457785714285715
nystrom_lap,nystrom,nystrom,bipolar,none,raw,"{""kernel"": ""laplacian""}",,,novel,0,4096,64,14,30,cosine,uniform,1,32,0,0.9446428418159485,0.9457142949104309,0.06074758246541023,0.8430387154148539,0.067,0.9114285707473755,0.8942856788635254,0.9342857003211975,17866.41,1.0,8893144,0,0,,,,,,,0.9177285085777921,0.9133619847371388,0.8957535714285715
learned,learned,learned,bipolar,none,raw,"{""epochs"": 60}",,,novel,0,4096,64,14,30,cosine,uniform,1,32,0,0.987500011920929,0.9785714149475098,0.38054993748664856,0.6936598653813121,0.172,0.9514285326004028,0.9428571462631226,0.9814285635948181,1248.5,1.0,323712,0,0,,,,,,,0.6502687337535815,0.5828852023687482,0.9709309523809523
datainformed_k16,datainformed,datainformed,bipolar,none,raw,"{""K"": 16}",,,novel,0,4096,64,14,30,cosine,uniform,1,32,0,0.9767857193946838,0.9785714149475098,0.20510903000831604,0.9846609851314638,0.05,0.9385713934898376,0.9485714435577393,0.9785714149475098,1248.0,1.0,323584,0,0,,,,,,,0.9106306958171784,0.8346177503446529,0.9838619047619047
imp_a0.5,imp,imp,bipolar,none,raw,"{""gain"": 0.5}",,,novel,0,4096,64,14,30,cosine,uniform,1,32,0,0.9714285731315613,0.9785714149475098,0.20175091922283173,0.9803362993196912,0.023,0.9485714435577393,0.9442856907844543,0.9785714149475098,1264.0,1.0,327680,0,0,,,,,,,0.9468264416691488,0.9449025176990375,0.9836619047619047
linear_real_fp32,linear,gaussian,real,none,raw,,,,novel,0,4096,64,14,30,cosine,uniform,1,32,0,0.9732142686843872,0.9742857217788696,0.2022702842950821,0.9841159449405527,0.02,0.9457142949104309,0.9428571462631226,0.977142870426178,1248.0,1.0,323584,0,0,1.0,64.0,,,,,0.961540912578554,0.9596284764257138,0.9845690476190476
gaussian,linear,gaussian,bipolar,none,raw,,,,novel,1,4096,64,14,30,cosine,uniform,1,32,0,0.9732142686843872,0.9742857217788696,0.21035970747470856,0.9846511462451067,0.013,0.9542856812477112,0.9471428394317627,0.9785714149475098,1248.0,1.0,323584,0,0,1.0,64.0,,,,,0.9561582707271461,0.9523909655607505,0.9818023809523809
rademacher,linear,rademacher,bipolar,none,raw,,,,novel,1,4096,64,14,30,cosine,uniform,1,32,0,0.9803571701049805,0.9742857217788696,0.21277925372123718,0.9842201258260548,0.011,0.9399999976158142,0.9399999976158142,0.9742857217788696,256.0,1.0,323584,0,0,1.0,64.0,,,,,0.9668426840008371,0.9666036047985319,0.9823309523809525
uniform,linear,uniform,bipolar,none,raw,,,,novel,1,4096,64,14,30,cosine,uniform,1,32,0,0.9732142686843872,0.9814285635948181,0.21430164575576782,0.9843250342934349,0.009,0.9528571367263794,0.9485714435577393,0.9828571081161499,1248.0,1.0,323584,0,0,1.0,64.0,,,,,0.9568381988574501,0.9557660998671081,0.9828166666666667
laplace,linear,laplace,bipolar,none,raw,,,,novel,1,4096,64,14,30,cosine,uniform,1,32,0,0.9785714149475098,0.977142870426178,0.21338088810443878,0.9841130593832909,0.015,0.9571428298950195,0.9471428394317627,0.977142870426178,1248.0,1.0,323584,0,0,1.0,64.0,,,,,0.9778750101961469,0.977632432935634,0.9829190476190476
student_t,linear,student_t,bipolar,none,raw,,,,novel,1,4096,64,14,30,cosine,uniform,1,32,0,0.9821428656578064,0.977142870426178,0.21343255043029785,0.9828010225621244,0.015,0.9457142949104309,0.9457142949104309,0.977142870426178,1248.0,1.0,323584,0,0,1.0,64.0,,,,,0.9555737139515614,0.9524224754874419,0.9826761904761905
cauchy,linear,cauchy,bipolar,none,raw,,,,novel,1,4096,64,14,30,cosine,uniform,1,32,0,0.9750000238418579,0.9699999690055847,0.20724107325077057,0.9338557126118916,0.016,0.9571428298950195,0.9314285516738892,0.9714285731315613,1248.0,1.0,323584,0,0,1.0,64.0,,,,,0.9741933362280983,0.9739371434823091,0.9777761904761905
achlioptas,linear,achlioptas,bipolar,none,raw,,,,novel,1,4096,64,14,30,cosine,uniform,1,32,0,0.9803571701049805,0.9814285635948181,0.21366864442825317,0.9840157085039555,0.02,0.9514285326004028,0.9385713934898376,0.9814285635948181,245.35,1.0,148910,0,0,0.3337,64.0,,,,,0.970518195267126,0.9702698107339053,0.9832904761904762
ternary,linear,ternary,bipolar,none,raw,,,,novel,1,4096,64,14,30,cosine,uniform,1,32,0,0.985714316368103,0.9814285635948181,0.21549063920974731,0.9844303385190408,0.013,0.9585714340209961,0.9442856907844543,0.9757142663002014,266.78,1.0,236675,0,0,0.6685,64.0,,,,,0.9815748506613348,0.9814197432156592,0.9833785714285714
very_sparse,linear,very_sparse,bipolar,none,raw,,,,novel,1,4096,64,14,30,cosine,uniform,1,32,0,0.9785714149475098,0.9800000190734863,0.21347711980342865,0.9826137352452727,0.012,0.9599999785423279,0.941428542137146,0.9800000190734863,232.04,1.0,94355,0,0,0.1256,64.0,,,,,0.9705366861484294,0.9703630489112675,0.9818261904761905
count_sketch,linear,count_sketch,bipolar,none,raw,,,,novel,1,4096,64,14,30,cosine,uniform,1,32,0,0.8857142925262451,0.8899999856948853,0.0009345038561150432,0.6723669313954912,0.013,0.8485714197158813,0.7428571581840515,0.25285714864730835,224.1,1.0,61504,0,0,0.0002,63.0,,,,,0.8055713021932773,0.7723481948779799,0.9038321428571428
srht,linear,srht,bipolar,none,raw,,,,novel,1,4096,64,14,30,cosine,uniform,1,32,0,0.8892857432365417,0.8828571438789368,0.1585412174463272,0.6663996662968135,0.014,0.837142825126648,0.8271428346633911,0.8785713911056519,256.0,1.0,323584,0,0,1.0,64.0,,,,,0.8215663133580692,0.7954286682764853,0.9085357142857143
hadamard_det,linear,hadamard_det,bipolar,none,raw,,,,novel,1,4096,64,14,30,cosine,uniform,1,32,0,0.8892857432365417,0.9057142734527588,0.16413576900959015,0.6780208510284731,0.024,0.845714271068573,0.8442857265472412,0.904285728931427,256.0,1.0,323584,0,0,1.0,64.0,,,,,0.7790239860059368,0.7530890457899836,0.9223321428571429
orthogonal,linear,orthogonal,bipolar,none,raw,,,,novel,1,4096,64,14,30,cosine,uniform,1,32,0,0.9767857193946838,0.977142870426178,0.21510149538516998,0.9906072512047217,0.021,0.9528571367263794,0.949999988079071,0.977142870426178,1248.0,1.0,323584,0,0,1.0,64.0,,,,,0.9788723936259858,0.9776654455936756,0.983754761904762
orth_blend,linear,orth_blend,bipolar,none,raw,,,,novel,1,4096,64,14,30,cosine,uniform,1,32,0,0.9767857193946838,0.9757142663002014,0.21196943521499634,0.9853142405735961,0.028,0.9528571367263794,0.9385713934898376,0.9757142663002014,1248.0,1.0,323584,0,0,1.0,64.0,,,,,0.9815932629669253,0.9815132760111152,0.9836119047619047
sobol,linear,sobol,bipolar,none,raw,,,,novel,1,4096,64,14,30,cosine,uniform,1,32,0,0.9785714149475098,0.977142870426178,0.21406491100788116,0.989947150883542,0.023,0.9585714340209961,0.9457142949104309,0.9757142663002014,1248.0,1.0,323584,0,0,1.0,64.0,,,,,0.9064123111224515,0.8513546937012456,0.9826952380952382
binary01,linear,binary01,bipolar,none,raw,,,,novel,1,4096,64,14,30,cosine,uniform,1,32,0,0.6928571462631226,0.6828571557998657,0.051160793751478195,0.2819056190474135,0.021,0.6214285492897034,0.604285717010498,0.6757142543792725,240.0,1.0,192550,0,0,0.5001,64.0,,,,,0.3625398875573705,0.1404420414530967,0.7817119047619048
rff_b0.25,rff,rff,bipolar,none,raw,"{""bw_scale"": 0.25}",,,novel,1,4096,64,14,30,cosine,uniform,1,32,0,0.9750000238418579,0.9714285731315613,0.10065102577209473,0.6705240188681537,0.048,0.9557142853736877,0.9485714435577393,0.9728571176528931,1264.0,32.0,323584,0,0,,,,,,,0.9316851683119508,0.9240195089100379,0.8701571428571429
rff_b1.0,rff,rff,bipolar,none,raw,"{""bw_scale"": 1.0}",,,novel,1,4096,64,14,30,cosine,uniform,1,32,0,0.9803571701049805,0.9800000190734863,0.06262749433517456,0.7262035410310351,0.047,0.9585714340209961,0.9557142853736877,0.9757142663002014,1264.0,32.0,323584,0,0,,,,,,,0.9889437706395594,0.9888452987456898,0.870627380952381
rff_real_b1.0,rff,rff,real,none,raw,"{""bw_scale"": 1.0}",,,novel,1,4096,64,14,30,cosine,uniform,1,32,0,0.9803571701049805,0.9800000190734863,0.06262749433517456,0.7262035410310351,0.037,0.9585714340209961,0.9557142853736877,0.9757142663002014,1264.0,32.0,323584,0,0,,,,,,,0.9889437706395594,0.9888452987456898,0.8706261904761905
signrff_tuned,rff,rff,bipolar,none,raw,"{""bw_grid"": [0.05, 0.1, 0.25, 0.5, 1.0], ""bw_select"": ""val""}",,,novel,1,4096,64,14,30,cosine,uniform,1,32,0,0.9803571701049805,0.9757142663002014,0.09231764823198318,0.7192721914193816,0.044,0.9599999785423279,0.9542856812477112,0.9800000190734863,1264.0,32.0,323584,0,0,,,,,,,0.9926251589464644,0.9925426435434668,0.8715095238095237
fpe_phasor,fpe,fpe,bipolar,none,raw,"{""bw_scale"": 0.25}",,,novel,1,4096,64,14,30,cosine,uniform,1,32,0,0.9821428656578064,0.9814285635948181,0.10154800117015839,0.6984159404818329,0.037,0.9585714340209961,0.9471428394317627,0.9785714149475098,1488.0,32.0,385024,0,0,,,,,,,0.8795922966378271,0.8016205190516483,0.8694857142857143
fpe_b1,fpe,fpe,bipolar,none,raw,"{""bw_scale"": 0.25, ""phase_bits"": 1}",,,novel,1,4096,64,14,30,cosine,uniform,1,32,0,0.923214316368103,0.9457142949104309,0.036327116191387177,0.03441021903239316,0.031,0.8814285397529602,0.8714285492897034,0.8899999856948853,1248.5,1.0,323584,0,0,,,,,,,0.22030409576803567,0.07988344467599214,0.6618404761904761
fpe_b3,fpe,fpe,bipolar,none,raw,"{""bw_scale"": 0.25, ""phase_bits"": 3}",,,novel,1,4096,64,14,30,cosine,uniform,1,32,0,0.9803571701049805,0.9800000190734863,0.09884102642536163,0.6933051329000128,0.064,0.9614285826683044,0.9457142949104309,0.9800000190734863,1473.5,1.5,385024,0,0,,,,,,,0.8691437465011457,0.7889289550600577,0.8681238095238096
nystrom_gauss,nystrom,nystrom,bipolar,none,raw,"{""kernel"": ""gaussian""}",,,novel,1,4096,64,14,30,cosine,uniform,1,32,0,0.8821428418159485,0.8799999952316284,0.033440303057432175,0.5980783791599223,0.034,0.831428587436676,0.8157142996788025,0.8428571224212646,17866.41,1.0,8893144,0,0,,,,,,,0.8889671588505532,0.8378521870995443,0.8111666666666666
nystrom_lap,nystrom,nystrom,bipolar,none,raw,"{""kernel"": ""laplacian""}",,,novel,1,4096,64,14,30,cosine,uniform,1,32,0,0.9446428418159485,0.9328571557998657,0.061345573514699936,0.8377340339099902,0.067,0.9028571248054504,0.8742856979370117,0.9214285612106323,17866.41,1.0,8893144,0,0,,,,,,,0.9642195028261132,0.9632560556541114,0.8983761904761906
learned,learned,learned,bipolar,none,raw,"{""epochs"": 60}",,,novel,1,4096,64,14,30,cosine,uniform,1,32,0,0.985714316368103,0.991428554058075,0.4061448872089386,0.6955434321651431,0.203,0.977142870426178,0.9528571367263794,0.991428554058075,1248.5,1.0,323712,0,0,,,,,,,0.6661222037520715,0.6189400138127237,0.9790619047619047
datainformed_k16,datainformed,datainformed,bipolar,none,raw,"{""K"": 16}",,,novel,1,4096,64,14,30,cosine,uniform,1,32,0,0.9785714149475098,0.9757142663002014,0.21335484087467194,0.9838129526856788,0.07,0.9599999785423279,0.9428571462631226,0.9757142663002014,1248.0,1.0,323584,0,0,,,,,,,0.9705553871454935,0.9704592644921308,0.983254761904762
imp_a0.5,imp,imp,bipolar,none,raw,"{""gain"": 0.5}",,,novel,1,4096,64,14,30,cosine,uniform,1,32,0,0.9732142686843872,0.9728571176528931,0.209782674908638,0.9808682815530171,0.014,0.949999988079071,0.9428571462631226,0.9742857217788696,1264.0,1.0,327680,0,0,,,,,,,0.8759515010535027,0.8287291326948515,0.9807166666666667
linear_real_fp32,linear,gaussian,real,none,raw,,,,novel,1,4096,64,14,30,cosine,uniform,1,32,0,0.9732142686843872,0.9742857217788696,0.21035970747470856,0.9846511462451067,0.02,0.9542856812477112,0.9471428394317627,0.9785714149475098,1248.0,1.0,323584,0,0,1.0,64.0,,,,,0.9561582707271461,0.9523909655607505,0.9818023809523809
gaussian,linear,gaussian,bipolar,none,raw,,,,novel,2,4096,64,14,30,cosine,uniform,1,32,0,0.9750000238418579,0.9814285635948181,0.2149076610803604,0.9842967365283251,0.013,0.949999988079071,0.9642857313156128,0.9800000190734863,1248.0,1.0,323584,0,0,1.0,64.0,,,,,0.9652174256495775,0.9632809150072865,0.9802357142857143
rademacher,linear,rademacher,bipolar,none,raw,,,,novel,2,4096,64,14,30,cosine,uniform,1,32,0,0.9785714149475098,0.9785714149475098,0.21392425894737244,0.9837494331406074,0.009,0.9485714435577393,0.9542856812477112,0.9814285635948181,256.0,1.0,323584,0,0,1.0,64.0,,,,,0.9568851266268903,0.9522212497658299,0.9796904761904762
uniform,linear,uniform,bipolar,none,raw,,,,novel,2,4096,64,14,30,cosine,uniform,1,32,0,0.9714285731315613,0.9842857122421265,0.21399670839309692,0.9838816799340149,0.012,0.9557142853736877,0.9657142758369446,0.9828571081161499,1248.0,1.0,323584,0,0,1.0,64.0,,,,,0.9678398510357015,0.9666374514147607,0.9793654761904762
laplace,linear,laplace,bipolar,none,raw,,,,novel,2,4096,64,14,30,cosine,uniform,1,32,0,0.9767857193946838,0.9842857122421265,0.2140192687511444,0.9839228292103873,0.015,0.9457142949104309,0.9599999785423279,0.9828571081161499,1248.0,1.0,323584,0,0,1.0,64.0,,,,,0.9554732033793945,0.9519358363161344,0.978047619047619
student_t,linear,student_t,bipolar,none,raw,,,,novel,2,4096,64,14,30,cosine,uniform,1,32,0,0.9732142686843872,0.9814285635948181,0.21559999883174896,0.9830574751810172,0.012,0.9557142853736877,0.9571428298950195,0.9828571081161499,1248.0,1.0,323584,0,0,1.0,64.0,,,,,0.951509987400984,0.9486793718059573,0.9786095238095239
cauchy,linear,cauchy,bipolar,none,raw,,,,novel,2,4096,64,14,30,cosine,uniform,1,32,0,0.9750000238418579,0.9800000190734863,0.21009455621242523,0.9287016677125292,0.012,0.9371428489685059,0.9528571367263794,0.9814285635948181,1248.0,1.0,323584,0,0,1.0,64.0,,,,,0.9655573206768948,0.9631741234783312,0.9714690476190475
achlioptas,linear,achlioptas,bipolar,none,raw,,,,novel,2,4096,64,14,30,cosine,uniform,1,32,0,0.9750000238418579,0.9800000190734863,0.21649523079395294,0.9842650806456474,0.017,0.9514285326004028,0.9614285826683044,0.9800000190734863,245.43,1.0,149226,0,0,0.3349,64.0,,,,,0.9588084109102362,0.9557101305103365,0.9805452380952381
ternary,linear,ternary,bipolar,none,raw,,,,novel,2,4096,64,14,30,cosine,uniform,1,32,0,0.9767857193946838,0.9800000190734863,0.21216216683387756,0.9846540645050371,0.014,0.9528571367263794,0.9585714340209961,0.9814285635948181,266.68,1.0,236264,0,0,0.6669,64.0,,,,,0.9518475592806929,0.9485111593767941,0.9788404761904762
very_sparse,linear,very_sparse,bipolar,none,raw,,,,novel,2,4096,64,14,30,cosine,uniform,1,32,0,0.9803571701049805,0.9842857122421265,0.21351534128189087,0.981670769424975,0.012,0.9528571367263794,0.9599999785423279,0.9800000190734863,231.95,1.0,93998,0,0,0.1242,64.0,,,,,0.957872410121524,0.9559842824880262,0.9788476190476191
count_sketch,linear,count_sketch,bipolar,none,raw,,,,novel,2,4096,64,14,30,cosine,uniform,1,32,0,0.9035714268684387,0.9171428680419922,0.0009753273916430771,0.665690921580776,0.013,0.8357142806053162,0.7357142567634583,0.1428571343421936,224.1,1.0,61504,0,0,0.0002,64.0,,,,,0.8150163700763301,0.7991829946747696,0.9036726190476189
srht,linear,srht,bipolar,none,raw,,,,novel,2,4096,64,14,30,cosine,uniform,1,32,0,0.8696428537368774,0.8914285898208618,0.15625590085983276,0.6695939063445272,0.016,0.8257142901420593,0.8028571605682373,0.8928571343421936,256.0,1.0,323584,0,0,1.0,64.0,,,,,0.8486520853509255,0.8275745285525026,0.9024988095238095
hadamard_det,linear,hadamard_det,bipolar,none,raw,,,,novel,2,4096,64,14,30,cosine,uniform,1,32,0,0.8785714507102966,0.9028571248054504,0.15841321647167206,0.6744036825650093,0.014,0.8271428346633911,0.8185714483261108,0.8985714316368103,256.0,1.0,323584,0,0,1.0,64.0,,,,,0.7869486775861184,0.7624090958989584,0.9073976190476191
orthogonal,linear,orthogonal,bipolar,none,raw,,,,novel,2,4096,64,14,30,cosine,uniform,1,32,0,0.9767857193946838,0.9842857122421265,0.21551336348056793,0.9903612098407115,0.033,0.9571428298950195,0.9585714340209961,0.9842857122421265,1248.0,1.0,323584,0,0,1.0,64.0,,,,,0.9641639729844323,0.9629732014376073,0.9802547619047619
orth_blend,linear,orth_blend,bipolar,none,raw,,,,novel,2,4096,64,14,30,cosine,uniform,1,32,0,0.9785714149475098,0.9828571081161499,0.2137475162744522,0.9854670080416044,0.046,0.9557142853736877,0.9628571271896362,0.9814285635948181,1248.0,1.0,323584,0,0,1.0,64.0,,,,,0.9552255471566171,0.952520022880304,0.9796333333333332
sobol,linear,sobol,bipolar,none,raw,,,,novel,2,4096,64,14,30,cosine,uniform,1,32,0,0.9767857193946838,0.9828571081161499,0.21553505957126617,0.9898879352075829,0.017,0.9585714340209961,0.9628571271896362,0.9842857122421265,1248.0,1.0,323584,0,0,1.0,64.0,,,,,0.9565119556164093,0.9521935458075084,0.9802571428571428
binary01,linear,binary01,bipolar,none,raw,,,,novel,2,4096,64,14,30,cosine,uniform,1,32,0,0.9767857193946838,0.9614285826683044,0.14608600735664368,0.32284984553397084,0.016,0.9371428489685059,0.9200000166893005,0.9528571367263794,240.03,1.0,192780,0,0,0.501,64.0,,,,,0.2866207211326904,0.11445723789577206,0.820825
rff_b0.25,rff,rff,bipolar,none,raw,"{""bw_scale"": 0.25}",,,novel,2,4096,64,14,30,cosine,uniform,1,32,0,0.9767857193946838,0.9828571081161499,0.10219249129295349,0.6803187678793345,0.089,0.9571428298950195,0.9599999785423279,0.9800000190734863,1264.0,32.0,323584,0,0,,,,,,,0.9206575841191131,0.9067692994662347,0.8830261904761905
rff_b1.0,rff,rff,bipolar,none,raw,"{""bw_scale"": 1.0}",,,novel,2,4096,64,14,30,cosine,uniform,1,32,0,0.9803571701049805,0.9871428608894348,0.0639505684375763,0.7329280422896634,0.036,0.9599999785423279,0.9599999785423279,0.9742857217788696,1264.0,32.0,323584,0,0,,,,,,,0.96418259724636,0.9630662490309886,0.8867095238095238
rff_real_b1.0,rff,rff,real,none,raw,"{""bw_scale"": 1.0}",,,novel,2,4096,64,14,30,cosine,uniform,1,32,0,0.9803571701049805,0.9871428608894348,0.0639505684375763,0.7329280422896634,0.046,0.9599999785423279,0.9599999785423279,0.9742857217788696,1264.0,32.0,323584,0,0,,,,,,,0.96418259724636,0.9630662490309886,0.8867095238095238
signrff_tuned,rff,rff,bipolar,none,raw,"{""bw_grid"": [0.05, 0.1, 0.25, 0.5, 1.0], ""bw_select"": ""val""}",,,novel,2,4096,64,14,30,cosine,uniform,1,32,0,0.9767857193946838,0.9828571081161499,0.10219249129295349,0.6803187678793345,0.052,0.9571428298950195,0.9599999785423279,0.9800000190734863,1264.0,32.0,323584,0,0,,,,,,,0.9206575841191131,0.9067692994662347,0.8830261904761905
fpe_phasor,fpe,fpe,bipolar,none,raw,"{""bw_scale"": 0.25}",,,novel,2,4096,64,14,30,cosine,uniform,1,32,0,0.9785714149475098,0.9828571081161499,0.10285109281539917,0.706864587485514,0.037,0.9542856812477112,0.9642857313156128,0.9842857122421265,1488.0,32.0,385024,0,0,,,,,,,0.9388352441179668,0.9343680650188495,0.8852428571428571
fpe_b1,fpe,fpe,bipolar,none,raw,"{""bw_scale"": 0.25, ""phase_bits"": 1}",,,novel,2,4096,64,14,30,cosine,uniform,1,32,0,0.9535714387893677,0.9485714435577393,0.03880057856440544,0.04935785635049711,0.035,0.8885714411735535,0.8600000143051147,0.9099999666213989,1248.5,1.0,323584,0,0,,,,,,,0.31420378201672816,0.13721024379478308,0.6731357142857143
fpe_b3,fpe,fpe,bipolar,none,raw,"{""bw_scale"": 0.25, ""phase_bits"": 3}",,,novel,2,4096,64,14,30,cosine,uniform,1,32,0,0.9785714149475098,0.9842857122421265,0.10028839856386185,0.7039501659988799,0.087,0.9557142853736877,0.9642857313156128,0.9857142567634583,1473.5,1.5,385024,0,0,,,,,,,0.8731904531993016,0.8602001839025499,0.8853095238095239
nystrom_gauss,nystrom,nystrom,bipolar,none,raw,"{""kernel"": ""gaussian""}",,,novel,2,4096,64,14,30,cosine,uniform,1,32,0,0.8714285492897034,0.8971428275108337,0.03445420414209366,0.6043849735959307,0.034,0.8128571510314941,0.8028571605682373,0.8557142615318298,17866.41,1.0,8893144,0,0,,,,,,,0.8615923394014051,0.7960892844114087,0.74
nystrom_lap,nystrom,nystrom,bipolar,none,raw,"{""kernel"": ""laplacian""}",,,novel,2,4096,64,14,30,cosine,uniform,1,32,0,0.9410714507102966,0.9614285826683044,0.0620645247399807,0.8294575663303753,0.065,0.9085714221000671,0.9028571248054504,0.9528571367263794,17866.41,1.0,8893144,0,0,,,,,,,0.9568994426077737,0.9560815807237949,0.8838404761904763
learned,learned,learned,bipolar,none,raw,"{""epochs"": 60}",,,novel,2,4096,64,14,30,cosine,uniform,1,32,0,0.985714316368103,0.9842857122421265,0.39179861545562744,0.7118976194554616,0.191,0.9585714340209961,0.9657142758369446,0.9842857122421265,1248.5,1.0,323712,0,0,,,,,,,0.6817391327179924,0.6279734423868157,0.9662309523809525
datainformed_k16,datainformed,datainformed,bipolar,none,raw,"{""K"": 16}",,,novel,2,4096,64,14,30,cosine,uniform,1,32,0,0.9767857193946838,0.9828571081161499,0.21568559110164642,0.9845854072391093,0.072,0.9542856812477112,0.9571428298950195,0.9828571081161499,1248.0,1.0,323584,0,0,,,,,,,0.9588512780427005,0.9559327124367567,0.9787833333333333
imp_a0.5,imp,imp,bipolar,none,raw,"{""gain"": 0.5}",,,novel,2,4096,64,14,30,cosine,uniform,1,32,0,0.9785714149475098,0.9828571081161499,0.21359536051750183,0.9807632241519825,0.014,0.9585714340209961,0.9628571271896362,0.9800000190734863,1264.0,1.0,327680,0,0,,,,,,,0.9788724448887656,0.9776643219330745,0.9797857142857141
linear_real_fp32,linear,gaussian,real,none,raw,,,,novel,2,4096,64,14,30,cosine,uniform,1,32,0,0.9750000238418579,0.9814285635948181,0.2149076610803604,0.9842967365283251,0.016,0.949999988079071,0.9642857313156128,0.9800000190734863,1248.0,1.0,323584,0,0,1.0,64.0,,,,,0.9652174256495775,0.9632809150072865,0.9802357142857143
