spec,family,rp,out,preproc,extractor,params,spec_sim,codec,task,seed,dim,F,C,epochs,sim,weight,multi,proto_bits,quant_train,val_acc,id_acc,margin_id,geom_fid,fit_s,mem_kb,vec_bits,ops_per_query,ext_bits,ext_ops,rp_density,rp_rank,acc_shift_6,margin_ood,acc_shift_12,acc_shift_18
gaussian,linear,gaussian,bipolar,none,raw,,,,linear,0,32,64,30,30,cosine,uniform,1,32,0,0.5450000166893005,0.5320000052452087,0.003619868541136384,0.5222828834950771,0.268,11.75,1.0,3040,0,0,1.0,32.0,,,,
rademacher,linear,rademacher,bipolar,none,raw,,,,linear,0,32,64,30,30,cosine,uniform,1,32,0,0.596666693687439,0.5706666707992554,0.020149048417806625,0.428198267524988,0.009,11.75,1.0,3040,0,0,1.0,32.0,,,,
very_sparse,linear,very_sparse,bipolar,none,raw,,,,linear,0,32,64,30,30,cosine,uniform,1,32,0,0.5766666531562805,0.5753333568572998,0.020536966621875763,0.4436551878436898,0.009,4.75,1.0,1248,0,0,0.125,32.0,,,,
count_sketch,linear,count_sketch,bipolar,none,raw,,,,linear,0,32,64,30,30,cosine,uniform,1,32,0,0.5866667032241821,0.5859999656677246,0.029209192842245102,0.4378724343908617,0.01,4.0,1.0,1056,0,0,0.0312,28.0,,,,
srht,linear,srht,bipolar,none,raw,,,,linear,0,32,64,30,30,cosine,uniform,1,32,0,0.5191667079925537,0.5220000147819519,0.003399000968784094,0.4186302138336924,0.01,11.75,1.0,3040,0,0,1.0,26.0,,,,
orthogonal,linear,orthogonal,bipolar,none,raw,,,,linear,0,32,64,30,30,cosine,uniform,1,32,0,0.6533333659172058,0.671999990940094,0.06817565113306046,0.4780661289198609,0.01,11.75,1.0,3040,0,0,1.0,32.0,,,,
sobol,linear,sobol,bipolar,none,raw,,,,linear,0,32,64,30,30,cosine,uniform,1,32,0,0.5024999976158142,0.5086666345596313,-0.016232408583164215,0.4359213507861363,0.016,11.75,1.0,3040,0,0,1.0,32.0,,,,
signrff_tuned,rff,rff,bipolar,none,raw,"{""bw_grid"": [0.05, 0.1, 0.25, 0.5, 1.0], ""bw_select"": ""val""}",,,linear,0,32,64,30,30,cosine,uniform,1,32,0,0.6416667103767395,0.65666663646698,0.020454810932278633,0.3428818041608768,0.036,11.88,32.0,3040,0,0,,,,,,
fpe_b1,fpe,fpe,bipolar,none,raw,"{""bw_scale"": 0.25, ""phase_bits"": 1}",,,linear,0,32,64,30,30,cosine,uniform,1,32,0,0.12916666269302368,0.13199999928474426,-0.17221224308013916,0.01158933658221481,0.034,11.75,1.0,3040,0,0,,,,,,
learned,learned,learned,bipolar,none,raw,"{""epochs"": 60}",,,linear,0,32,64,30,30,cosine,uniform,1,32,0,0.971666693687439,0.972000002861023,0.3557606041431427,0.5023038274496152,0.737,12.25,1.0,3168,0,0,,,,,,
datainformed_k16,datainformed,datainformed,bipolar,none,raw,"{""K"": 16}",,,linear,0,32,64,30,30,cosine,uniform,1,32,0,0.6033333539962769,0.5579999685287476,0.01591148041188717,0.4451630189618669,0.013,11.75,1.0,3040,0,0,,,,,,
gaussian,linear,gaussian,bipolar,none,raw,,,,linear,0,64,64,30,30,cosine,uniform,1,32,0,0.8358333706855774,0.8506666421890259,0.1177297979593277,0.6125919045919688,0.009,23.5,1.0,6080,0,0,1.0,64.0,,,,
rademacher,linear,rademacher,bipolar,none,raw,,,,linear,0,64,64,30,30,cosine,uniform,1,32,0,0.8566666841506958,0.8706666827201843,0.13858242332935333,0.5555455456856903,0.008,23.5,1.0,6080,0,0,1.0,64.0,,,,
very_sparse,linear,very_sparse,bipolar,none,raw,,,,linear,0,64,64,30,30,cosine,uniform,1,32,0,0.8475000262260437,0.8546666502952576,0.12469460070133209,0.5823832423268349,0.008,9.5,1.0,2495,0,0,0.1248,64.0,,,,
count_sketch,linear,count_sketch,bipolar,none,raw,,,,linear,0,64,64,30,30,cosine,uniform,1,32,0,0.7975000143051147,0.7986666560173035,0.03965200111269951,0.5164849592977114,0.008,7.75,1.0,2048,0,0,0.0156,40.0,,,,
srht,linear,srht,bipolar,none,raw,,,,linear,0,64,64,30,30,cosine,uniform,1,32,0,0.7725000381469727,0.7806666493415833,0.09612196683883667,0.491804744665741,0.009,23.5,1.0,6080,0,0,1.0,41.0,,,,
orthogonal,linear,orthogonal,bipolar,none,raw,,,,linear,0,64,64,30,30,cosine,uniform,1,32,0,0.9625000357627869,0.9586666822433472,0.20443396270275116,0.670643288785876,0.007,23.5,1.0,6080,0,0,1.0,64.0,,,,
sobol,linear,sobol,bipolar,none,raw,,,,linear,0,64,64,30,30,cosine,uniform,1,32,0,0.8400000333786011,0.8193333148956299,0.11060155928134918,0.5767978352633754,0.01,23.5,1.0,6080,0,0,1.0,64.0,,,,
signrff_tuned,rff,rff,bipolar,none,raw,"{""bw_grid"": [0.05, 0.1, 0.25, 0.5, 1.0], ""bw_select"": ""val""}",,,linear,0,64,64,30,30,cosine,uniform,1,32,0,0.8875000476837158,0.8813333511352539,0.04948262870311737,0.39052214469900437,0.034,23.75,32.0,6080,0,0,,,,,,
fpe_b1,fpe,fpe,bipolar,none,raw,"{""bw_scale"": 0.25, ""phase_bits"": 1}",,,linear,0,64,64,30,30,cosine,uniform,1,32,0,0.2408333420753479,0.24266666173934937,-0.05979226529598236,0.011405621072335195,0.03,23.51,1.0,6080,0,0,,,,,,
learned,learned,learned,bipolar,none,raw,"{""epochs"": 60}",,,linear,0,64,64,30,30,cosine,uniform,1,32,0,0.9891666769981384,0.9893333315849304,0.3882156014442444,0.5779351567061667,0.327,24.0,1.0,6208,0,0,,,,,,
datainformed_k16,datainformed,datainformed,bipolar,none,raw,"{""K"": 16}",,,linear,0,64,64,30,30,cosine,uniform,1,32,0,0.8641666769981384,0.8713333010673523,0.14446474611759186,0.582716610370718,0.014,23.5,1.0,6080,0,0,,,,,,
gaussian,linear,gaussian,bipolar,none,raw,,,,linear,0,128,64,30,30,cosine,uniform,1,32,0,0.95250004529953,0.9446666836738586,0.1898597776889801,0.7199148365162805,0.007,47.0,1.0,12160,0,0,1.0,64.0,,,,
rademacher,linear,rademacher,bipolar,none,raw,,,,linear,0,128,64,30,30,cosine,uniform,1,32,0,0.9550000429153442,0.9473333358764648,0.1976158171892166,0.689283235090421,0.006,47.0,1.0,12160,0,0,1.0,64.0,,,,
very_sparse,linear,very_sparse,bipolar,none,raw,,,,linear,0,128,64,30,30,cosine,uniform,1,32,0,0.9433333277702332,0.9393333196640015,0.19246697425842285,0.6992300566530683,0.006,19.08,1.0,5012,0,0,0.1274,64.0,,,,
count_sketch,linear,count_sketch,bipolar,none,raw,,,,linear,0,128,64,30,30,cosine,uniform,1,32,0,0.8925000429153442,0.8939999938011169,0.037502288818359375,0.5984058116404325,0.009,15.25,1.0,4032,0,0,0.0078,52.0,,,,
srht,linear,srht,bipolar,none,raw,,,,linear,0,128,64,30,30,cosine,uniform,1,32,0,0.9100000262260437,0.9133332967758179,0.17196457087993622,0.5591597808810048,0.009,47.0,1.0,12160,0,0,1.0,59.0,,,,
orthogonal,linear,orthogonal,bipolar,none,raw,,,,linear,0,128,64,30,30,cosine,uniform,1,32,0,0.9891666769981384,0.9819999933242798,0.2327873557806015,0.7823267837804438,0.005,47.0,1.0,12160,0,0,1.0,64.0,,,,
sobol,linear,sobol,bipolar,none,raw,,,,linear,0,128,64,30,30,cosine,uniform,1,32,0,0.9541667103767395,0.9519999623298645,0.19697020947933197,0.7151601077939718,0.008,47.0,1.0,12160,0,0,1.0,64.0,,,,
signrff_tuned,rff,rff,bipolar,none,raw,"{""bw_grid"": [0.05, 0.1, 0.25, 0.5, 1.0], ""bw_select"": ""val""}",,,linear,0,128,64,30,30,cosine,uniform,1,32,0,0.955833375453949,0.9626666307449341,0.07448751479387283,0.4979614633416567,0.031,47.5,32.0,12160,0,0,,,,,,
fpe_b1,fpe,fpe,bipolar,none,raw,"{""bw_scale"": 0.25, ""phase_bits"": 1}",,,linear,0,128,64,30,30,cosine,uniform,1,32,0,0.46833333373069763,0.44733333587646484,-0.006061257794499397,0.02284442860476074,0.031,47.02,1.0,12160,0,0,,,,,,
learned,learned,learned,bipolar,none,raw,"{""epochs"": 60}",,,linear,0,128,64,30,30,cosine,uniform,1,32,0,0.9950000047683716,0.9913333058357239,0.4042890667915344,0.6330906957571009,0.283,47.5,1.0,12288,0,0,,,,,,
datainformed_k16,datainformed,datainformed,bipolar,none,raw,"{""K"": 16}",,,linear,0,128,64,30,30,cosine,uniform,1,32,0,0.9591667056083679,0.9526666402816772,0.1943475306034088,0.699560374058936,0.012,47.0,1.0,12160,0,0,,,,,,
gaussian,linear,gaussian,bipolar,none,raw,,,,linear,0,256,64,30,30,cosine,uniform,1,32,0,0.9808333516120911,0.9746666550636292,0.2254595309495926,0.8196357294635678,0.012,94.0,1.0,24320,0,0,1.0,64.0,,,,
rademacher,linear,rademacher,bipolar,none,raw,,,,linear,0,256,64,30,30,cosine,uniform,1,32,0,0.9866666793823242,0.9806666374206543,0.2273268848657608,0.8055856423253556,0.006,94.0,1.0,24320,0,0,1.0,64.0,,,,
very_sparse,linear,very_sparse,bipolar,none,raw,,,,linear,0,256,64,30,30,cosine,uniform,1,32,0,0.98416668176651,0.981333315372467,0.2240752875804901,0.8074665604241178,0.006,38.06,1.0,10000,0,0,0.126,64.0,,,,
count_sketch,linear,count_sketch,bipolar,none,raw,,,,linear,0,256,64,30,30,cosine,uniform,1,32,0,0.9450000524520874,0.9393333196640015,0.022543685510754585,0.6344995879495287,0.007,30.25,1.0,8000,0,0,0.0039,59.0,,,,
srht,linear,srht,bipolar,none,raw,,,,linear,0,256,64,30,30,cosine,uniform,1,32,0,0.9191666841506958,0.9259999990463257,0.17134620249271393,0.5991100954641324,0.014,94.0,1.0,24320,0,0,1.0,64.0,,,,
orthogonal,linear,orthogonal,bipolar,none,raw,,,,linear,0,256,64,30,30,cosine,uniform,1,32,0,0.9908333420753479,0.9906666278839111,0.24597524106502533,0.8694877816055057,0.011,94.0,1.0,24320,0,0,1.0,64.0,,,,
sobol,linear,sobol,bipolar,none,raw,,,,linear,0,256,64,30,30,cosine,uniform,1,32,0,0.987500011920929,0.9806666374206543,0.23671206831932068,0.8390490759317198,0.008,94.0,1.0,24320,0,0,1.0,64.0,,,,
signrff_tuned,rff,rff,bipolar,none,raw,"{""bw_grid"": [0.05, 0.1, 0.25, 0.5, 1.0], ""bw_select"": ""val""}",,,linear,0,256,64,30,30,cosine,uniform,1,32,0,0.9825000166893005,0.9800000190734863,0.08675871044397354,0.5949674282333537,0.03,95.0,32.0,24320,0,0,,,,,,
fpe_b1,fpe,fpe,bipolar,none,raw,"{""bw_scale"": 0.25, ""phase_bits"": 1}",,,linear,0,256,64,30,30,cosine,uniform,1,32,0,0.7325000166893005,0.7206666469573975,0.03143619745969772,0.02537301424741957,0.03,94.03,1.0,24320,0,0,,,,,,
learned,learned,learned,bipolar,none,raw,"{""epochs"": 60}",,,linear,0,256,64,30,30,cosine,uniform,1,32,0,0.9975000023841858,0.9953333139419556,0.4184929132461548,0.6739255273908373,0.292,94.5,1.0,24448,0,0,,,,,,
datainformed_k16,datainformed,datainformed,bipolar,none,raw,"{""K"": 16}",,,linear,0,256,64,30,30,cosine,uniform,1,32,0,0.9858333468437195,0.9866666793823242,0.22676539421081543,0.8010543952066355,0.013,94.0,1.0,24320,0,0,,,,,,
gaussian,linear,gaussian,bipolar,none,raw,,,,linear,0,512,64,30,30,cosine,uniform,1,32,0,0.9925000071525574,0.9853333234786987,0.24195100367069244,0.8920772133483712,0.007,188.0,1.0,48640,0,0,1.0,64.0,,,,
rademacher,linear,rademacher,bipolar,none,raw,,,,linear,0,512,64,30,30,cosine,uniform,1,32,0,0.9916666746139526,0.9919999837875366,0.24595722556114197,0.8868654691116651,0.006,188.0,1.0,48640,0,0,1.0,64.0,,,,
very_sparse,linear,very_sparse,bipolar,none,raw,,,,linear,0,512,64,30,30,cosine,uniform,1,32,0,0.9883333444595337,0.9906666278839111,0.24309897422790527,0.8845354983139959,0.006,76.0,1.0,19969,0,0,0.125,64.0,,,,
count_sketch,linear,count_sketch,bipolar,none,raw,,,,linear,0,512,64,30,30,cosine,uniform,1,32,0,0.95250004529953,0.9559999704360962,0.012388288043439388,0.6623232322319833,0.008,60.25,1.0,15936,0,0,0.002,64.0,,,,
srht,linear,srht,bipolar,none,raw,,,,linear,0,512,64,30,30,cosine,uniform,1,32,0,0.9358333349227905,0.9266666769981384,0.18141452968120575,0.6290538262853547,0.008,188.0,1.0,48640,0,0,1.0,64.0,,,,
orthogonal,linear,orthogonal,bipolar,none,raw,,,,linear,0,512,64,30,30,cosine,uniform,1,32,0,0.9916666746139526,0.9946666359901428,0.25404834747314453,0.9267710900971942,0.007,188.0,1.0,48640,0,0,1.0,64.0,,,,
sobol,linear,sobol,bipolar,none,raw,,,,linear,0,512,64,30,30,cosine,uniform,1,32,0,0.9941666722297668,0.9926666617393494,0.2506924569606781,0.9132833702500989,0.008,188.0,1.0,48640,0,0,1.0,64.0,,,,
signrff_tuned,rff,rff,bipolar,none,raw,"{""bw_grid"": [0.05, 0.1, 0.25, 0.5, 1.0], ""bw_select"": ""val""}",,,linear,0,512,64,30,30,cosine,uniform,1,32,0,0.9933333396911621,0.9886666536331177,0.09666699171066284,0.676088568351011,0.032,190.0,32.0,48640,0,0,,,,,,
fpe_b1,fpe,fpe,bipolar,none,raw,"{""bw_scale"": 0.25, ""phase_bits"": 1}",,,linear,0,512,64,30,30,cosine,uniform,1,32,0,0.9041666984558105,0.8866666555404663,0.054833415895700455,0.029703937302968053,0.029,188.06,1.0,48640,0,0,,,,,,
learned,learned,learned,bipolar,none,raw,"{""epochs"": 60}",,,linear,0,512,64,30,30,cosine,uniform,1,32,0,0.9983333349227905,0.9973333477973938,0.4226140081882477,0.6966731501597878,0.307,188.5,1.0,48768,0,0,,,,,,
datainformed_k16,datainformed,datainformed,bipolar,none,raw,"{""K"": 16}",,,linear,0,512,64,30,30,cosine,uniform,1,32,0,0.9950000047683716,0.9873332977294922,0.2439764440059662,0.885529539007521,0.015,188.0,1.0,48640,0,0,,,,,,
gaussian,linear,gaussian,bipolar,none,raw,,,,linear,0,1024,64,30,30,cosine,uniform,1,32,0,0.9950000047683716,0.9926666617393494,0.2523500323295593,0.9389883125250222,0.007,376.0,1.0,97280,0,0,1.0,64.0,,,,
rademacher,linear,rademacher,bipolar,none,raw,,,,linear,0,1024,64,30,30,cosine,uniform,1,32,0,0.996666669845581,0.9946666359901428,0.2538761496543884,0.9356041146052905,0.007,376.0,1.0,97280,0,0,1.0,64.0,,,,
very_sparse,linear,very_sparse,bipolar,none,raw,,,,linear,0,1024,64,30,30,cosine,uniform,1,32,0,0.9941666722297668,0.9933333396911621,0.2521238923072815,0.9368324292415536,0.007,152.26,1.0,40002,0,0,0.126,64.0,,,,
count_sketch,linear,count_sketch,bipolar,none,raw,,,,linear,0,1024,64,30,30,cosine,uniform,1,32,0,0.95250004529953,0.9566666483879089,0.006033497862517834,0.6644336060142477,0.008,120.25,1.0,31808,0,0,0.001,64.0,,,,
srht,linear,srht,bipolar,none,raw,,,,linear,0,1024,64,30,30,cosine,uniform,1,32,0,0.9424999952316284,0.9519999623298645,0.19666218757629395,0.6471619911838938,0.009,376.0,1.0,97280,0,0,1.0,64.0,,,,
orthogonal,linear,orthogonal,bipolar,none,raw,,,,linear,0,1024,64,30,30,cosine,uniform,1,32,0,0.996666669845581,0.9953333139419556,0.2580244541168213,0.9614708518618931,0.009,376.0,1.0,97280,0,0,1.0,64.0,,,,
sobol,linear,sobol,bipolar,none,raw,,,,linear,0,1024,64,30,30,cosine,uniform,1,32,0,0.9950000047683716,0.9959999918937683,0.25761324167251587,0.9579556070155563,0.009,376.0,1.0,97280,0,0,1.0,64.0,,,,
signrff_tuned,rff,rff,bipolar,none,raw,"{""bw_grid"": [0.05, 0.1, 0.25, 0.5, 1.0], ""bw_select"": ""val""}",,,linear,0,1024,64,30,30,cosine,uniform,1,32,0,0.9958333373069763,0.9946666359901428,0.13805921375751495,0.656032741500568,0.032,380.0,32.0,97280,0,0,,,,,,
fpe_b1,fpe,fpe,bipolar,none,raw,"{""bw_scale"": 0.25, ""phase_bits"": 1}",,,linear,0,1024,64,30,30,cosine,uniform,1,32,0,0.9566667079925537,0.9626666307449341,0.06662259995937347,0.04137796599816011,0.029,376.12,1.0,97280,0,0,,,,,,
learned,learned,learned,bipolar,none,raw,"{""epochs"": 60}",,,linear,0,1024,64,30,30,cosine,uniform,1,32,0,0.9983333349227905,0.996666669845581,0.4248325824737549,0.7107328237919461,0.298,376.5,1.0,97408,0,0,,,,,,
datainformed_k16,datainformed,datainformed,bipolar,none,raw,"{""K"": 16}",,,linear,0,1024,64,30,30,cosine,uniform,1,32,0,0.9941666722297668,0.9946666359901428,0.2516322135925293,0.937530604755979,0.021,376.0,1.0,97280,0,0,,,,,,
gaussian,linear,gaussian,bipolar,none,raw,,,,linear,0,2048,64,30,30,cosine,uniform,1,32,0,0.9958333373069763,0.9940000176429749,0.25788623094558716,0.9678981833632141,0.01,752.0,1.0,194560,0,0,1.0,64.0,,,,
rademacher,linear,rademacher,bipolar,none,raw,,,,linear,0,2048,64,30,30,cosine,uniform,1,32,0,0.996666669845581,0.9953333139419556,0.2579458951950073,0.9665623011792244,0.009,752.0,1.0,194560,0,0,1.0,64.0,,,,
very_sparse,linear,very_sparse,bipolar,none,raw,,,,linear,0,2048,64,30,30,cosine,uniform,1,32,0,0.9950000047683716,0.9940000176429749,0.25650522112846375,0.9649275418090294,0.009,305.16,1.0,80170,0,0,0.1273,64.0,,,,
count_sketch,linear,count_sketch,bipolar,none,raw,,,,linear,0,2048,64,30,30,cosine,uniform,1,32,0,0.95250004529953,0.9559999704360962,0.002978385193273425,0.6617705827113445,0.01,240.25,1.0,63552,0,0,0.0005,64.0,,,,
srht,linear,srht,bipolar,none,raw,,,,linear,0,2048,64,30,30,cosine,uniform,1,32,0,0.9516667127609253,0.9566666483879089,0.19862420856952667,0.6564083453806709,0.011,752.0,1.0,194560,0,0,1.0,64.0,,,,
orthogonal,linear,orthogonal,bipolar,none,raw,,,,linear,0,2048,64,30,30,cosine,uniform,1,32,0,0.9975000023841858,0.9959999918937683,0.2605483829975128,0.9803184671002605,0.017,752.0,1.0,194560,0,0,1.0,64.0,,,,
sobol,linear,sobol,bipolar,none,raw,,,,linear,0,2048,64,30,30,cosine,uniform,1,32,0,0.9975000023841858,0.9946666359901428,0.25981900095939636,0.9788904417563504,0.02,752.0,1.0,194560,0,0,1.0,64.0,,,,
signrff_tuned,rff,rff,bipolar,none,raw,"{""bw_grid"": [0.05, 0.1, 0.25, 0.5, 1.0], ""bw_select"": ""val""}",,,linear,0,2048,64,30,30,cosine,uniform,1,32,0,0.9975000023841858,0.9959999918937683,0.09737372398376465,0.6970112929658225,0.034,760.0,32.0,194560,0,0,,,,,,
fpe_b1,fpe,fpe,bipolar,none,raw,"{""bw_scale"": 0.25, ""phase_bits"": 1}",,,linear,0,2048,64,30,30,cosine,uniform,1,32,0,0.9825000166893005,0.9819999933242798,0.07377896457910538,0.047683569988870765,0.03,752.25,1.0,194560,0,0,,,,,,
learned,learned,learned,bipolar,none,raw,"{""epochs"": 60}",,,linear,0,2048,64,30,30,cosine,uniform,1,32,0,0.9975000023841858,0.996666669845581,0.4246296286582947,0.7158008842025156,0.332,752.5,1.0,194688,0,0,,,,,,
datainformed_k16,datainformed,datainformed,bipolar,none,raw,"{""K"": 16}",,,linear,0,2048,64,30,30,cosine,uniform,1,32,0,0.996666669845581,0.9946666359901428,0.2572617828845978,0.9671468258321156,0.033,752.0,1.0,194560,0,0,,,,,,
gaussian,linear,gaussian,bipolar,none,raw,,,,linear,0,4096,64,30,30,cosine,uniform,1,32,0,0.996666669845581,0.9959999918937683,0.260096937417984,0.9832167550986861,0.017,1504.0,1.0,389120,0,0,1.0,64.0,,,,
rademacher,linear,rademacher,bipolar,none,raw,,,,linear,0,4096,64,30,30,cosine,uniform,1,32,0,0.9975000023841858,0.9959999918937683,0.26027554273605347,0.9829952981378282,0.016,1504.0,1.0,389120,0,0,1.0,64.0,,,,
very_sparse,linear,very_sparse,bipolar,none,raw,,,,linear,0,4096,64,30,30,cosine,uniform,1,32,0,0.9958333373069763,0.9953333139419556,0.25843003392219543,0.981434583006688,0.015,609.3,1.0,160077,0,0,0.1263,64.0,,,,
count_sketch,linear,count_sketch,bipolar,none,raw,,,,linear,0,4096,64,30,30,cosine,uniform,1,32,0,0.95250004529953,0.9566666483879089,0.0014792003203183413,0.6644336060142477,0.016,480.25,1.0,127040,0,0,0.0002,64.0,,,,
srht,linear,srht,bipolar,none,raw,,,,linear,0,4096,64,30,30,cosine,uniform,1,32,0,0.9575000405311584,0.9440000057220459,0.19914083182811737,0.6603194492505442,0.018,1504.0,1.0,389120,0,0,1.0,64.0,,,,
orthogonal,linear,orthogonal,bipolar,none,raw,,,,linear,0,4096,64,30,30,cosine,uniform,1,32,0,0.9975000023841858,0.9959999918937683,0.26165539026260376,0.9900241104750576,0.028,1504.0,1.0,389120,0,0,1.0,64.0,,,,
sobol,linear,sobol,bipolar,none,raw,,,,linear,0,4096,64,30,30,cosine,uniform,1,32,0,0.9975000023841858,0.9959999918937683,0.2602688670158386,0.9893835741656136,0.037,1504.0,1.0,389120,0,0,1.0,64.0,,,,
signrff_tuned,rff,rff,bipolar,none,raw,"{""bw_grid"": [0.05, 0.1, 0.25, 0.5, 1.0], ""bw_select"": ""val""}",,,linear,0,4096,64,30,30,cosine,uniform,1,32,0,0.9983333349227905,0.9959999918937683,0.14013239741325378,0.6897213786702145,0.047,1520.0,32.0,389120,0,0,,,,,,
fpe_b1,fpe,fpe,bipolar,none,raw,"{""bw_scale"": 0.25, ""phase_bits"": 1}",,,linear,0,4096,64,30,30,cosine,uniform,1,32,0,0.98416668176651,0.9886666536331177,0.07655137777328491,0.04546359113093857,0.038,1504.5,1.0,389120,0,0,,,,,,
learned,learned,learned,bipolar,none,raw,"{""epochs"": 60}",,,linear,0,4096,64,30,30,cosine,uniform,1,32,0,0.9983333349227905,0.996666669845581,0.422369122505188,0.7218628986878775,0.313,1504.5,1.0,389248,0,0,,,,,,
datainformed_k16,datainformed,datainformed,bipolar,none,raw,"{""K"": 16}",,,linear,0,4096,64,30,30,cosine,uniform,1,32,0,0.996666669845581,0.9953333139419556,0.26095497608184814,0.9833279501125005,0.084,1504.0,1.0,389120,0,0,,,,,,
gaussian,linear,gaussian,bipolar,none,raw,,,,linear,1,32,64,30,30,cosine,uniform,1,32,0,0.6299999952316284,0.6119999885559082,0.033490847796201706,0.5235679313118443,0.013,11.75,1.0,3040,0,0,1.0,32.0,,,,
rademacher,linear,rademacher,bipolar,none,raw,,,,linear,1,32,64,30,30,cosine,uniform,1,32,0,0.6358333230018616,0.637333333492279,0.0427803136408329,0.4426759213083374,0.009,11.75,1.0,3040,0,0,1.0,32.0,,,,
very_sparse,linear,very_sparse,bipolar,none,raw,,,,linear,1,32,64,30,30,cosine,uniform,1,32,0,0.5625,0.5413333177566528,0.0017326425295323133,0.4252865083461687,0.009,4.85,1.0,1273,0,0,0.1372,32.0,,,,
count_sketch,linear,count_sketch,bipolar,none,raw,,,,linear,1,32,64,30,30,cosine,uniform,1,32,0,0.5925000309944153,0.5853333473205566,0.021682435646653175,0.43822781425254914,0.009,4.0,1.0,1056,0,0,0.0312,28.0,,,,
srht,linear,srht,bipolar,none,raw,,,,linear,1,32,64,30,30,cosine,uniform,1,32,0,0.6425000429153442,0.6119999885559082,0.041183747351169586,0.4462823049039003,0.009,11.75,1.0,3040,0,0,1.0,29.0,,,,
orthogonal,linear,orthogonal,bipolar,none,raw,,,,linear,1,32,64,30,30,cosine,uniform,1,32,0,0.7225000262260437,0.7179999947547913,0.08304420113563538,0.47433654781298207,0.009,11.75,1.0,3040,0,0,1.0,32.0,,,,
sobol,linear,sobol,bipolar,none,raw,,,,linear,1,32,64,30,30,cosine,uniform,1,32,0,0.5641666650772095,0.5426666736602783,0.002903619082644582,0.41465723990646236,0.011,11.75,1.0,3040,0,0,1.0,32.0,,,,
signrff_tuned,rff,rff,bipolar,none,raw,"{""bw_grid"": [0.05, 0.1, 0.25, 0.5, 1.0], ""bw_select"": ""val""}",,,linear,1,32,64,30,30,cosine,uniform,1,32,0,0.6683333516120911,0.6639999747276306,0.02225736528635025,0.3312285248086139,0.032,11.88,32.0,3040,0,0,,,,,,
fpe_b1,fpe,fpe,bipolar,none,raw,"{""bw_scale"": 0.25, ""phase_bits"": 1}",,,linear,1,32,64,30,30,cosine,uniform,1,32,0,0.12333333492279053,0.12866666913032532,-0.16718915104866028,0.004673961781798109,0.029,11.75,1.0,3040,0,0,,,,,,
learned,learned,learned,bipolar,none,raw,"{""epochs"": 60}",,,linear,1,32,64,30,30,cosine,uniform,1,32,0,0.9775000214576721,0.9779999852180481,0.3630650043487549,0.5123840577464459,0.292,12.25,1.0,3168,0,0,,,,,,
datainformed_k16,datainformed,datainformed,bipolar,none,raw,"{""K"": 16}",,,linear,1,32,64,30,30,cosine,uniform,1,32,0,0.6516667008399963,0.6340000033378601,0.05722885951399803,0.4492424628520525,0.013,11.75,1.0,3040,0,0,,,,,,
gaussian,linear,gaussian,bipolar,none,raw,,,,linear,1,64,64,30,30,cosine,uniform,1,32,0,0.8741666674613953,0.8586666584014893,0.1326155960559845,0.6118984833455416,0.009,23.5,1.0,6080,0,0,1.0,64.0,,,,
rademacher,linear,rademacher,bipolar,none,raw,,,,linear,1,64,64,30,30,cosine,uniform,1,32,0,0.862500011920929,0.8659999966621399,0.13235698640346527,0.5690176851651981,0.009,23.5,1.0,6080,0,0,1.0,64.0,,,,
very_sparse,linear,very_sparse,bipolar,none,raw,,,,linear,1,64,64,30,30,cosine,uniform,1,32,0,0.8550000190734863,0.840666651725769,0.11993689835071564,0.5549110406284544,0.009,9.72,1.0,2552,0,0,0.1387,64.0,,,,
count_sketch,linear,count_sketch,bipolar,none,raw,,,,linear,1,64,64,30,30,cosine,uniform,1,32,0,0.815833330154419,0.7893333435058594,0.042310141026973724,0.5407903136991478,0.01,7.75,1.0,2048,0,0,0.0156,42.0,,,,
srht,linear,srht,bipolar,none,raw,,,,linear,1,64,64,30,30,cosine,uniform,1,32,0,0.78083336353302,0.7986666560173035,0.10397762060165405,0.4951497448059408,0.009,23.5,1.0,6080,0,0,1.0,43.0,,,,
orthogonal,linear,orthogonal,bipolar,none,raw,,,,linear,1,64,64,30,30,cosine,uniform,1,32,0,0.9475000500679016,0.9546666741371155,0.2024773359298706,0.6637028144102076,0.007,23.5,1.0,6080,0,0,1.0,64.0,,,,
sobol,linear,sobol,bipolar,none,raw,,,,linear,1,64,64,30,30,cosine,uniform,1,32,0,0.85916668176651,0.8499999642372131,0.11910983920097351,0.5571068935708227,0.011,23.5,1.0,6080,0,0,1.0,64.0,,,,
signrff_tuned,rff,rff,bipolar,none,raw,"{""bw_grid"": [0.05, 0.1, 0.25, 0.5, 1.0], ""bw_select"": ""val""}",,,linear,1,64,64,30,30,cosine,uniform,1,32,0,0.9041666984558105,0.8793333172798157,0.05081501603126526,0.3947707827736569,0.029,23.75,32.0,6080,0,0,,,,,,
fpe_b1,fpe,fpe,bipolar,none,raw,"{""bw_scale"": 0.25, ""phase_bits"": 1}",,,linear,1,64,64,30,30,cosine,uniform,1,32,0,0.24833333492279053,0.24266666173934937,-0.06738919019699097,0.009614891705500533,0.028,23.51,1.0,6080,0,0,,,,,,
learned,learned,learned,bipolar,none,raw,"{""epochs"": 60}",,,linear,1,64,64,30,30,cosine,uniform,1,32,0,0.9908333420753479,0.9919999837875366,0.3919728696346283,0.5871142988494412,0.336,24.0,1.0,6208,0,0,,,,,,
datainformed_k16,datainformed,datainformed,bipolar,none,raw,"{""K"": 16}",,,linear,1,64,64,30,30,cosine,uniform,1,32,0,0.8683333396911621,0.8726666569709778,0.14062762260437012,0.5663271325044217,0.014,23.5,1.0,6080,0,0,,,,,,
gaussian,linear,gaussian,bipolar,none,raw,,,,linear,1,128,64,30,30,cosine,uniform,1,32,0,0.9516667127609253,0.9440000057220459,0.18636758625507355,0.712857997940081,0.007,47.0,1.0,12160,0,0,1.0,64.0,,,,
rademacher,linear,rademacher,bipolar,none,raw,,,,linear,1,128,64,30,30,cosine,uniform,1,32,0,0.9608333706855774,0.9539999961853027,0.20392175018787384,0.6953864495874187,0.006,47.0,1.0,12160,0,0,1.0,64.0,,,,
very_sparse,linear,very_sparse,bipolar,none,raw,,,,linear,1,128,64,30,30,cosine,uniform,1,32,0,0.9550000429153442,0.9553333520889282,0.1973106861114502,0.6932388475110935,0.006,19.2,1.0,5043,0,0,0.1312,64.0,,,,
count_sketch,linear,count_sketch,bipolar,none,raw,,,,linear,1,128,64,30,30,cosine,uniform,1,32,0,0.9066666960716248,0.8973333239555359,0.035467445850372314,0.5965444783560983,0.009,15.25,1.0,4032,0,0,0.0078,52.0,,,,
srht,linear,srht,bipolar,none,raw,,,,linear,1,128,64,30,30,cosine,uniform,1,32,0,0.9200000166893005,0.9020000100135803,0.16870653629302979,0.581500932576851,0.008,47.0,1.0,12160,0,0,1.0,59.0,,,,
orthogonal,linear,orthogonal,bipolar,none,raw,,,,linear,1,128,64,30,30,cosine,uniform,1,32,0,0.98416668176651,0.9826666712760925,0.23362210392951965,0.7783384418642779,0.006,47.0,1.0,12160,0,0,1.0,64.0,,,,
sobol,linear,sobol,bipolar,none,raw,,,,linear,1,128,64,30,30,cosine,uniform,1,32,0,0.9608333706855774,0.9639999866485596,0.20700030028820038,0.7093529587555113,0.008,47.0,1.0,12160,0,0,1.0,64.0,,,,
signrff_tuned,rff,rff,bipolar,none,raw,"{""bw_grid"": [0.05, 0.1, 0.25, 0.5, 1.0], ""bw_select"": ""val""}",,,linear,1,128,64,30,30,cosine,uniform,1,32,0,0.9725000262260437,0.9666666388511658,0.0852830708026886,0.5225205928169878,0.029,47.5,32.0,12160,0,0,,,,,,
fpe_b1,fpe,fpe,bipolar,none,raw,"{""bw_scale"": 0.25, ""phase_bits"": 1}",,,linear,1,128,64,30,30,cosine,uniform,1,32,0,0.45000001788139343,0.46133333444595337,-0.005681207403540611,0.01613878651314457,0.028,47.02,1.0,12160,0,0,,,,,,
learned,learned,learned,bipolar,none,raw,"{""epochs"": 60}",,,linear,1,128,64,30,30,cosine,uniform,1,32,0,0.996666669845581,0.9940000176429749,0.4085038900375366,0.6500289071705546,0.307,47.5,1.0,12288,0,0,,,,,,
datainformed_k16,datainformed,datainformed,bipolar,none,raw,"{""K"": 16}",,,linear,1,128,64,30,30,cosine,uniform,1,32,0,0.96833336353302,0.9566666483879089,0.2012777328491211,0.6889456399726664,0.012,47.0,1.0,12160,0,0,,,,,,
gaussian,linear,gaussian,bipolar,none,raw,,,,linear,1,256,64,30,30,cosine,uniform,1,32,0,0.9850000143051147,0.9753333330154419,0.22000658512115479,0.8106204610052659,0.006,94.0,1.0,24320,0,0,1.0,64.0,,,,
rademacher,linear,rademacher,bipolar,none,raw,,,,linear,1,256,64,30,30,cosine,uniform,1,32,0,0.9808333516120911,0.9800000190734863,0.23017576336860657,0.8031446537882386,0.006,94.0,1.0,24320,0,0,1.0,64.0,,,,
very_sparse,linear,very_sparse,bipolar,none,raw,,,,linear,1,256,64,30,30,cosine,uniform,1,32,0,0.9800000190734863,0.9826666712760925,0.22542569041252136,0.8071747549318093,0.006,38.22,1.0,10040,0,0,0.1284,64.0,,,,
count_sketch,linear,count_sketch,bipolar,none,raw,,,,linear,1,256,64,30,30,cosine,uniform,1,32,0,0.9416666626930237,0.9333333373069763,0.021137623116374016,0.6294239791240165,0.007,30.25,1.0,8000,0,0,0.0039,58.0,,,,
srht,linear,srht,bipolar,none,raw,,,,linear,1,256,64,30,30,cosine,uniform,1,32,0,0.9375,0.9366666674613953,0.1846805363893509,0.6096209705076541,0.008,94.0,1.0,24320,0,0,1.0,64.0,,,,
orthogonal,linear,orthogonal,bipolar,none,raw,,,,linear,1,256,64,30,30,cosine,uniform,1,32,0,0.9925000071525574,0.9866666793823242,0.24600163102149963,0.8658664867852575,0.007,94.0,1.0,24320,0,0,1.0,64.0,,,,
sobol,linear,sobol,bipolar,none,raw,,,,linear,1,256,64,30,30,cosine,uniform,1,32,0,0.987500011920929,0.9879999756813049,0.2383340448141098,0.8359610398617624,0.008,94.0,1.0,24320,0,0,1.0,64.0,,,,
signrff_tuned,rff,rff,bipolar,none,raw,"{""bw_grid"": [0.05, 0.1, 0.25, 0.5, 1.0], ""bw_select"": ""val""}",,,linear,1,256,64,30,30,cosine,uniform,1,32,0,0.9850000143051147,0.9806666374206543,0.09453260898590088,0.620803895638114,0.027,95.0,32.0,24320,0,0,,,,,,
fpe_b1,fpe,fpe,bipolar,none,raw,"{""bw_scale"": 0.25, ""phase_bits"": 1}",,,linear,1,256,64,30,30,cosine,uniform,1,32,0,0.7125000357627869,0.70333331823349,0.027652882039546967,0.021568695764093388,0.026,94.03,1.0,24320,0,0,,,,,,
learned,learned,learned,bipolar,none,raw,"{""epochs"": 60}",,,linear,1,256,64,30,30,cosine,uniform,1,32,0,0.9991666674613953,0.996666669845581,0.42484593391418457,0.6877219482628344,0.325,94.5,1.0,24448,0,0,,,,,,
datainformed_k16,datainformed,datainformed,bipolar,none,raw,"{""K"": 16}",,,linear,1,256,64,30,30,cosine,uniform,1,32,0,0.9883333444595337,0.9800000190734863,0.22398750483989716,0.8068249056755504,0.012,94.0,1.0,24320,0,0,,,,,,
gaussian,linear,gaussian,bipolar,none,raw,,,,linear,1,512,64,30,30,cosine,uniform,1,32,0,0.9908333420753479,0.9860000014305115,0.24046951532363892,0.8864091350609324,0.006,188.0,1.0,48640,0,0,1.0,64.0,,,,
rademacher,linear,rademacher,bipolar,none,raw,,,,linear,1,512,64,30,30,cosine,uniform,1,32,0,0.9941666722297668,0.9893333315849304,0.24460262060165405,0.8852217762910883,0.006,188.0,1.0,48640,0,0,1.0,64.0,,,,
very_sparse,linear,very_sparse,bipolar,none,raw,,,,linear,1,512,64,30,30,cosine,uniform,1,32,0,0.9925000071525574,0.9879999756813049,0.24372999370098114,0.8877840515342839,0.006,76.36,1.0,20060,0,0,0.1278,64.0,,,,
count_sketch,linear,count_sketch,bipolar,none,raw,,,,linear,1,512,64,30,30,cosine,uniform,1,32,0,0.9550000429153442,0.9446666836738586,0.011089912615716457,0.6428823599052831,0.007,60.25,1.0,15936,0,0,0.002,60.0,,,,
srht,linear,srht,bipolar,none,raw,,,,linear,1,512,64,30,30,cosine,uniform,1,32,0,0.9458333849906921,0.9453333020210266,0.19914191961288452,0.6298219804074099,0.008,188.0,1.0,48640,0,0,1.0,64.0,,,,
orthogonal,linear,orthogonal,bipolar,none,raw,,,,linear,1,512,64,30,30,cosine,uniform,1,32,0,0.9975000023841858,0.9913333058357239,0.25448253750801086,0.9254467620082856,0.007,188.0,1.0,48640,0,0,1.0,64.0,,,,
sobol,linear,sobol,bipolar,none,raw,,,,linear,1,512,64,30,30,cosine,uniform,1,32,0,0.9975000023841858,0.996666669845581,0.2537592053413391,0.9181927187983295,0.008,188.0,1.0,48640,0,0,1.0,64.0,,,,
signrff_tuned,rff,rff,bipolar,none,raw,"{""bw_grid"": [0.05, 0.1, 0.25, 0.5, 1.0], ""bw_select"": ""val""}",,,linear,1,512,64,30,30,cosine,uniform,1,32,0,0.9950000047683716,0.9933333396911621,0.12845465540885925,0.5904396392343301,0.027,190.0,32.0,48640,0,0,,,,,,
fpe_b1,fpe,fpe,bipolar,none,raw,"{""bw_scale"": 0.25, ""phase_bits"": 1}",,,linear,1,512,64,30,30,cosine,uniform,1,32,0,0.9041666984558105,0.8986666798591614,0.05372031778097153,0.027058004478557232,0.024,188.06,1.0,48640,0,0,,,,,,
learned,learned,learned,bipolar,none,raw,"{""epochs"": 60}",,,linear,1,512,64,30,30,cosine,uniform,1,32,0,1.0,0.9979999661445618,0.427166223526001,0.7064501245290674,0.317,188.5,1.0,48768,0,0,,,,,,
datainformed_k16,datainformed,datainformed,bipolar,none,raw,"{""K"": 16}",,,linear,1,512,64,30,30,cosine,uniform,1,32,0,0.9925000071525574,0.9873332977294922,0.24337418377399445,0.8870428764957182,0.014,188.0,1.0,48640,0,0,,,,,,
gaussian,linear,gaussian,bipolar,none,raw,,,,linear,1,1024,64,30,30,cosine,uniform,1,32,0,1.0,0.9926666617393494,0.25013864040374756,0.9356412907035259,0.007,376.0,1.0,97280,0,0,1.0,64.0,,,,
rademacher,linear,rademacher,bipolar,none,raw,,,,linear,1,1024,64,30,30,cosine,uniform,1,32,0,0.9975000023841858,0.9900000095367432,0.25113439559936523,0.9376317030401217,0.007,376.0,1.0,97280,0,0,1.0,64.0,,,,
very_sparse,linear,very_sparse,bipolar,none,raw,,,,linear,1,1024,64,30,30,cosine,uniform,1,32,0,0.996666669845581,0.9913333058357239,0.2521273195743561,0.9358616377010147,0.006,152.43,1.0,40047,0,0,0.1267,64.0,,,,
count_sketch,linear,count_sketch,bipolar,none,raw,,,,linear,1,1024,64,30,30,cosine,uniform,1,32,0,0.9600000381469727,0.9413332939147949,0.005534617230296135,0.6469270429288454,0.008,120.25,1.0,31808,0,0,0.001,61.0,,,,
srht,linear,srht,bipolar,none,raw,,,,linear,1,1024,64,30,30,cosine,uniform,1,32,0,0.9466667175292969,0.95333331823349,0.19646073877811432,0.6482739782115264,0.009,376.0,1.0,97280,0,0,1.0,64.0,,,,
orthogonal,linear,orthogonal,bipolar,none,raw,,,,linear,1,1024,64,30,30,cosine,uniform,1,32,0,0.9991666674613953,0.9946666359901428,0.2571920156478882,0.9603912385909575,0.009,376.0,1.0,97280,0,0,1.0,64.0,,,,
sobol,linear,sobol,bipolar,none,raw,,,,linear,1,1024,64,30,30,cosine,uniform,1,32,0,0.9975000023841858,0.9973333477973938,0.2574752867221832,0.9575346454399841,0.009,376.0,1.0,97280,0,0,1.0,64.0,,,,
signrff_tuned,rff,rff,bipolar,none,raw,"{""bw_grid"": [0.05, 0.1, 0.25, 0.5, 1.0], ""bw_select"": ""val""}",,,linear,1,1024,64,30,30,cosine,uniform,1,32,0,0.9983333349227905,0.9926666617393494,0.13519887626171112,0.6495470274553127,0.028,380.0,32.0,97280,0,0,,,,,,
fpe_b1,fpe,fpe,bipolar,none,raw,"{""bw_scale"": 0.25, ""phase_bits"": 1}",,,linear,1,1024,64,30,30,cosine,uniform,1,32,0,0.9625000357627869,0.9519999623298645,0.06675177812576294,0.028165184759253423,0.025,376.12,1.0,97280,0,0,,,,,,
learned,learned,learned,bipolar,none,raw,"{""epochs"": 60}",,,linear,1,1024,64,30,30,cosine,uniform,1,32,0,1.0,0.9973333477973938,0.4280475974082947,0.7196834409029632,0.341,376.5,1.0,97408,0,0,,,,,,
datainformed_k16,datainformed,datainformed,bipolar,none,raw,"{""K"": 16}",,,linear,1,1024,64,30,30,cosine,uniform,1,32,0,0.9958333373069763,0.9940000176429749,0.25204211473464966,0.9370566646278355,0.02,376.0,1.0,97280,0,0,,,,,,
gaussian,linear,gaussian,bipolar,none,raw,,,,linear,1,2048,64,30,30,cosine,uniform,1,32,0,1.0,0.9953333139419556,0.2556321918964386,0.9667889058706503,0.01,752.0,1.0,194560,0,0,1.0,64.0,,,,
rademacher,linear,rademacher,bipolar,none,raw,,,,linear,1,2048,64,30,30,cosine,uniform,1,32,0,0.9975000023841858,0.9946666359901428,0.2553027868270874,0.9665892804381613,0.009,752.0,1.0,194560,0,0,1.0,64.0,,,,
very_sparse,linear,very_sparse,bipolar,none,raw,,,,linear,1,2048,64,30,30,cosine,uniform,1,32,0,0.9975000023841858,0.9926666617393494,0.2559327185153961,0.9656646580626808,0.009,304.43,1.0,79983,0,0,0.1258,64.0,,,,
count_sketch,linear,count_sketch,bipolar,none,raw,,,,linear,1,2048,64,30,30,cosine,uniform,1,32,0,0.9616667032241821,0.9480000138282776,0.0028587551787495613,0.6524861251990582,0.01,240.25,1.0,63552,0,0,0.0005,62.0,,,,
srht,linear,srht,bipolar,none,raw,,,,linear,1,2048,64,30,30,cosine,uniform,1,32,0,0.9466667175292969,0.9593333005905151,0.19719278812408447,0.654371473243519,0.011,752.0,1.0,194560,0,0,1.0,64.0,,,,
orthogonal,linear,orthogonal,bipolar,none,raw,,,,linear,1,2048,64,30,30,cosine,uniform,1,32,0,0.9991666674613953,0.9940000176429749,0.2588230073451996,0.9796739218284962,0.017,752.0,1.0,194560,0,0,1.0,64.0,,,,
sobol,linear,sobol,bipolar,none,raw,,,,linear,1,2048,64,30,30,cosine,uniform,1,32,0,0.9991666674613953,0.9979999661445618,0.2589271068572998,0.9781464323591351,0.026,752.0,1.0,194560,0,0,1.0,64.0,,,,
signrff_tuned,rff,rff,bipolar,none,raw,"{""bw_grid"": [0.05, 0.1, 0.25, 0.5, 1.0], ""bw_select"": ""val""}",,,linear,1,2048,64,30,30,cosine,uniform,1,32,0,0.9991666674613953,0.9946666359901428,0.14429756999015808,0.6989812658175756,0.043,760.0,32.0,194560,0,0,,,,,,
fpe_b1,fpe,fpe,bipolar,none,raw,"{""bw_scale"": 0.25, ""phase_bits"": 1}",,,linear,1,2048,64,30,30,cosine,uniform,1,32,0,0.9816666841506958,0.9746666550636292,0.07399187237024307,0.032140310445298234,0.031,752.25,1.0,194560,0,0,,,,,,
learned,learned,learned,bipolar,none,raw,"{""epochs"": 60}",,,linear,1,2048,64,30,30,cosine,uniform,1,32,0,1.0,0.9993333220481873,0.4281836748123169,0.7267766462770344,0.292,752.5,1.0,194688,0,0,,,,,,
datainformed_k16,datainformed,datainformed,bipolar,none,raw,"{""K"": 16}",,,linear,1,2048,64,30,30,cosine,uniform,1,32,0,0.9975000023841858,0.9940000176429749,0.2569029629230499,0.9678169090167549,0.052,752.0,1.0,194560,0,0,,,,,,
gaussian,linear,gaussian,bipolar,none,raw,,,,linear,1,4096,64,30,30,cosine,uniform,1,32,0,0.9991666674613953,0.996666669845581,0.2578774392604828,0.9828754963327289,0.016,1504.0,1.0,389120,0,0,1.0,64.0,,,,
rademacher,linear,rademacher,bipolar,none,raw,,,,linear,1,4096,64,30,30,cosine,uniform,1,32,0,0.9983333349227905,0.9959999918937683,0.2580358386039734,0.9826778147136952,0.016,1504.0,1.0,389120,0,0,1.0,64.0,,,,
very_sparse,linear,very_sparse,bipolar,none,raw,,,,linear,1,4096,64,30,30,cosine,uniform,1,32,0,0.9975000023841858,0.9953333139419556,0.25756338238716125,0.9811936104573347,0.019,608.57,1.0,159891,0,0,0.1256,64.0,,,,
count_sketch,linear,count_sketch,bipolar,none,raw,,,,linear,1,4096,64,30,30,cosine,uniform,1,32,0,0.9641667008399963,0.9519999623298645,0.0014585262397304177,0.6573283561120802,0.019,480.25,1.0,127040,0,0,0.0002,63.0,,,,
srht,linear,srht,bipolar,none,raw,,,,linear,1,4096,64,30,30,cosine,uniform,1,32,0,0.9458333849906921,0.95333331823349,0.20478059351444244,0.6619018012210589,0.023,1504.0,1.0,389120,0,0,1.0,64.0,,,,
orthogonal,linear,orthogonal,bipolar,none,raw,,,,linear,1,4096,64,30,30,cosine,uniform,1,32,0,0.9991666674613953,0.9959999918937683,0.2606654763221741,0.9896495241316333,0.027,1504.0,1.0,389120,0,0,1.0,64.0,,,,
sobol,linear,sobol,bipolar,none,raw,,,,linear,1,4096,64,30,30,cosine,uniform,1,32,0,0.9991666674613953,0.996666669845581,0.25925764441490173,0.9889263337237966,0.03,1504.0,1.0,389120,0,0,1.0,64.0,,,,
signrff_tuned,rff,rff,bipolar,none,raw,"{""bw_grid"": [0.05, 0.1, 0.25, 0.5, 1.0], ""bw_select"": ""val""}",,,linear,1,4096,64,30,30,cosine,uniform,1,32,0,0.9983333349227905,0.996666669845581,0.14933224022388458,0.6197166665200514,0.044,1520.0,32.0,389120,0,0,,,,,,
fpe_b1,fpe,fpe,bipolar,none,raw,"{""bw_scale"": 0.25, ""phase_bits"": 1}",,,linear,1,4096,64,30,30,cosine,uniform,1,32,0,0.9916666746139526,0.9833333492279053,0.0774909034371376,0.0336724813171082,0.035,1504.5,1.0,389120,0,0,,,,,,
learned,learned,learned,bipolar,none,raw,"{""epochs"": 60}",,,linear,1,4096,64,30,30,cosine,uniform,1,32,0,1.0,0.9973333477973938,0.42735740542411804,0.7323176411232912,0.312,1504.5,1.0,389248,0,0,,,,,,
datainformed_k16,datainformed,datainformed,bipolar,none,raw,"{""K"": 16}",,,linear,1,4096,64,30,30,cosine,uniform,1,32,0,0.9975000023841858,0.9946666359901428,0.2580004930496216,0.9827209399061916,0.08,1504.0,1.0,389120,0,0,,,,,,
gaussian,linear,gaussian,bipolar,none,raw,,,,linear,2,32,64,30,30,cosine,uniform,1,32,0,0.5800000429153442,0.621999979019165,0.033832911401987076,0.5225919628668614,0.011,11.75,1.0,3040,0,0,1.0,32.0,,,,
rademacher,linear,rademacher,bipolar,none,raw,,,,linear,2,32,64,30,30,cosine,uniform,1,32,0,0.5883333683013916,0.5820000171661377,0.01424721535295248,0.4480606548388468,0.009,11.75,1.0,3040,0,0,1.0,32.0,,,,
very_sparse,linear,very_sparse,bipolar,none,raw,,,,linear,2,32,64,30,30,cosine,uniform,1,32,0,0.6299999952316284,0.6106666326522827,0.03536298871040344,0.429922756853338,0.009,4.8,1.0,1262,0,0,0.1318,32.0,,,,
count_sketch,linear,count_sketch,bipolar,none,raw,,,,linear,2,32,64,30,30,cosine,uniform,1,32,0,0.5724999904632568,0.5579999685287476,0.01602667011320591,0.461376124648011,0.009,4.0,1.0,1056,0,0,0.0312,29.0,,,,
srht,linear,srht,bipolar,none,raw,,,,linear,2,32,64,30,30,cosine,uniform,1,32,0,0.44333335757255554,0.44066667556762695,-0.046141717582941055,0.3913509979033023,0.009,11.75,1.0,3040,0,0,1.0,25.0,,,,
orthogonal,linear,orthogonal,bipolar,none,raw,,,,linear,2,32,64,30,30,cosine,uniform,1,32,0,0.659166693687439,0.668666660785675,0.0578497089445591,0.46655949821725706,0.016,11.75,1.0,3040,0,0,1.0,32.0,,,,
sobol,linear,sobol,bipolar,none,raw,,,,linear,2,32,64,30,30,cosine,uniform,1,32,0,0.5275000333786011,0.5479999780654907,0.000556858372874558,0.4197387826394158,0.01,11.75,1.0,3040,0,0,1.0,32.0,,,,
signrff_tuned,rff,rff,bipolar,none,raw,"{""bw_grid"": [0.05, 0.1, 0.25, 0.5, 1.0], ""bw_select"": ""val""}",,,linear,2,32,64,30,30,cosine,uniform,1,32,0,0.6691666841506958,0.6459999680519104,0.01831763982772827,0.35735677727229154,0.028,11.88,32.0,3040,0,0,,,,,,
fpe_b1,fpe,fpe,bipolar,none,raw,"{""bw_scale"": 0.25, ""phase_bits"": 1}",,,linear,2,32,64,30,30,cosine,uniform,1,32,0,0.07999999821186066,0.1093333289027214,-0.20145133137702942,0.009955201444892198,0.026,11.75,1.0,3040,0,0,,,,,,
learned,learned,learned,bipolar,none,raw,"{""epochs"": 60}",,,linear,2,32,64,30,30,cosine,uniform,1,32,0,0.9725000262260437,0.9746666550636292,0.35862869024276733,0.5074406463235397,0.296,12.25,1.0,3168,0,0,,,,,,
datainformed_k16,datainformed,datainformed,bipolar,none,raw,"{""K"": 16}",,,linear,2,32,64,30,30,cosine,uniform,1,32,0,0.5800000429153442,0.5486666560173035,0.013506137765944004,0.44004002254543856,0.014,11.75,1.0,3040,0,0,,,,,,
gaussian,linear,gaussian,bipolar,none,raw,,,,linear,2,64,64,30,30,cosine,uniform,1,32,0,0.8608333468437195,0.8673333525657654,0.1379118114709854,0.6088622552750045,0.009,23.5,1.0,6080,0,0,1.0,64.0,,,,
rademacher,linear,rademacher,bipolar,none,raw,,,,linear,2,64,64,30,30,cosine,uniform,1,32,0,0.8450000286102295,0.8619999885559082,0.12665687501430511,0.5672455417403429,0.009,23.5,1.0,6080,0,0,1.0,64.0,,,,
very_sparse,linear,very_sparse,bipolar,none,raw,,,,linear,2,64,64,30,30,cosine,uniform,1,32,0,0.8700000047683716,0.8733333349227905,0.1365487277507782,0.5758550651156782,0.009,9.48,1.0,2490,0,0,0.1235,64.0,,,,
count_sketch,linear,count_sketch,bipolar,none,raw,,,,linear,2,64,64,30,30,cosine,uniform,1,32,0,0.8516666889190674,0.8420000076293945,0.061664335429668427,0.5680395070962497,0.009,7.75,1.0,2048,0,0,0.0156,45.0,,,,
srht,linear,srht,bipolar,none,raw,,,,linear,2,64,64,30,30,cosine,uniform,1,32,0,0.8050000071525574,0.8059999942779541,0.1023579090833664,0.48183251731303883,0.009,23.5,1.0,6080,0,0,1.0,41.0,,,,
orthogonal,linear,orthogonal,bipolar,none,raw,,,,linear,2,64,64,30,30,cosine,uniform,1,32,0,0.9500000476837158,0.9553333520889282,0.19450761377811432,0.6549444819376251,0.006,23.5,1.0,6080,0,0,1.0,64.0,,,,
sobol,linear,sobol,bipolar,none,raw,,,,linear,2,64,64,30,30,cosine,uniform,1,32,0,0.8450000286102295,0.8560000061988831,0.12931044399738312,0.5616374478576137,0.011,23.5,1.0,6080,0,0,1.0,64.0,,,,
signrff_tuned,rff,rff,bipolar,none,raw,"{""bw_grid"": [0.05, 0.1, 0.25, 0.5, 1.0], ""bw_select"": ""val""}",,,linear,2,64,64,30,30,cosine,uniform,1,32,0,0.9016667008399963,0.9046666622161865,0.050578102469444275,0.42876596410193846,0.028,23.75,32.0,6080,0,0,,,,,,
fpe_b1,fpe,fpe,bipolar,none,raw,"{""bw_scale"": 0.25, ""phase_bits"": 1}",,,linear,2,64,64,30,30,cosine,uniform,1,32,0,0.19583334028720856,0.2199999988079071,-0.06848835945129395,0.013782943853974404,0.026,23.51,1.0,6080,0,0,,,,,,
learned,learned,learned,bipolar,none,raw,"{""epochs"": 60}",,,linear,2,64,64,30,30,cosine,uniform,1,32,0,0.9916666746139526,0.9926666617393494,0.38631191849708557,0.589231050622248,0.338,24.0,1.0,6208,0,0,,,,,,
datainformed_k16,datainformed,datainformed,bipolar,none,raw,"{""K"": 16}",,,linear,2,64,64,30,30,cosine,uniform,1,32,0,0.8650000095367432,0.8519999980926514,0.13002893328666687,0.5720405951979256,0.014,23.5,1.0,6080,0,0,,,,,,
gaussian,linear,gaussian,bipolar,none,raw,,,,linear,2,128,64,30,30,cosine,uniform,1,32,0,0.955833375453949,0.9626666307449341,0.19667606055736542,0.7144532562950657,0.007,47.0,1.0,12160,0,0,1.0,64.0,,,,
rademacher,linear,rademacher,bipolar,none,raw,,,,linear,2,128,64,30,30,cosine,uniform,1,32,0,0.9466667175292969,0.9466666579246521,0.1896851807832718,0.6884127476218482,0.006,47.0,1.0,12160,0,0,1.0,64.0,,,,
very_sparse,linear,very_sparse,bipolar,none,raw,,,,linear,2,128,64,30,30,cosine,uniform,1,32,0,0.9641667008399963,0.9493333101272583,0.1979590654373169,0.7030184409924929,0.006,18.99,1.0,4989,0,0,0.1246,64.0,,,,
count_sketch,linear,count_sketch,bipolar,none,raw,,,,linear,2,128,64,30,30,cosine,uniform,1,32,0,0.9108333587646484,0.9160000085830688,0.039829134941101074,0.6106347798915476,0.009,15.25,1.0,4032,0,0,0.0078,53.0,,,,
srht,linear,srht,bipolar,none,raw,,,,linear,2,128,64,30,30,cosine,uniform,1,32,0,0.9025000333786011,0.9126666784286499,0.1511317789554596,0.5596020553043907,0.009,47.0,1.0,12160,0,0,1.0,57.0,,,,
orthogonal,linear,orthogonal,bipolar,none,raw,,,,linear,2,128,64,30,30,cosine,uniform,1,32,0,0.9833333492279053,0.9826666712760925,0.22506169974803925,0.7766035850819448,0.006,47.0,1.0,12160,0,0,1.0,64.0,,,,
sobol,linear,sobol,bipolar,none,raw,,,,linear,2,128,64,30,30,cosine,uniform,1,32,0,0.9566667079925537,0.965999960899353,0.2067936509847641,0.7128654108614066,0.008,47.0,1.0,12160,0,0,1.0,64.0,,,,
signrff_tuned,rff,rff,bipolar,none,raw,"{""bw_grid"": [0.05, 0.1, 0.25, 0.5, 1.0], ""bw_select"": ""val""}",,,linear,2,128,64,30,30,cosine,uniform,1,32,0,0.971666693687439,0.968666672706604,0.07561816275119781,0.529895845242584,0.025,47.5,32.0,12160,0,0,,,,,,
fpe_b1,fpe,fpe,bipolar,none,raw,"{""bw_scale"": 0.25, ""phase_bits"": 1}",,,linear,2,128,64,30,30,cosine,uniform,1,32,0,0.3958333432674408,0.4593333303928375,-0.006170245353132486,0.018170573499102304,0.026,47.02,1.0,12160,0,0,,,,,,
learned,learned,learned,bipolar,none,raw,"{""epochs"": 60}",,,linear,2,128,64,30,30,cosine,uniform,1,32,0,0.9983333349227905,0.996666669845581,0.4037620425224304,0.6428172106528282,0.287,47.5,1.0,12288,0,0,,,,,,
datainformed_k16,datainformed,datainformed,bipolar,none,raw,"{""K"": 16}",,,linear,2,128,64,30,30,cosine,uniform,1,32,0,0.9641667008399963,0.9546666741371155,0.1940372735261917,0.6928583111261257,0.013,47.0,1.0,12160,0,0,,,,,,
gaussian,linear,gaussian,bipolar,none,raw,,,,linear,2,256,64,30,30,cosine,uniform,1,32,0,0.9800000190734863,0.9833333492279053,0.2218380868434906,0.8129991400320445,0.006,94.0,1.0,24320,0,0,1.0,64.0,,,,
rademacher,linear,rademacher,bipolar,none,raw,,,,linear,2,256,64,30,30,cosine,uniform,1,32,0,0.9725000262260437,0.9833333492279053,0.22149714827537537,0.7949678971848153,0.006,94.0,1.0,24320,0,0,1.0,64.0,,,,
very_sparse,linear,very_sparse,bipolar,none,raw,,,,linear,2,256,64,30,30,cosine,uniform,1,32,0,0.9800000190734863,0.9819999933242798,0.22375386953353882,0.803721579810692,0.006,38.0,1.0,9984,0,0,0.125,64.0,,,,
count_sketch,linear,count_sketch,bipolar,none,raw,,,,linear,2,256,64,30,30,cosine,uniform,1,32,0,0.9316666722297668,0.9546666741371155,0.022909855470061302,0.6419817435812665,0.007,30.25,1.0,8000,0,0,0.0039,59.0,,,,
srht,linear,srht,bipolar,none,raw,,,,linear,2,256,64,30,30,cosine,uniform,1,32,0,0.9158333539962769,0.9046666622161865,0.16352082788944244,0.5839008560016296,0.009,94.0,1.0,24320,0,0,1.0,63.0,,,,
orthogonal,linear,orthogonal,bipolar,none,raw,,,,linear,2,256,64,30,30,cosine,uniform,1,32,0,0.9916666746139526,0.9900000095367432,0.24212084710597992,0.867042426103026,0.006,94.0,1.0,24320,0,0,1.0,64.0,,,,
sobol,linear,sobol,bipolar,none,raw,,,,linear,2,256,64,30,30,cosine,uniform,1,32,0,0.9891666769981384,0.9900000095367432,0.23993249237537384,0.8399380806627896,0.007,94.0,1.0,24320,0,0,1.0,64.0,,,,
signrff_tuned,rff,rff,bipolar,none,raw,"{""bw_grid"": [0.05, 0.1, 0.25, 0.5, 1.0], ""bw_select"": ""val""}",,,linear,2,256,64,30,30,cosine,uniform,1,32,0,0.9883333444595337,0.9873332977294922,0.09261079877614975,0.621159642383918,0.026,95.0,32.0,24320,0,0,,,,,,
fpe_b1,fpe,fpe,bipolar,none,raw,"{""bw_scale"": 0.25, ""phase_bits"": 1}",,,linear,2,256,64,30,30,cosine,uniform,1,32,0,0.705833375453949,0.7099999785423279,0.028831426054239273,0.022922086683361164,0.026,94.03,1.0,24320,0,0,,,,,,
learned,learned,learned,bipolar,none,raw,"{""epochs"": 60}",,,linear,2,256,64,30,30,cosine,uniform,1,32,0,0.9983333349227905,0.9986666440963745,0.4123677909374237,0.6834933587203899,0.284,94.5,1.0,24448,0,0,,,,,,
datainformed_k16,datainformed,datainformed,bipolar,none,raw,"{""K"": 16}",,,linear,2,256,64,30,30,cosine,uniform,1,32,0,0.9858333468437195,0.9839999675750732,0.22552144527435303,0.8041518723348086,0.012,94.0,1.0,24320,0,0,,,,,,
gaussian,linear,gaussian,bipolar,none,raw,,,,linear,2,512,64,30,30,cosine,uniform,1,32,0,0.9925000071525574,0.9926666617393494,0.23915429413318634,0.8898776753142876,0.006,188.0,1.0,48640,0,0,1.0,64.0,,,,
rademacher,linear,rademacher,bipolar,none,raw,,,,linear,2,512,64,30,30,cosine,uniform,1,32,0,0.9916666746139526,0.9926666617393494,0.23957373201847076,0.8797316661200137,0.006,188.0,1.0,48640,0,0,1.0,64.0,,,,
very_sparse,linear,very_sparse,bipolar,none,raw,,,,linear,2,512,64,30,30,cosine,uniform,1,32,0,0.9941666722297668,0.9940000176429749,0.2409829944372177,0.8872795541552595,0.006,75.85,1.0,19930,0,0,0.1238,64.0,,,,
count_sketch,linear,count_sketch,bipolar,none,raw,,,,linear,2,512,64,30,30,cosine,uniform,1,32,0,0.9416666626930237,0.9599999785423279,0.011193043552339077,0.6454861719123491,0.006,60.25,1.0,15936,0,0,0.002,60.0,,,,
srht,linear,srht,bipolar,none,raw,,,,linear,2,512,64,30,30,cosine,uniform,1,32,0,0.95250004529953,0.937333345413208,0.19239814579486847,0.6292582653147013,0.008,188.0,1.0,48640,0,0,1.0,64.0,,,,
orthogonal,linear,orthogonal,bipolar,none,raw,,,,linear,2,512,64,30,30,cosine,uniform,1,32,0,0.9975000023841858,0.9973333477973938,0.253531813621521,0.9270551697523068,0.007,188.0,1.0,48640,0,0,1.0,64.0,,,,
sobol,linear,sobol,bipolar,none,raw,,,,linear,2,512,64,30,30,cosine,uniform,1,32,0,0.9941666722297668,0.9933333396911621,0.2518070340156555,0.9144703480235407,0.008,188.0,1.0,48640,0,0,1.0,64.0,,,,
signrff_tuned,rff,rff,bipolar,none,raw,"{""bw_grid"": [0.05, 0.1, 0.25, 0.5, 1.0], ""bw_select"": ""val""}",,,linear,2,512,64,30,30,cosine,uniform,1,32,0,0.9933333396911621,0.9926666617393494,0.08649817109107971,0.6135674050740744,0.026,190.0,32.0,48640,0,0,,,,,,
fpe_b1,fpe,fpe,bipolar,none,raw,"{""bw_scale"": 0.25, ""phase_bits"": 1}",,,linear,2,512,64,30,30,cosine,uniform,1,32,0,0.8950000405311584,0.90666663646698,0.054740164428949356,0.03406256034451621,0.023,188.06,1.0,48640,0,0,,,,,,
learned,learned,learned,bipolar,none,raw,"{""epochs"": 60}",,,linear,2,512,64,30,30,cosine,uniform,1,32,0,0.9991666674613953,0.996666669845581,0.41714709997177124,0.7060830461318326,0.296,188.5,1.0,48768,0,0,,,,,,
datainformed_k16,datainformed,datainformed,bipolar,none,raw,"{""K"": 16}",,,linear,2,512,64,30,30,cosine,uniform,1,32,0,0.9941666722297668,0.9953333139419556,0.24289041757583618,0.8829777090806167,0.015,188.0,1.0,48640,0,0,,,,,,
gaussian,linear,gaussian,bipolar,none,raw,,,,linear,2,1024,64,30,30,cosine,uniform,1,32,0,0.996666669845581,0.9953333139419556,0.24954192340373993,0.9378104023303181,0.007,376.0,1.0,97280,0,0,1.0,64.0,,,,
rademacher,linear,rademacher,bipolar,none,raw,,,,linear,2,1024,64,30,30,cosine,uniform,1,32,0,0.996666669845581,0.9959999918937683,0.24849016964435577,0.9357352135382265,0.007,376.0,1.0,97280,0,0,1.0,64.0,,,,
very_sparse,linear,very_sparse,bipolar,none,raw,,,,linear,2,1024,64,30,30,cosine,uniform,1,32,0,0.9950000047683716,0.9979999661445618,0.25137972831726074,0.9366292067765529,0.006,151.58,1.0,39829,0,0,0.1234,64.0,,,,
count_sketch,linear,count_sketch,bipolar,none,raw,,,,linear,2,1024,64,30,30,cosine,uniform,1,32,0,0.9575000405311584,0.9646666646003723,0.005955503322184086,0.6630107908965415,0.008,120.25,1.0,31808,0,0,0.001,63.0,,,,
srht,linear,srht,bipolar,none,raw,,,,linear,2,1024,64,30,30,cosine,uniform,1,32,0,0.940833330154419,0.9493333101272583,0.2010776400566101,0.6575553878495934,0.009,376.0,1.0,97280,0,0,1.0,64.0,,,,
orthogonal,linear,orthogonal,bipolar,none,raw,,,,linear,2,1024,64,30,30,cosine,uniform,1,32,0,0.9975000023841858,0.9959999918937683,0.25500914454460144,0.9614563305578157,0.009,376.0,1.0,97280,0,0,1.0,64.0,,,,
sobol,linear,sobol,bipolar,none,raw,,,,linear,2,1024,64,30,30,cosine,uniform,1,32,0,0.9975000023841858,0.996666669845581,0.25460049510002136,0.9567510247404918,0.009,376.0,1.0,97280,0,0,1.0,64.0,,,,
signrff_tuned,rff,rff,bipolar,none,raw,"{""bw_grid"": [0.05, 0.1, 0.25, 0.5, 1.0], ""bw_select"": ""val""}",,,linear,2,1024,64,30,30,cosine,uniform,1,32,0,0.9950000047683716,0.996666669845581,0.09204123914241791,0.64341082849769,0.026,380.0,32.0,97280,0,0,,,,,,
fpe_b1,fpe,fpe,bipolar,none,raw,"{""bw_scale"": 0.25, ""phase_bits"": 1}",,,linear,2,1024,64,30,30,cosine,uniform,1,32,0,0.9566667079925537,0.9726666808128357,0.0680227279663086,0.042580935246698697,0.024,376.12,1.0,97280,0,0,,,,,,
learned,learned,learned,bipolar,none,raw,"{""epochs"": 60}",,,linear,2,1024,64,30,30,cosine,uniform,1,32,0,1.0,0.9959999918937683,0.41881081461906433,0.7187694717951977,0.287,376.5,1.0,97408,0,0,,,,,,
datainformed_k16,datainformed,datainformed,bipolar,none,raw,"{""K"": 16}",,,linear,2,1024,64,30,30,cosine,uniform,1,32,0,0.996666669845581,0.9940000176429749,0.24987410008907318,0.9364643794579691,0.036,376.0,1.0,97280,0,0,,,,,,
gaussian,linear,gaussian,bipolar,none,raw,,,,linear,2,2048,64,30,30,cosine,uniform,1,32,0,0.9975000023841858,0.9973333477973938,0.25447311997413635,0.9667379535882544,0.01,752.0,1.0,194560,0,0,1.0,64.0,,,,
rademacher,linear,rademacher,bipolar,none,raw,,,,linear,2,2048,64,30,30,cosine,uniform,1,32,0,0.9975000023841858,0.996666669845581,0.25304168462753296,0.9653502292123474,0.01,752.0,1.0,194560,0,0,1.0,64.0,,,,
very_sparse,linear,very_sparse,bipolar,none,raw,,,,linear,2,2048,64,30,30,cosine,uniform,1,32,0,0.9983333349227905,0.996666669845581,0.2543145418167114,0.9650821304121403,0.01,302.96,1.0,79606,0,0,0.123,64.0,,,,
count_sketch,linear,count_sketch,bipolar,none,raw,,,,linear,2,2048,64,30,30,cosine,uniform,1,32,0,0.9600000381469727,0.968666672706604,0.003039383562281728,0.6670415024933187,0.011,240.25,1.0,63552,0,0,0.0005,64.0,,,,
srht,linear,srht,bipolar,none,raw,,,,linear,2,2048,64,30,30,cosine,uniform,1,32,0,0.9466667175292969,0.9446666836738586,0.19416816532611847,0.6575948633594622,0.01,752.0,1.0,194560,0,0,1.0,64.0,,,,
orthogonal,linear,orthogonal,bipolar,none,raw,,,,linear,2,2048,64,30,30,cosine,uniform,1,32,0,0.9991666674613953,0.9973333477973938,0.25806570053100586,0.9798957033082627,0.017,752.0,1.0,194560,0,0,1.0,64.0,,,,
sobol,linear,sobol,bipolar,none,raw,,,,linear,2,2048,64,30,30,cosine,uniform,1,32,0,0.9975000023841858,0.9959999918937683,0.25629159808158875,0.9779038379329827,0.031,752.0,1.0,194560,0,0,1.0,64.0,,,,
signrff_tuned,rff,rff,bipolar,none,raw,"{""bw_grid"": [0.05, 0.1, 0.25, 0.5, 1.0], ""bw_select"": ""val""}",,,linear,2,2048,64,30,30,cosine,uniform,1,32,0,0.9983333349227905,0.9973333477973938,0.13631610572338104,0.6573640151032353,0.032,760.0,32.0,194560,0,0,,,,,,
fpe_b1,fpe,fpe,bipolar,none,raw,"{""bw_scale"": 0.25, ""phase_bits"": 1}",,,linear,2,2048,64,30,30,cosine,uniform,1,32,0,0.9816666841506958,0.984666645526886,0.07479652762413025,0.04872705036343386,0.026,752.25,1.0,194560,0,0,,,,,,
learned,learned,learned,bipolar,none,raw,"{""epochs"": 60}",,,linear,2,2048,64,30,30,cosine,uniform,1,32,0,0.9983333349227905,0.9973333477973938,0.41870126128196716,0.7266070623772002,0.337,752.5,1.0,194688,0,0,,,,,,
datainformed_k16,datainformed,datainformed,bipolar,none,raw,"{""K"": 16}",,,linear,2,2048,64,30,30,cosine,uniform,1,32,0,0.9958333373069763,0.9973333477973938,0.25458765029907227,0.96702119680833,0.033,752.0,1.0,194560,0,0,,,,,,
gaussian,linear,gaussian,bipolar,none,raw,,,,linear,2,4096,64,30,30,cosine,uniform,1,32,0,0.9975000023841858,0.9973333477973938,0.25736841559410095,0.982928383725162,0.016,1504.0,1.0,389120,0,0,1.0,64.0,,,,
rademacher,linear,rademacher,bipolar,none,raw,,,,linear,2,4096,64,30,30,cosine,uniform,1,32,0,0.9983333349227905,0.9973333477973938,0.2560971975326538,0.9824883008959844,0.015,1504.0,1.0,389120,0,0,1.0,64.0,,,,
very_sparse,linear,very_sparse,bipolar,none,raw,,,,linear,2,4096,64,30,30,cosine,uniform,1,32,0,0.9983333349227905,0.9973333477973938,0.25694912672042847,0.9808233827714359,0.015,607.18,1.0,159534,0,0,0.1242,64.0,,,,
count_sketch,linear,count_sketch,bipolar,none,raw,,,,linear,2,4096,64,30,30,cosine,uniform,1,32,0,0.9616667032241821,0.9693333506584167,0.001509458408690989,0.6670415024933187,0.015,480.25,1.0,127040,0,0,0.0002,64.0,,,,
srht,linear,srht,bipolar,none,raw,,,,linear,2,4096,64,30,30,cosine,uniform,1,32,0,0.9516667127609253,0.9593333005905151,0.20305880904197693,0.6594738552557546,0.017,1504.0,1.0,389120,0,0,1.0,64.0,,,,
orthogonal,linear,orthogonal,bipolar,none,raw,,,,linear,2,4096,64,30,30,cosine,uniform,1,32,0,0.9991666674613953,0.9979999661445618,0.2580113708972931,0.9896958529894296,0.033,1504.0,1.0,389120,0,0,1.0,64.0,,,,
sobol,linear,sobol,bipolar,none,raw,,,,linear,2,4096,64,30,30,cosine,uniform,1,32,0,0.9983333349227905,0.9973333477973938,0.2570946514606476,0.989014097612927,0.038,1504.0,1.0,389120,0,0,1.0,64.0,,,,
signrff_tuned,rff,rff,bipolar,none,raw,"{""bw_grid"": [0.05, 0.1, 0.25, 0.5, 1.0], ""bw_select"": ""val""}",,,linear,2,4096,64,30,30,cosine,uniform,1,32,0,0.9991666674613953,0.9946666359901428,0.147195965051651,0.6186398573425952,0.04,1520.0,32.0,389120,0,0,,,,,,
fpe_b1,fpe,fpe,bipolar,none,raw,"{""bw_scale"": 0.25, ""phase_bits"": 1}",,,linear,2,4096,64,30,30,cosine,uniform,1,32,0,0.9900000095367432,0.9900000095367432,0.07885070145130157,0.04926025194323552,0.033,1504.5,1.0,389120,0,0,,,,,,
learned,learned,learned,bipolar,none,raw,"{""epochs"": 60}",,,linear,2,4096,64,30,30,cosine,uniform,1,32,0,0.9991666674613953,0.996666669845581,0.41594767570495605,0.7312956203827194,0.309,1504.5,1.0,389248,0,0,,,,,,
datainformed_k16,datainformed,datainformed,bipolar,none,raw,"{""K"": 16}",,,linear,2,4096,64,30,30,cosine,uniform,1,32,0,0.9983333349227905,0.9973333477973938,0.258340448141098,0.9834387206286146,0.063,1504.0,1.0,389120,0,0,,,,,,
gaussian,linear,gaussian,bipolar,none,raw,,,,fine,0,32,64,30,30,cosine,uniform,1,32,0,0.17083333432674408,0.14133332669734955,-0.1690613031387329,0.4733823824195656,0.012,11.75,1.0,3040,0,0,1.0,32.0,,,,
rademacher,linear,rademacher,bipolar,none,raw,,,,fine,0,32,64,30,30,cosine,uniform,1,32,0,0.17000000178813934,0.1860000044107437,-0.20689444243907928,0.4339107615867411,0.009,11.75,1.0,3040,0,0,1.0,32.0,,,,
very_sparse,linear,very_sparse,bipolar,none,raw,,,,fine,0,32,64,30,30,cosine,uniform,1,32,0,0.15916666388511658,0.1446666717529297,-0.2260269969701767,0.45083373999070875,0.009,4.75,1.0,1248,0,0,0.125,32.0,,,,
count_sketch,linear,count_sketch,bipolar,none,raw,,,,fine,0,32,64,30,30,cosine,uniform,1,32,0,0.1341666728258133,0.1353333294391632,-0.22683170437812805,0.4227140782625408,0.009,4.0,1.0,1056,0,0,0.0312,28.0,,,,
srht,linear,srht,bipolar,none,raw,,,,fine,0,32,64,30,30,cosine,uniform,1,32,0,0.16500000655651093,0.1626666635274887,-0.22809724509716034,0.40319473678412604,0.009,11.75,1.0,3040,0,0,1.0,26.0,,,,
orthogonal,linear,orthogonal,bipolar,none,raw,,,,fine,0,32,64,30,30,cosine,uniform,1,32,0,0.15000000596046448,0.18733333051204681,-0.18205560743808746,0.4725601296653314,0.009,11.75,1.0,3040,0,0,1.0,32.0,,,,
sobol,linear,sobol,bipolar,none,raw,,,,fine,0,32,64,30,30,cosine,uniform,1,32,0,0.12916666269302368,0.14533333480358124,-0.2396175116300583,0.42758738550082886,0.01,11.75,1.0,3040,0,0,1.0,32.0,,,,
signrff_tuned,rff,rff,bipolar,none,raw,"{""bw_grid"": [0.05, 0.1, 0.25, 0.5, 1.0], ""bw_select"": ""val""}",,,fine,0,32,64,30,30,cosine,uniform,1,32,0,0.15666666626930237,0.1693333387374878,-0.09830375015735626,0.34069723587604234,0.04,11.88,32.0,3040,0,0,,,,,,
fpe_b1,fpe,fpe,bipolar,none,raw,"{""bw_scale"": 0.25, ""phase_bits"": 1}",,,fine,0,32,64,30,30,cosine,uniform,1,32,0,0.03750000149011612,0.041999999433755875,-0.29930776357650757,0.009793855132892656,0.035,11.75,1.0,3040,0,0,,,,,,
learned,learned,learned,bipolar,none,raw,"{""epochs"": 60}",,,fine,0,32,64,30,30,cosine,uniform,1,32,0,0.4950000047683716,0.4846666753292084,-0.011005833745002747,0.40530143602544355,0.309,12.25,1.0,3168,0,0,,,,,,
datainformed_k16,datainformed,datainformed,bipolar,none,raw,"{""K"": 16}",,,fine,0,32,64,30,30,cosine,uniform,1,32,0,0.1808333396911621,0.15600000321865082,-0.20737212896347046,0.41163560632899343,0.014,11.75,1.0,3040,0,0,,,,,,
gaussian,linear,gaussian,bipolar,none,raw,,,,fine,0,64,64,30,30,cosine,uniform,1,32,0,0.29666668176651,0.2933333218097687,-0.06745372712612152,0.5908831546459948,0.01,23.5,1.0,6080,0,0,1.0,64.0,,,,
rademacher,linear,rademacher,bipolar,none,raw,,,,fine,0,64,64,30,30,cosine,uniform,1,32,0,0.3308333456516266,0.33933332562446594,-0.0711350217461586,0.5485742233842379,0.01,23.5,1.0,6080,0,0,1.0,64.0,,,,
very_sparse,linear,very_sparse,bipolar,none,raw,,,,fine,0,64,64,30,30,cosine,uniform,1,32,0,0.3216666877269745,0.31466665863990784,-0.0850415825843811,0.578546330671378,0.009,9.5,1.0,2495,0,0,0.1248,64.0,,,,
count_sketch,linear,count_sketch,bipolar,none,raw,,,,fine,0,64,64,30,30,cosine,uniform,1,32,0,0.210833340883255,0.22466666996479034,-0.14010611176490784,0.5112496122656929,0.011,7.75,1.0,2048,0,0,0.0156,40.0,,,,
srht,linear,srht,bipolar,none,raw,,,,fine,0,64,64,30,30,cosine,uniform,1,32,0,0.2574999928474426,0.2446666657924652,-0.12683622539043427,0.4856959775802758,0.009,23.5,1.0,6080,0,0,1.0,41.0,,,,
orthogonal,linear,orthogonal,bipolar,none,raw,,,,fine,0,64,64,30,30,cosine,uniform,1,32,0,0.4000000059604645,0.4020000100135803,-0.0386979766190052,0.6619547042974608,0.009,23.5,1.0,6080,0,0,1.0,64.0,,,,
sobol,linear,sobol,bipolar,none,raw,,,,fine,0,64,64,30,30,cosine,uniform,1,32,0,0.2658333480358124,0.28333333134651184,-0.08783402293920517,0.5615226460047192,0.011,23.5,1.0,6080,0,0,1.0,64.0,,,,
signrff_tuned,rff,rff,bipolar,none,raw,"{""bw_grid"": [0.05, 0.1, 0.25, 0.5, 1.0], ""bw_select"": ""val""}",,,fine,0,64,64,30,30,cosine,uniform,1,32,0,0.2958333492279053,0.3086666762828827,-0.01878931373357773,0.3937013950369979,0.035,23.75,32.0,6080,0,0,,,,,,
fpe_b1,fpe,fpe,bipolar,none,raw,"{""bw_scale"": 0.25, ""phase_bits"": 1}",,,fine,0,64,64,30,30,cosine,uniform,1,32,0,0.03500000014901161,0.03799999877810478,-0.1539601981639862,0.002951952355561472,0.034,23.51,1.0,6080,0,0,,,,,,
learned,learned,learned,bipolar,none,raw,"{""epochs"": 60}",,,fine,0,64,64,30,30,cosine,uniform,1,32,0,0.5916666984558105,0.609333336353302,0.03811689466238022,0.4878743184492382,0.292,24.0,1.0,6208,0,0,,,,,,
datainformed_k16,datainformed,datainformed,bipolar,none,raw,"{""K"": 16}",,,fine,0,64,64,30,30,cosine,uniform,1,32,0,0.3199999928474426,0.3226666748523712,-0.07723736763000488,0.5480268904047675,0.014,23.5,1.0,6080,0,0,,,,,,
gaussian,linear,gaussian,bipolar,none,raw,,,,fine,0,128,64,30,30,cosine,uniform,1,32,0,0.42000001668930054,0.4153333306312561,-0.027842730283737183,0.7052118200829429,0.01,47.0,1.0,12160,0,0,1.0,64.0,,,,
rademacher,linear,rademacher,bipolar,none,raw,,,,fine,0,128,64,30,30,cosine,uniform,1,32,0,0.4833333492279053,0.4846666753292084,-0.011569666676223278,0.6820374393129216,0.009,47.0,1.0,12160,0,0,1.0,64.0,,,,
very_sparse,linear,very_sparse,bipolar,none,raw,,,,fine,0,128,64,30,30,cosine,uniform,1,32,0,0.46416667103767395,0.4493333399295807,-0.01636453904211521,0.7005060243565043,0.015,19.08,1.0,5012,0,0,0.1274,64.0,,,,
count_sketch,linear,count_sketch,bipolar,none,raw,,,,fine,0,128,64,30,30,cosine,uniform,1,32,0,0.31833332777023315,0.3386666774749756,-0.029497914016246796,0.590297232909479,0.01,15.25,1.0,4032,0,0,0.0078,52.0,,,,
srht,linear,srht,bipolar,none,raw,,,,fine,0,128,64,30,30,cosine,uniform,1,32,0,0.3841666877269745,0.3933333158493042,-0.045889586210250854,0.5616029079889147,0.009,47.0,1.0,12160,0,0,1.0,59.0,,,,
orthogonal,linear,orthogonal,bipolar,none,raw,,,,fine,0,128,64,30,30,cosine,uniform,1,32,0,0.5099999904632568,0.49666666984558105,-0.0030735633336007595,0.7797531134453347,0.01,47.0,1.0,12160,0,0,1.0,64.0,,,,
sobol,linear,sobol,bipolar,none,raw,,,,fine,0,128,64,30,30,cosine,uniform,1,32,0,0.44083333015441895,0.4580000042915344,-0.01318866852670908,0.7033662784561273,0.011,47.0,1.0,12160,0,0,1.0,64.0,,,,
signrff_tuned,rff,rff,bipolar,none,raw,"{""bw_grid"": [0.05, 0.1, 0.25, 0.5, 1.0], ""bw_select"": ""val""}",,,fine,0,128,64,30,30,cosine,uniform,1,32,0,0.4325000047683716,0.45333331823349,-0.08193304389715195,0.4976011954040453,0.039,47.5,32.0,12160,0,0,,,,,,
fpe_b1,fpe,fpe,bipolar,none,raw,"{""bw_scale"": 0.25, ""phase_bits"": 1}",,,fine,0,128,64,30,30,cosine,uniform,1,32,0,0.06333333253860474,0.07400000095367432,-0.055745381861925125,0.004024467176177062,0.035,47.02,1.0,12160,0,0,,,,,,
learned,learned,learned,bipolar,none,raw,"{""epochs"": 60}",,,fine,0,128,64,30,30,cosine,uniform,1,32,0,0.67166668176651,0.6579999923706055,0.05987359583377838,0.5731818870382642,0.288,47.5,1.0,12288,0,0,,,,,,
datainformed_k16,datainformed,datainformed,bipolar,none,raw,"{""K"": 16}",,,fine,0,128,64,30,30,cosine,uniform,1,32,0,0.445000022649765,0.4633333384990692,-0.015795046463608742,0.6871280332702105,0.015,47.0,1.0,12160,0,0,,,,,,
gaussian,linear,gaussian,bipolar,none,raw,,,,fine,0,256,64,30,30,cosine,uniform,1,32,0,0.5616666674613953,0.5619999766349792,0.00877720583230257,0.8148260380545594,0.01,94.0,1.0,24320,0,0,1.0,64.0,,,,
rademacher,linear,rademacher,bipolar,none,raw,,,,fine,0,256,64,30,30,cosine,uniform,1,32,0,0.5716666579246521,0.5419999957084656,0.008885430172085762,0.8003147171035393,0.009,94.0,1.0,24320,0,0,1.0,64.0,,,,
very_sparse,linear,very_sparse,bipolar,none,raw,,,,fine,0,256,64,30,30,cosine,uniform,1,32,0,0.5641666650772095,0.5413333177566528,0.006157421041280031,0.8087947188812131,0.009,38.06,1.0,10000,0,0,0.126,64.0,,,,
count_sketch,linear,count_sketch,bipolar,none,raw,,,,fine,0,256,64,30,30,cosine,uniform,1,32,0,0.398333340883255,0.37466666102409363,-0.006233959924429655,0.6294001249111429,0.009,30.25,1.0,8000,0,0,0.0039,59.0,,,,
srht,linear,srht,bipolar,none,raw,,,,fine,0,256,64,30,30,cosine,uniform,1,32,0,0.4208333492279053,0.40533334016799927,-0.03612089157104492,0.6028786377100535,0.01,94.0,1.0,24320,0,0,1.0,64.0,,,,
orthogonal,linear,orthogonal,bipolar,none,raw,,,,fine,0,256,64,30,30,cosine,uniform,1,32,0,0.5975000262260437,0.5740000009536743,0.012915026396512985,0.8689591144425444,0.01,94.0,1.0,24320,0,0,1.0,64.0,,,,
sobol,linear,sobol,bipolar,none,raw,,,,fine,0,256,64,30,30,cosine,uniform,1,32,0,0.5850000381469727,0.5826666355133057,0.014133600518107414,0.8358610801537655,0.011,94.0,1.0,24320,0,0,1.0,64.0,,,,
signrff_tuned,rff,rff,bipolar,none,raw,"{""bw_grid"": [0.05, 0.1, 0.25, 0.5, 1.0], ""bw_select"": ""val""}",,,fine,0,256,64,30,30,cosine,uniform,1,32,0,0.47333335876464844,0.4713333249092102,-0.014782304875552654,0.5868774272191383,0.038,95.0,32.0,24320,0,0,,,,,,
fpe_b1,fpe,fpe,bipolar,none,raw,"{""bw_scale"": 0.25, ""phase_bits"": 1}",,,fine,0,256,64,30,30,cosine,uniform,1,32,0,0.1274999976158142,0.12333333492279053,-0.021655192598700523,0.0024403540863149518,0.037,94.03,1.0,24320,0,0,,,,,,
learned,learned,learned,bipolar,none,raw,"{""epochs"": 60}",,,fine,0,256,64,30,30,cosine,uniform,1,32,0,0.7075000405311584,0.6980000138282776,0.07489822059869766,0.6267509245606379,0.287,94.5,1.0,24448,0,0,,,,,,
datainformed_k16,datainformed,datainformed,bipolar,none,raw,"{""K"": 16}",,,fine,0,256,64,30,30,cosine,uniform,1,32,0,0.5358333587646484,0.5379999876022339,0.004780785646289587,0.8014757923177772,0.016,94.0,1.0,24320,0,0,,,,,,
gaussian,linear,gaussian,bipolar,none,raw,,,,fine,0,512,64,30,30,cosine,uniform,1,32,0,0.6691666841506958,0.6639999747276306,0.031132373958826065,0.8906905843493854,0.008,188.0,1.0,48640,0,0,1.0,64.0,,,,
rademacher,linear,rademacher,bipolar,none,raw,,,,fine,0,512,64,30,30,cosine,uniform,1,32,0,0.6550000309944153,0.6413333415985107,0.028195932507514954,0.8850972202787667,0.009,188.0,1.0,48640,0,0,1.0,64.0,,,,
very_sparse,linear,very_sparse,bipolar,none,raw,,,,fine,0,512,64,30,30,cosine,uniform,1,32,0,0.6516667008399963,0.6439999938011169,0.026326347142457962,0.8858353745586225,0.009,76.0,1.0,19969,0,0,0.125,64.0,,,,
count_sketch,linear,count_sketch,bipolar,none,raw,,,,fine,0,512,64,30,30,cosine,uniform,1,32,0,0.39666667580604553,0.4113333225250244,-0.0016710190102458,0.6594491767229577,0.01,60.25,1.0,15936,0,0,0.002,64.0,,,,
srht,linear,srht,bipolar,none,raw,,,,fine,0,512,64,30,30,cosine,uniform,1,32,0,0.42500001192092896,0.398666650056839,-0.03646392747759819,0.6266241557893231,0.01,188.0,1.0,48640,0,0,1.0,64.0,,,,
orthogonal,linear,orthogonal,bipolar,none,raw,,,,fine,0,512,64,30,30,cosine,uniform,1,32,0,0.6608333587646484,0.6653333306312561,0.033560577780008316,0.9269217787538316,0.01,188.0,1.0,48640,0,0,1.0,64.0,,,,
sobol,linear,sobol,bipolar,none,raw,,,,fine,0,512,64,30,30,cosine,uniform,1,32,0,0.659166693687439,0.6546666622161865,0.03134273365139961,0.9120026241774889,0.011,188.0,1.0,48640,0,0,1.0,64.0,,,,
signrff_tuned,rff,rff,bipolar,none,raw,"{""bw_grid"": [0.05, 0.1, 0.25, 0.5, 1.0], ""bw_select"": ""val""}",,,fine,0,512,64,30,30,cosine,uniform,1,32,0,0.6850000023841858,0.6806666851043701,0.006648008245974779,0.6598324377950866,0.037,190.0,32.0,48640,0,0,,,,,,
fpe_b1,fpe,fpe,bipolar,none,raw,"{""bw_scale"": 0.25, ""phase_bits"": 1}",,,fine,0,512,64,30,30,cosine,uniform,1,32,0,0.14083333313465118,0.1393333375453949,-0.09128106385469437,-0.0003637256399455771,0.034,188.06,1.0,48640,0,0,,,,,,
learned,learned,learned,bipolar,none,raw,"{""epochs"": 60}",,,fine,0,512,64,30,30,cosine,uniform,1,32,0,0.7083333730697632,0.7080000042915344,0.07793492823839188,0.6647507539801764,0.289,188.5,1.0,48768,0,0,,,,,,
datainformed_k16,datainformed,datainformed,bipolar,none,raw,"{""K"": 16}",,,fine,0,512,64,30,30,cosine,uniform,1,32,0,0.6458333730697632,0.6660000085830688,0.03065994195640087,0.8878453406850617,0.018,188.0,1.0,48640,0,0,,,,,,
gaussian,linear,gaussian,bipolar,none,raw,,,,fine,0,1024,64,30,30,cosine,uniform,1,32,0,0.7008333206176758,0.6959999799728394,0.0404355563223362,0.9384927333913473,0.009,376.0,1.0,97280,0,0,1.0,64.0,,,,
rademacher,linear,rademacher,bipolar,none,raw,,,,fine,0,1024,64,30,30,cosine,uniform,1,32,0,0.7041667103767395,0.6913333535194397,0.038645680993795395,0.9371799196366407,0.008,376.0,1.0,97280,0,0,1.0,64.0,,,,
very_sparse,linear,very_sparse,bipolar,none,raw,,,,fine,0,1024,64,30,30,cosine,uniform,1,32,0,0.690833330154419,0.6853333115577698,0.03786417096853256,0.9386709840510917,0.009,152.26,1.0,40002,0,0,0.126,64.0,,,,
count_sketch,linear,count_sketch,bipolar,none,raw,,,,fine,0,1024,64,30,30,cosine,uniform,1,32,0,0.3891666829586029,0.3959999978542328,-0.0009135327418334782,0.6609481706584969,0.011,120.25,1.0,31808,0,0,0.001,64.0,,,,
srht,linear,srht,bipolar,none,raw,,,,fine,0,1024,64,30,30,cosine,uniform,1,32,0,0.4191666841506958,0.4339999854564667,-0.029241638258099556,0.6415107026062534,0.012,376.0,1.0,97280,0,0,1.0,64.0,,,,
orthogonal,linear,orthogonal,bipolar,none,raw,,,,fine,0,1024,64,30,30,cosine,uniform,1,32,0,0.690833330154419,0.699999988079071,0.04233204945921898,0.9613813696740964,0.011,376.0,1.0,97280,0,0,1.0,64.0,,,,
sobol,linear,sobol,bipolar,none,raw,,,,fine,0,1024,64,30,30,cosine,uniform,1,32,0,0.6958333253860474,0.6833333373069763,0.04125048965215683,0.9573902408617637,0.011,376.0,1.0,97280,0,0,1.0,64.0,,,,
signrff_tuned,rff,rff,bipolar,none,raw,"{""bw_grid"": [0.05, 0.1, 0.25, 0.5, 1.0], ""bw_select"": ""val""}",,,fine,0,1024,64,30,30,cosine,uniform,1,32,0,0.7100000381469727,0.6899999976158142,0.007400946691632271,0.6680543725613959,0.039,380.0,32.0,97280,0,0,,,,,,
fpe_b1,fpe,fpe,bipolar,none,raw,"{""bw_scale"": 0.25, ""phase_bits"": 1}",,,fine,0,1024,64,30,30,cosine,uniform,1,32,0,0.23666667938232422,0.2786666750907898,-0.007144138216972351,0.0036039096822823823,0.035,376.12,1.0,97280,0,0,,,,,,
learned,learned,learned,bipolar,none,raw,"{""epochs"": 60}",,,fine,0,1024,64,30,30,cosine,uniform,1,32,0,0.7266666889190674,0.7120000123977661,0.08079048246145248,0.6872848720327202,0.301,376.5,1.0,97408,0,0,,,,,,
datainformed_k16,datainformed,datainformed,bipolar,none,raw,"{""K"": 16}",,,fine,0,1024,64,30,30,cosine,uniform,1,32,0,0.6766666769981384,0.6899999976158142,0.038927800953388214,0.9375654712457889,0.023,376.0,1.0,97280,0,0,,,,,,
gaussian,linear,gaussian,bipolar,none,raw,,,,fine,0,2048,64,30,30,cosine,uniform,1,32,0,0.7141667008399963,0.7006666660308838,0.04478744789958,0.968030441992365,0.012,752.0,1.0,194560,0,0,1.0,64.0,,,,
rademacher,linear,rademacher,bipolar,none,raw,,,,fine,0,2048,64,30,30,cosine,uniform,1,32,0,0.7175000309944153,0.7093333005905151,0.04330325871706009,0.9673373130661391,0.011,752.0,1.0,194560,0,0,1.0,64.0,,,,
very_sparse,linear,very_sparse,bipolar,none,raw,,,,fine,0,2048,64,30,30,cosine,uniform,1,32,0,0.7041667103767395,0.7026666402816772,0.04164371266961098,0.9656667588999832,0.012,305.16,1.0,80170,0,0,0.1273,64.0,,,,
count_sketch,linear,count_sketch,bipolar,none,raw,,,,fine,0,2048,64,30,30,cosine,uniform,1,32,0,0.43833333253860474,0.4386666715145111,-0.00028992979787290096,0.658089352842885,0.019,240.25,1.0,63552,0,0,0.0005,64.0,,,,
srht,linear,srht,bipolar,none,raw,,,,fine,0,2048,64,30,30,cosine,uniform,1,32,0,0.42000001668930054,0.4026666581630707,-0.03789045289158821,0.6539767679194671,0.016,752.0,1.0,194560,0,0,1.0,64.0,,,,
orthogonal,linear,orthogonal,bipolar,none,raw,,,,fine,0,2048,64,30,30,cosine,uniform,1,32,0,0.7091667056083679,0.6973333358764648,0.04426997900009155,0.9802019567355136,0.021,752.0,1.0,194560,0,0,1.0,64.0,,,,
sobol,linear,sobol,bipolar,none,raw,,,,fine,0,2048,64,30,30,cosine,uniform,1,32,0,0.6983333230018616,0.699999988079071,0.04433625191450119,0.9787510540929408,0.027,752.0,1.0,194560,0,0,1.0,64.0,,,,
signrff_tuned,rff,rff,bipolar,none,raw,"{""bw_grid"": [0.05, 0.1, 0.25, 0.5, 1.0], ""bw_select"": ""val""}",,,fine,0,2048,64,30,30,cosine,uniform,1,32,0,0.7083333730697632,0.7006666660308838,0.00785132497549057,0.6849917381385723,0.05,760.0,32.0,194560,0,0,,,,,,
fpe_b1,fpe,fpe,bipolar,none,raw,"{""bw_scale"": 0.25, ""phase_bits"": 1}",,,fine,0,2048,64,30,30,cosine,uniform,1,32,0,0.4025000035762787,0.4193333387374878,-0.0016588035505264997,0.004121529990771001,0.036,752.25,1.0,194560,0,0,,,,,,
learned,learned,learned,bipolar,none,raw,"{""epochs"": 60}",,,fine,0,2048,64,30,30,cosine,uniform,1,32,0,0.73416668176651,0.7160000205039978,0.08317648619413376,0.6980544322622529,0.336,752.5,1.0,194688,0,0,,,,,,
datainformed_k16,datainformed,datainformed,bipolar,none,raw,"{""K"": 16}",,,fine,0,2048,64,30,30,cosine,uniform,1,32,0,0.7133333683013916,0.6980000138282776,0.044604573398828506,0.9678705923250058,0.034,752.0,1.0,194560,0,0,,,,,,
gaussian,linear,gaussian,bipolar,none,raw,,,,fine,0,4096,64,30,30,cosine,uniform,1,32,0,0.7233333587646484,0.7133333086967468,0.04650498926639557,0.9832824817403812,0.018,1504.0,1.0,389120,0,0,1.0,64.0,,,,
rademacher,linear,rademacher,bipolar,none,raw,,,,fine,0,4096,64,30,30,cosine,uniform,1,32,0,0.7175000309944153,0.7160000205039978,0.04504237696528435,0.9827790738197664,0.017,1504.0,1.0,389120,0,0,1.0,64.0,,,,
very_sparse,linear,very_sparse,bipolar,none,raw,,,,fine,0,4096,64,30,30,cosine,uniform,1,32,0,0.7166666984558105,0.7026666402816772,0.04461946710944176,0.9817721777158964,0.017,609.3,1.0,160077,0,0,0.1263,64.0,,,,
count_sketch,linear,count_sketch,bipolar,none,raw,,,,fine,0,4096,64,30,30,cosine,uniform,1,32,0,0.4000000059604645,0.43533334136009216,-0.000134721165522933,0.6609481706584969,0.024,480.25,1.0,127040,0,0,0.0002,64.0,,,,
srht,linear,srht,bipolar,none,raw,,,,fine,0,4096,64,30,30,cosine,uniform,1,32,0,0.40166667103767395,0.41200000047683716,-0.0385940745472908,0.658215150449695,0.025,1504.0,1.0,389120,0,0,1.0,64.0,,,,
orthogonal,linear,orthogonal,bipolar,none,raw,,,,fine,0,4096,64,30,30,cosine,uniform,1,32,0,0.7116667032241821,0.7086666822433472,0.04609428718686104,0.989843386812098,0.034,1504.0,1.0,389120,0,0,1.0,64.0,,,,
sobol,linear,sobol,bipolar,none,raw,,,,fine,0,4096,64,30,30,cosine,uniform,1,32,0,0.7133333683013916,0.7073333263397217,0.04596201702952385,0.9892777890449261,0.034,1504.0,1.0,389120,0,0,1.0,64.0,,,,
signrff_tuned,rff,rff,bipolar,none,raw,"{""bw_grid"": [0.05, 0.1, 0.25, 0.5, 1.0], ""bw_select"": ""val""}",,,fine,0,4096,64,30,30,cosine,uniform,1,32,0,0.7041667103767395,0.6946666836738586,0.008011089637875557,0.6881166234693237,0.051,1520.0,32.0,389120,0,0,,,,,,
fpe_b1,fpe,fpe,bipolar,none,raw,"{""bw_scale"": 0.25, ""phase_bits"": 1}",,,fine,0,4096,64,30,30,cosine,uniform,1,32,0,0.4866666793823242,0.5173333287239075,0.0007018423057161272,0.0032500694254692553,0.04,1504.5,1.0,389120,0,0,,,,,,
learned,learned,learned,bipolar,none,raw,"{""epochs"": 60}",,,fine,0,4096,64,30,30,cosine,uniform,1,32,0,0.7391666769981384,0.7113333344459534,0.0823928639292717,0.7049262393499617,0.321,1504.5,1.0,389248,0,0,,,,,,
datainformed_k16,datainformed,datainformed,bipolar,none,raw,"{""K"": 16}",,,fine,0,4096,64,30,30,cosine,uniform,1,32,0,0.7108333706855774,0.7073333263397217,0.04597162827849388,0.9840674376508561,0.065,1504.0,1.0,389120,0,0,,,,,,
gaussian,linear,gaussian,bipolar,none,raw,,,,fine,1,32,64,30,30,cosine,uniform,1,32,0,0.19083334505558014,0.1733333319425583,-0.1805185079574585,0.4650000570983548,0.011,11.75,1.0,3040,0,0,1.0,32.0,,,,
rademacher,linear,rademacher,bipolar,none,raw,,,,fine,1,32,64,30,30,cosine,uniform,1,32,0,0.14500001072883606,0.19066666066646576,-0.203419029712677,0.43166702344204444,0.009,11.75,1.0,3040,0,0,1.0,32.0,,,,
very_sparse,linear,very_sparse,bipolar,none,raw,,,,fine,1,32,64,30,30,cosine,uniform,1,32,0,0.1525000035762787,0.13733333349227905,-0.24219344556331635,0.42345079790752954,0.009,4.85,1.0,1273,0,0,0.1372,32.0,,,,
count_sketch,linear,count_sketch,bipolar,none,raw,,,,fine,1,32,64,30,30,cosine,uniform,1,32,0,0.1433333307504654,0.14666666090488434,-0.26836320757865906,0.43183993289858713,0.009,4.0,1.0,1056,0,0,0.0312,28.0,,,,
srht,linear,srht,bipolar,none,raw,,,,fine,1,32,64,30,30,cosine,uniform,1,32,0,0.18666666746139526,0.14800000190734863,-0.20377831161022186,0.43246191412636076,0.009,11.75,1.0,3040,0,0,1.0,29.0,,,,
orthogonal,linear,orthogonal,bipolar,none,raw,,,,fine,1,32,64,30,30,cosine,uniform,1,32,0,0.20916667580604553,0.19200000166893005,-0.1761026233434677,0.46270964055609615,0.009,11.75,1.0,3040,0,0,1.0,32.0,,,,
sobol,linear,sobol,bipolar,none,raw,,,,fine,1,32,64,30,30,cosine,uniform,1,32,0,0.1550000011920929,0.17000000178813934,-0.22633513808250427,0.40726777282585175,0.01,11.75,1.0,3040,0,0,1.0,32.0,,,,
signrff_tuned,rff,rff,bipolar,none,raw,"{""bw_grid"": [0.05, 0.1, 0.25, 0.5, 1.0], ""bw_select"": ""val""}",,,fine,1,32,64,30,30,cosine,uniform,1,32,0,0.1925000101327896,0.20999999344348907,-0.1604207158088684,0.33286729543038124,0.028,11.88,32.0,3040,0,0,,,,,,
fpe_b1,fpe,fpe,bipolar,none,raw,"{""bw_scale"": 0.25, ""phase_bits"": 1}",,,fine,1,32,64,30,30,cosine,uniform,1,32,0,0.042500000447034836,0.052666667848825455,-0.26162460446357727,-0.0020014266638239317,0.027,11.75,1.0,3040,0,0,,,,,,
learned,learned,learned,bipolar,none,raw,"{""epochs"": 60}",,,fine,1,32,64,30,30,cosine,uniform,1,32,0,0.5008333325386047,0.5146666765213013,0.00014483864651992917,0.39940061444675706,0.323,12.25,1.0,3168,0,0,,,,,,
datainformed_k16,datainformed,datainformed,bipolar,none,raw,"{""K"": 16}",,,fine,1,32,64,30,30,cosine,uniform,1,32,0,0.19083334505558014,0.1733333319425583,-0.1805185079574585,0.4650000570983548,0.014,11.75,1.0,3040,0,0,,,,,,
gaussian,linear,gaussian,bipolar,none,raw,,,,fine,1,64,64,30,30,cosine,uniform,1,32,0,0.30916666984558105,0.2826666533946991,-0.08962766081094742,0.5736306622110346,0.009,23.5,1.0,6080,0,0,1.0,64.0,,,,
rademacher,linear,rademacher,bipolar,none,raw,,,,fine,1,64,64,30,30,cosine,uniform,1,32,0,0.31333333253860474,0.3213333189487457,-0.07433927804231644,0.5541474575320199,0.009,23.5,1.0,6080,0,0,1.0,64.0,,,,
very_sparse,linear,very_sparse,bipolar,none,raw,,,,fine,1,64,64,30,30,cosine,uniform,1,32,0,0.30666667222976685,0.28466665744781494,-0.08500415831804276,0.5505754789970589,0.009,9.72,1.0,2552,0,0,0.1387,64.0,,,,
count_sketch,linear,count_sketch,bipolar,none,raw,,,,fine,1,64,64,30,30,cosine,uniform,1,32,0,0.2408333420753479,0.20866666734218597,-0.10100315511226654,0.5347622191371422,0.009,7.75,1.0,2048,0,0,0.0156,42.0,,,,
srht,linear,srht,bipolar,none,raw,,,,fine,1,64,64,30,30,cosine,uniform,1,32,0,0.24833333492279053,0.26133331656455994,-0.11178865283727646,0.492266951829715,0.009,23.5,1.0,6080,0,0,1.0,43.0,,,,
orthogonal,linear,orthogonal,bipolar,none,raw,,,,fine,1,64,64,30,30,cosine,uniform,1,32,0,0.3908333480358124,0.4233333170413971,-0.02997993864119053,0.6539948876687142,0.009,23.5,1.0,6080,0,0,1.0,64.0,,,,
sobol,linear,sobol,bipolar,none,raw,,,,fine,1,64,64,30,30,cosine,uniform,1,32,0,0.33000001311302185,0.3199999928474426,-0.07396482676267624,0.5461573676934091,0.011,23.5,1.0,6080,0,0,1.0,64.0,,,,
signrff_tuned,rff,rff,bipolar,none,raw,"{""bw_grid"": [0.05, 0.1, 0.25, 0.5, 1.0], ""bw_select"": ""val""}",,,fine,1,64,64,30,30,cosine,uniform,1,32,0,0.3333333432674408,0.34599998593330383,-0.028475692495703697,0.3905154130849807,0.028,23.75,32.0,6080,0,0,,,,,,
fpe_b1,fpe,fpe,bipolar,none,raw,"{""bw_scale"": 0.25, ""phase_bits"": 1}",,,fine,1,64,64,30,30,cosine,uniform,1,32,0,0.03999999910593033,0.052000001072883606,-0.18522757291793823,-0.0012843539414176288,0.026,23.51,1.0,6080,0,0,,,,,,
learned,learned,learned,bipolar,none,raw,"{""epochs"": 60}",,,fine,1,64,64,30,30,cosine,uniform,1,32,0,0.5983333587646484,0.6079999804496765,0.040379300713539124,0.4959515962301589,0.325,24.0,1.0,6208,0,0,,,,,,
datainformed_k16,datainformed,datainformed,bipolar,none,raw,"{""K"": 16}",,,fine,1,64,64,30,30,cosine,uniform,1,32,0,0.30916666984558105,0.2826666533946991,-0.08962766081094742,0.5736306622110346,0.014,23.5,1.0,6080,0,0,,,,,,
gaussian,linear,gaussian,bipolar,none,raw,,,,fine,1,128,64,30,30,cosine,uniform,1,32,0,0.48500001430511475,0.4659999907016754,-0.013372037559747696,0.6920962589797964,0.009,47.0,1.0,12160,0,0,1.0,64.0,,,,
rademacher,linear,rademacher,bipolar,none,raw,,,,fine,1,128,64,30,30,cosine,uniform,1,32,0,0.4699999988079071,0.47200000286102295,-0.014623220078647137,0.6805098484512628,0.009,47.0,1.0,12160,0,0,1.0,64.0,,,,
very_sparse,linear,very_sparse,bipolar,none,raw,,,,fine,1,128,64,30,30,cosine,uniform,1,32,0,0.44833335280418396,0.4426666498184204,-0.020801058039069176,0.6898626781436947,0.009,19.2,1.0,5043,0,0,0.1312,64.0,,,,
count_sketch,linear,count_sketch,bipolar,none,raw,,,,fine,1,128,64,30,30,cosine,uniform,1,32,0,0.33916667103767395,0.30266666412353516,-0.015727650374174118,0.589708923559471,0.009,15.25,1.0,4032,0,0,0.0078,52.0,,,,
srht,linear,srht,bipolar,none,raw,,,,fine,1,128,64,30,30,cosine,uniform,1,32,0,0.4025000035762787,0.3766666650772095,-0.049492694437503815,0.5720082514770681,0.009,47.0,1.0,12160,0,0,1.0,59.0,,,,
orthogonal,linear,orthogonal,bipolar,none,raw,,,,fine,1,128,64,30,30,cosine,uniform,1,32,0,0.503333330154419,0.515333354473114,-0.0002910421753767878,0.774230911252391,0.009,47.0,1.0,12160,0,0,1.0,64.0,,,,
sobol,linear,sobol,bipolar,none,raw,,,,fine,1,128,64,30,30,cosine,uniform,1,32,0,0.4933333396911621,0.4673333168029785,-0.010324426926672459,0.7015020084319511,0.011,47.0,1.0,12160,0,0,1.0,64.0,,,,
signrff_tuned,rff,rff,bipolar,none,raw,"{""bw_grid"": [0.05, 0.1, 0.25, 0.5, 1.0], ""bw_select"": ""val""}",,,fine,1,128,64,30,30,cosine,uniform,1,32,0,0.4300000071525574,0.4259999990463257,-0.028958626091480255,0.5120560880887687,0.028,47.5,32.0,12160,0,0,,,,,,
fpe_b1,fpe,fpe,bipolar,none,raw,"{""bw_scale"": 0.25, ""phase_bits"": 1}",,,fine,1,128,64,30,30,cosine,uniform,1,32,0,0.0833333358168602,0.06399999558925629,-0.05129174143075943,0.0010094119384474439,0.026,47.02,1.0,12160,0,0,,,,,,
learned,learned,learned,bipolar,none,raw,"{""epochs"": 60}",,,fine,1,128,64,30,30,cosine,uniform,1,32,0,0.6800000071525574,0.6826666593551636,0.06683462113142014,0.5772035778211001,0.34,47.5,1.0,12288,0,0,,,,,,
datainformed_k16,datainformed,datainformed,bipolar,none,raw,"{""K"": 16}",,,fine,1,128,64,30,30,cosine,uniform,1,32,0,0.4425000250339508,0.4426666498184204,-0.017817258834838867,0.6900312433823478,0.015,47.0,1.0,12160,0,0,,,,,,
gaussian,linear,gaussian,bipolar,none,raw,,,,fine,1,256,64,30,30,cosine,uniform,1,32,0,0.5875000357627869,0.5740000009536743,0.007285405416041613,0.8011670131034484,0.012,94.0,1.0,24320,0,0,1.0,64.0,,,,
rademacher,linear,rademacher,bipolar,none,raw,,,,fine,1,256,64,30,30,cosine,uniform,1,32,0,0.5600000023841858,0.5426666736602783,0.007911087945103645,0.7985067383488098,0.009,94.0,1.0,24320,0,0,1.0,64.0,,,,
very_sparse,linear,very_sparse,bipolar,none,raw,,,,fine,1,256,64,30,30,cosine,uniform,1,32,0,0.5433333516120911,0.550000011920929,0.007775470614433289,0.8014023775971981,0.009,38.22,1.0,10040,0,0,0.1284,64.0,,,,
count_sketch,linear,count_sketch,bipolar,none,raw,,,,fine,1,256,64,30,30,cosine,uniform,1,32,0,0.36000001430511475,0.3779999911785126,-0.004445377737283707,0.6249446172546425,0.009,30.25,1.0,8000,0,0,0.0039,58.0,,,,
srht,linear,srht,bipolar,none,raw,,,,fine,1,256,64,30,30,cosine,uniform,1,32,0,0.4241666793823242,0.43533334136009216,-0.027016371488571167,0.6040095755489314,0.01,94.0,1.0,24320,0,0,1.0,64.0,,,,
orthogonal,linear,orthogonal,bipolar,none,raw,,,,fine,1,256,64,30,30,cosine,uniform,1,32,0,0.5983333587646484,0.5853333473205566,0.016826802864670753,0.862554936960633,0.01,94.0,1.0,24320,0,0,1.0,64.0,,,,
sobol,linear,sobol,bipolar,none,raw,,,,fine,1,256,64,30,30,cosine,uniform,1,32,0,0.5891667008399963,0.5659999847412109,0.010621572844684124,0.8326293785523818,0.011,94.0,1.0,24320,0,0,1.0,64.0,,,,
signrff_tuned,rff,rff,bipolar,none,raw,"{""bw_grid"": [0.05, 0.1, 0.25, 0.5, 1.0], ""bw_select"": ""val""}",,,fine,1,256,64,30,30,cosine,uniform,1,32,0,0.5558333396911621,0.5526666641235352,-0.00799567997455597,0.6015480201117281,0.029,95.0,32.0,24320,0,0,,,,,,
fpe_b1,fpe,fpe,bipolar,none,raw,"{""bw_scale"": 0.25, ""phase_bits"": 1}",,,fine,1,256,64,30,30,cosine,uniform,1,32,0,0.12083333730697632,0.11733333021402359,-0.021379221230745316,0.0003757380213265686,0.027,94.03,1.0,24320,0,0,,,,,,
learned,learned,learned,bipolar,none,raw,"{""epochs"": 60}",,,fine,1,256,64,30,30,cosine,uniform,1,32,0,0.7008333206176758,0.7160000205039978,0.07920211553573608,0.6402833458649343,0.336,94.5,1.0,24448,0,0,,,,,,
datainformed_k16,datainformed,datainformed,bipolar,none,raw,"{""K"": 16}",,,fine,1,256,64,30,30,cosine,uniform,1,32,0,0.5649999976158142,0.5619999766349792,0.009189361706376076,0.801562645677807,0.018,94.0,1.0,24320,0,0,,,,,,
gaussian,linear,gaussian,bipolar,none,raw,,,,fine,1,512,64,30,30,cosine,uniform,1,32,0,0.6741666793823242,0.6613333225250244,0.030131429433822632,0.8830039173905834,0.009,188.0,1.0,48640,0,0,1.0,64.0,,,,
rademacher,linear,rademacher,bipolar,none,raw,,,,fine,1,512,64,30,30,cosine,uniform,1,32,0,0.6858333349227905,0.6673333048820496,0.03286527842283249,0.8842250910741601,0.008,188.0,1.0,48640,0,0,1.0,64.0,,,,
very_sparse,linear,very_sparse,bipolar,none,raw,,,,fine,1,512,64,30,30,cosine,uniform,1,32,0,0.6541666984558105,0.6513333320617676,0.030536824837327003,0.8832644208841478,0.008,76.36,1.0,20060,0,0,0.1278,64.0,,,,
count_sketch,linear,count_sketch,bipolar,none,raw,,,,fine,1,512,64,30,30,cosine,uniform,1,32,0,0.38333335518836975,0.35600000619888306,-0.0030434278305619955,0.6362609498425483,0.01,60.25,1.0,15936,0,0,0.002,60.0,,,,
srht,linear,srht,bipolar,none,raw,,,,fine,1,512,64,30,30,cosine,uniform,1,32,0,0.41083332896232605,0.4426666498184204,-0.028126418590545654,0.616853836559629,0.01,188.0,1.0,48640,0,0,1.0,64.0,,,,
orthogonal,linear,orthogonal,bipolar,none,raw,,,,fine,1,512,64,30,30,cosine,uniform,1,32,0,0.6625000238418579,0.6666666865348816,0.0353107713162899,0.9241283294986948,0.01,188.0,1.0,48640,0,0,1.0,64.0,,,,
sobol,linear,sobol,bipolar,none,raw,,,,fine,1,512,64,30,30,cosine,uniform,1,32,0,0.6733333468437195,0.6653333306312561,0.03341038525104523,0.9159332812217049,0.014,188.0,1.0,48640,0,0,1.0,64.0,,,,
signrff_tuned,rff,rff,bipolar,none,raw,"{""bw_grid"": [0.05, 0.1, 0.25, 0.5, 1.0], ""bw_select"": ""val""}",,,fine,1,512,64,30,30,cosine,uniform,1,32,0,0.6783333420753479,0.6859999895095825,0.005853408947587013,0.6208803815916868,0.032,190.0,32.0,48640,0,0,,,,,,
fpe_b1,fpe,fpe,bipolar,none,raw,"{""bw_scale"": 0.25, ""phase_bits"": 1}",,,fine,1,512,64,30,30,cosine,uniform,1,32,0,0.16250000894069672,0.14533333480358124,-0.08398531377315521,-0.0010117685020504706,0.027,188.06,1.0,48640,0,0,,,,,,
learned,learned,learned,bipolar,none,raw,"{""epochs"": 60}",,,fine,1,512,64,30,30,cosine,uniform,1,32,0,0.721666693687439,0.7300000190734863,0.08133945614099503,0.6703831276600096,0.289,188.5,1.0,48768,0,0,,,,,,
datainformed_k16,datainformed,datainformed,bipolar,none,raw,"{""K"": 16}",,,fine,1,512,64,30,30,cosine,uniform,1,32,0,0.6675000190734863,0.6493332982063293,0.029398618265986443,0.8859487320965617,0.017,188.0,1.0,48640,0,0,,,,,,
gaussian,linear,gaussian,bipolar,none,raw,,,,fine,1,1024,64,30,30,cosine,uniform,1,32,0,0.6866666674613953,0.6893333196640015,0.039852213114500046,0.9336790201664159,0.009,376.0,1.0,97280,0,0,1.0,64.0,,,,
rademacher,linear,rademacher,bipolar,none,raw,,,,fine,1,1024,64,30,30,cosine,uniform,1,32,0,0.7133333683013916,0.7113333344459534,0.0408085472881794,0.9366055032355614,0.009,376.0,1.0,97280,0,0,1.0,64.0,,,,
very_sparse,linear,very_sparse,bipolar,none,raw,,,,fine,1,1024,64,30,30,cosine,uniform,1,32,0,0.6850000023841858,0.6966666579246521,0.039093393832445145,0.9346308306509891,0.009,152.43,1.0,40047,0,0,0.1267,64.0,,,,
count_sketch,linear,count_sketch,bipolar,none,raw,,,,fine,1,1024,64,30,30,cosine,uniform,1,32,0,0.41583335399627686,0.4153333306312561,-0.002826516982167959,0.6409139404977783,0.011,120.25,1.0,31808,0,0,0.001,61.0,,,,
srht,linear,srht,bipolar,none,raw,,,,fine,1,1024,64,30,30,cosine,uniform,1,32,0,0.41333335638046265,0.40933331847190857,-0.03772406280040741,0.6394554147166948,0.011,376.0,1.0,97280,0,0,1.0,64.0,,,,
orthogonal,linear,orthogonal,bipolar,none,raw,,,,fine,1,1024,64,30,30,cosine,uniform,1,32,0,0.7008333206176758,0.6986666321754456,0.04230441153049469,0.9596477571344971,0.011,376.0,1.0,97280,0,0,1.0,64.0,,,,
sobol,linear,sobol,bipolar,none,raw,,,,fine,1,1024,64,30,30,cosine,uniform,1,32,0,0.6974999904632568,0.7073333263397217,0.042145486921072006,0.9572833756229338,0.011,376.0,1.0,97280,0,0,1.0,64.0,,,,
signrff_tuned,rff,rff,bipolar,none,raw,"{""bw_grid"": [0.05, 0.1, 0.25, 0.5, 1.0], ""bw_select"": ""val""}",,,fine,1,1024,64,30,30,cosine,uniform,1,32,0,0.699999988079071,0.699999988079071,0.007028596010059118,0.6602771461229091,0.029,380.0,32.0,97280,0,0,,,,,,
fpe_b1,fpe,fpe,bipolar,none,raw,"{""bw_scale"": 0.25, ""phase_bits"": 1}",,,fine,1,1024,64,30,30,cosine,uniform,1,32,0,0.2866666615009308,0.2666666507720947,-0.007052632048726082,-0.0018458276643222888,0.027,376.12,1.0,97280,0,0,,,,,,
learned,learned,learned,bipolar,none,raw,"{""epochs"": 60}",,,fine,1,1024,64,30,30,cosine,uniform,1,32,0,0.7308333516120911,0.7453333139419556,0.08516594022512436,0.6925503263287973,0.321,376.5,1.0,97408,0,0,,,,,,
datainformed_k16,datainformed,datainformed,bipolar,none,raw,"{""K"": 16}",,,fine,1,1024,64,30,30,cosine,uniform,1,32,0,0.6933333277702332,0.7046666741371155,0.04010385274887085,0.9354267392975134,0.022,376.0,1.0,97280,0,0,,,,,,
gaussian,linear,gaussian,bipolar,none,raw,,,,fine,1,2048,64,30,30,cosine,uniform,1,32,0,0.7116667032241821,0.7126666307449341,0.04488690569996834,0.9657528441996049,0.012,752.0,1.0,194560,0,0,1.0,64.0,,,,
rademacher,linear,rademacher,bipolar,none,raw,,,,fine,1,2048,64,30,30,cosine,uniform,1,32,0,0.7150000333786011,0.7073333263397217,0.044532082974910736,0.9670067348958783,0.011,752.0,1.0,194560,0,0,1.0,64.0,,,,
very_sparse,linear,very_sparse,bipolar,none,raw,,,,fine,1,2048,64,30,30,cosine,uniform,1,32,0,0.7116667032241821,0.7093333005905151,0.04327480122447014,0.9644114079639161,0.011,304.43,1.0,79983,0,0,0.1258,64.0,,,,
count_sketch,linear,count_sketch,bipolar,none,raw,,,,fine,1,2048,64,30,30,cosine,uniform,1,32,0,0.42250001430511475,0.3946666717529297,-0.000496653257869184,0.6457344348138757,0.015,240.25,1.0,63552,0,0,0.0005,62.0,,,,
srht,linear,srht,bipolar,none,raw,,,,fine,1,2048,64,30,30,cosine,uniform,1,32,0,0.40666666626930237,0.39399999380111694,-0.040874067693948746,0.6474172320115195,0.016,752.0,1.0,194560,0,0,1.0,64.0,,,,
orthogonal,linear,orthogonal,bipolar,none,raw,,,,fine,1,2048,64,30,30,cosine,uniform,1,32,0,0.7191666960716248,0.7086666822433472,0.04504581168293953,0.9796505059113372,0.02,752.0,1.0,194560,0,0,1.0,64.0,,,,
sobol,linear,sobol,bipolar,none,raw,,,,fine,1,2048,64,30,30,cosine,uniform,1,32,0,0.7208333611488342,0.7173333168029785,0.045285943895578384,0.9779612724676261,0.021,752.0,1.0,194560,0,0,1.0,64.0,,,,
signrff_tuned,rff,rff,bipolar,none,raw,"{""bw_grid"": [0.05, 0.1, 0.25, 0.5, 1.0], ""bw_select"": ""val""}",,,fine,1,2048,64,30,30,cosine,uniform,1,32,0,0.7150000333786011,0.7126666307449341,0.008182995021343231,0.6933155121322868,0.033,760.0,32.0,194560,0,0,,,,,,
fpe_b1,fpe,fpe,bipolar,none,raw,"{""bw_scale"": 0.25, ""phase_bits"": 1}",,,fine,1,2048,64,30,30,cosine,uniform,1,32,0,0.4191666841506958,0.398666650056839,-0.0019465689547359943,-0.0011416735718873603,0.027,752.25,1.0,194560,0,0,,,,,,
learned,learned,learned,bipolar,none,raw,"{""epochs"": 60}",,,fine,1,2048,64,30,30,cosine,uniform,1,32,0,0.7400000095367432,0.7506666779518127,0.08667093515396118,0.7034886817147754,0.291,752.5,1.0,194688,0,0,,,,,,
datainformed_k16,datainformed,datainformed,bipolar,none,raw,"{""K"": 16}",,,fine,1,2048,64,30,30,cosine,uniform,1,32,0,0.7075000405311584,0.7179999947547913,0.044826824218034744,0.9659039646329339,0.04,752.0,1.0,194560,0,0,,,,,,
gaussian,linear,gaussian,bipolar,none,raw,,,,fine,1,4096,64,30,30,cosine,uniform,1,32,0,0.7266666889190674,0.7253333330154419,0.0467531643807888,0.9826924739446199,0.021,1504.0,1.0,389120,0,0,1.0,64.0,,,,
rademacher,linear,rademacher,bipolar,none,raw,,,,fine,1,4096,64,30,30,cosine,uniform,1,32,0,0.7233333587646484,0.7199999690055847,0.045819588005542755,0.982713624299025,0.018,1504.0,1.0,389120,0,0,1.0,64.0,,,,
very_sparse,linear,very_sparse,bipolar,none,raw,,,,fine,1,4096,64,30,30,cosine,uniform,1,32,0,0.71833336353302,0.7173333168029785,0.04509975016117096,0.9806288948784747,0.017,608.57,1.0,159891,0,0,0.1256,64.0,,,,
count_sketch,linear,count_sketch,bipolar,none,raw,,,,fine,1,4096,64,30,30,cosine,uniform,1,32,0,0.4358333349227905,0.4206666648387909,-0.00016251523629762232,0.6499014205892715,0.025,480.25,1.0,127040,0,0,0.0002,63.0,,,,
srht,linear,srht,bipolar,none,raw,,,,fine,1,4096,64,30,30,cosine,uniform,1,32,0,0.4283333420753479,0.4206666648387909,-0.03364560753107071,0.6493199434567193,0.026,1504.0,1.0,389120,0,0,1.0,64.0,,,,
orthogonal,linear,orthogonal,bipolar,none,raw,,,,fine,1,4096,64,30,30,cosine,uniform,1,32,0,0.7225000262260437,0.7239999771118164,0.04791999235749245,0.9896085482333012,0.03,1504.0,1.0,389120,0,0,1.0,64.0,,,,
sobol,linear,sobol,bipolar,none,raw,,,,fine,1,4096,64,30,30,cosine,uniform,1,32,0,0.7133333683013916,0.7273333072662354,0.04668910801410675,0.9887898919885881,0.033,1504.0,1.0,389120,0,0,1.0,64.0,,,,
signrff_tuned,rff,rff,bipolar,none,raw,"{""bw_grid"": [0.05, 0.1, 0.25, 0.5, 1.0], ""bw_select"": ""val""}",,,fine,1,4096,64,30,30,cosine,uniform,1,32,0,0.7175000309944153,0.7139999866485596,0.008040783926844597,0.6815425284052163,0.048,1520.0,32.0,389120,0,0,,,,,,
fpe_b1,fpe,fpe,bipolar,none,raw,"{""bw_scale"": 0.25, ""phase_bits"": 1}",,,fine,1,4096,64,30,30,cosine,uniform,1,32,0,0.5133333206176758,0.49133333563804626,0.000575441459659487,0.0005950615246801343,0.037,1504.5,1.0,389120,0,0,,,,,,
learned,learned,learned,bipolar,none,raw,"{""epochs"": 60}",,,fine,1,4096,64,30,30,cosine,uniform,1,32,0,0.7391666769981384,0.7513332962989807,0.08601566404104233,0.7076524867570744,0.331,1504.5,1.0,389248,0,0,,,,,,
datainformed_k16,datainformed,datainformed,bipolar,none,raw,"{""K"": 16}",,,fine,1,4096,64,30,30,cosine,uniform,1,32,0,0.7150000333786011,0.7260000109672546,0.04662420228123665,0.98240998529905,0.065,1504.0,1.0,389120,0,0,,,,,,
gaussian,linear,gaussian,bipolar,none,raw,,,,fine,2,32,64,30,30,cosine,uniform,1,32,0,0.17916667461395264,0.17866666615009308,-0.15943469107151031,0.45304279105284295,0.009,11.75,1.0,3040,0,0,1.0,32.0,,,,
rademacher,linear,rademacher,bipolar,none,raw,,,,fine,2,32,64,30,30,cosine,uniform,1,32,0,0.16333334147930145,0.1679999977350235,-0.20299270749092102,0.4380909346313148,0.009,11.75,1.0,3040,0,0,1.0,32.0,,,,
very_sparse,linear,very_sparse,bipolar,none,raw,,,,fine,2,32,64,30,30,cosine,uniform,1,32,0,0.18666666746139526,0.164000004529953,-0.21566645801067352,0.4192099783506174,0.009,4.8,1.0,1262,0,0,0.1318,32.0,,,,
count_sketch,linear,count_sketch,bipolar,none,raw,,,,fine,2,32,64,30,30,cosine,uniform,1,32,0,0.16583333909511566,0.15399999916553497,-0.2632274627685547,0.44888989357629006,0.009,4.0,1.0,1056,0,0,0.0312,29.0,,,,
srht,linear,srht,bipolar,none,raw,,,,fine,2,32,64,30,30,cosine,uniform,1,32,0,0.1433333307504654,0.14266666769981384,-0.2517375946044922,0.38767752075077283,0.009,11.75,1.0,3040,0,0,1.0,25.0,,,,
orthogonal,linear,orthogonal,bipolar,none,raw,,,,fine,2,32,64,30,30,cosine,uniform,1,32,0,0.19083334505558014,0.1939999908208847,-0.1875336915254593,0.46145095612223225,0.01,11.75,1.0,3040,0,0,1.0,32.0,,,,
sobol,linear,sobol,bipolar,none,raw,,,,fine,2,32,64,30,30,cosine,uniform,1,32,0,0.15916666388511658,0.15733332931995392,-0.22179147601127625,0.41148590468678525,0.011,11.75,1.0,3040,0,0,1.0,32.0,,,,
signrff_tuned,rff,rff,bipolar,none,raw,"{""bw_grid"": [0.05, 0.1, 0.25, 0.5, 1.0], ""bw_select"": ""val""}",,,fine,2,32,64,30,30,cosine,uniform,1,32,0,0.17083333432674408,0.15799999237060547,-0.1260903924703598,0.3367757557273391,0.04,11.88,32.0,3040,0,0,,,,,,
fpe_b1,fpe,fpe,bipolar,none,raw,"{""bw_scale"": 0.25, ""phase_bits"": 1}",,,fine,2,32,64,30,30,cosine,uniform,1,32,0,0.0325000025331974,0.03933333232998848,-0.2888014018535614,0.008651318569245716,0.036,11.75,1.0,3040,0,0,,,,,,
learned,learned,learned,bipolar,none,raw,"{""epochs"": 60}",,,fine,2,32,64,30,30,cosine,uniform,1,32,0,0.5250000357627869,0.5193333029747009,-0.003082174574956298,0.3946252393364465,0.295,12.25,1.0,3168,0,0,,,,,,
datainformed_k16,datainformed,datainformed,bipolar,none,raw,"{""K"": 16}",,,fine,2,32,64,30,30,cosine,uniform,1,32,0,0.17916667461395264,0.17866666615009308,-0.15943469107151031,0.45304279105284295,0.014,11.75,1.0,3040,0,0,,,,,,
gaussian,linear,gaussian,bipolar,none,raw,,,,fine,2,64,64,30,30,cosine,uniform,1,32,0,0.3141666650772095,0.31933334469795227,-0.06275881081819534,0.5706545351927429,0.009,23.5,1.0,6080,0,0,1.0,64.0,,,,
rademacher,linear,rademacher,bipolar,none,raw,,,,fine,2,64,64,30,30,cosine,uniform,1,32,0,0.29750001430511475,0.29466667771339417,-0.08318077772855759,0.5629163066784314,0.01,23.5,1.0,6080,0,0,1.0,64.0,,,,
very_sparse,linear,very_sparse,bipolar,none,raw,,,,fine,2,64,64,30,30,cosine,uniform,1,32,0,0.33666667342185974,0.3253333270549774,-0.07237296551465988,0.5570662665526874,0.009,9.48,1.0,2490,0,0,0.1235,64.0,,,,
count_sketch,linear,count_sketch,bipolar,none,raw,,,,fine,2,64,64,30,30,cosine,uniform,1,32,0,0.26250001788139343,0.2473333328962326,-0.12518766522407532,0.5533047557357017,0.009,7.75,1.0,2048,0,0,0.0156,45.0,,,,
srht,linear,srht,bipolar,none,raw,,,,fine,2,64,64,30,30,cosine,uniform,1,32,0,0.2541666626930237,0.26866665482521057,-0.11379258334636688,0.46821484753224374,0.009,23.5,1.0,6080,0,0,1.0,41.0,,,,
orthogonal,linear,orthogonal,bipolar,none,raw,,,,fine,2,64,64,30,30,cosine,uniform,1,32,0,0.4166666865348816,0.3959999978542328,-0.0409960001707077,0.6535905710933033,0.009,23.5,1.0,6080,0,0,1.0,64.0,,,,
sobol,linear,sobol,bipolar,none,raw,,,,fine,2,64,64,30,30,cosine,uniform,1,32,0,0.3216666877269745,0.3153333365917206,-0.07613879442214966,0.561364080878774,0.011,23.5,1.0,6080,0,0,1.0,64.0,,,,
signrff_tuned,rff,rff,bipolar,none,raw,"{""bw_grid"": [0.05, 0.1, 0.25, 0.5, 1.0], ""bw_select"": ""val""}",,,fine,2,64,64,30,30,cosine,uniform,1,32,0,0.3291666805744171,0.34466665983200073,-0.014716355130076408,0.4097936406956168,0.036,23.75,32.0,6080,0,0,,,,,,
fpe_b1,fpe,fpe,bipolar,none,raw,"{""bw_scale"": 0.25, ""phase_bits"": 1}",,,fine,2,64,64,30,30,cosine,uniform,1,32,0,0.03500000014901161,0.05000000074505806,-0.17933516204357147,0.009956493615620789,0.035,23.51,1.0,6080,0,0,,,,,,
learned,learned,learned,bipolar,none,raw,"{""epochs"": 60}",,,fine,2,64,64,30,30,cosine,uniform,1,32,0,0.6133333444595337,0.6186666488647461,0.04400361701846123,0.4946040656089453,0.339,24.0,1.0,6208,0,0,,,,,,
datainformed_k16,datainformed,datainformed,bipolar,none,raw,"{""K"": 16}",,,fine,2,64,64,30,30,cosine,uniform,1,32,0,0.3316666781902313,0.3179999887943268,-0.06927965581417084,0.5471150589665509,0.014,23.5,1.0,6080,0,0,,,,,,
gaussian,linear,gaussian,bipolar,none,raw,,,,fine,2,128,64,30,30,cosine,uniform,1,32,0,0.4208333492279053,0.4333333373069763,-0.02268923446536064,0.6904548083001562,0.009,47.0,1.0,12160,0,0,1.0,64.0,,,,
rademacher,linear,rademacher,bipolar,none,raw,,,,fine,2,128,64,30,30,cosine,uniform,1,32,0,0.4300000071525574,0.4339999854564667,-0.022379659116268158,0.6837889453380015,0.009,47.0,1.0,12160,0,0,1.0,64.0,,,,
very_sparse,linear,very_sparse,bipolar,none,raw,,,,fine,2,128,64,30,30,cosine,uniform,1,32,0,0.4541666805744171,0.47066664695739746,-0.012819673866033554,0.6923294740480846,0.01,18.99,1.0,4989,0,0,0.1246,64.0,,,,
count_sketch,linear,count_sketch,bipolar,none,raw,,,,fine,2,128,64,30,30,cosine,uniform,1,32,0,0.335833340883255,0.35866665840148926,-0.013547846116125584,0.5948798921798171,0.009,15.25,1.0,4032,0,0,0.0078,53.0,,,,
srht,linear,srht,bipolar,none,raw,,,,fine,2,128,64,30,30,cosine,uniform,1,32,0,0.3791666626930237,0.3879999816417694,-0.045331764966249466,0.5509306500169959,0.009,47.0,1.0,12160,0,0,1.0,57.0,,,,
orthogonal,linear,orthogonal,bipolar,none,raw,,,,fine,2,128,64,30,30,cosine,uniform,1,32,0,0.5225000381469727,0.5133333206176758,0.0023819110356271267,0.7771218691710168,0.009,47.0,1.0,12160,0,0,1.0,64.0,,,,
sobol,linear,sobol,bipolar,none,raw,,,,fine,2,128,64,30,30,cosine,uniform,1,32,0,0.4658333361148834,0.47200000286102295,-0.011013020761311054,0.707679577885491,0.011,47.0,1.0,12160,0,0,1.0,64.0,,,,
signrff_tuned,rff,rff,bipolar,none,raw,"{""bw_grid"": [0.05, 0.1, 0.25, 0.5, 1.0], ""bw_select"": ""val""}",,,fine,2,128,64,30,30,cosine,uniform,1,32,0,0.3891666829586029,0.40799999237060547,-0.03685445711016655,0.5113653525312468,0.036,47.5,32.0,12160,0,0,,,,,,
fpe_b1,fpe,fpe,bipolar,none,raw,"{""bw_scale"": 0.25, ""phase_bits"": 1}",,,fine,2,128,64,30,30,cosine,uniform,1,32,0,0.0533333346247673,0.0546666644513607,-0.061668142676353455,0.003382087024947209,0.034,47.02,1.0,12160,0,0,,,,,,
learned,learned,learned,bipolar,none,raw,"{""epochs"": 60}",,,fine,2,128,64,30,30,cosine,uniform,1,32,0,0.6766666769981384,0.687999963760376,0.06832477450370789,0.5752776070980962,0.334,47.5,1.0,12288,0,0,,,,,,
datainformed_k16,datainformed,datainformed,bipolar,none,raw,"{""K"": 16}",,,fine,2,128,64,30,30,cosine,uniform,1,32,0,0.4208333492279053,0.4333333373069763,-0.02268923446536064,0.6904548083001562,0.014,47.0,1.0,12160,0,0,,,,,,
gaussian,linear,gaussian,bipolar,none,raw,,,,fine,2,256,64,30,30,cosine,uniform,1,32,0,0.5541666746139526,0.5766666531562805,0.011466782540082932,0.7991271638301248,0.009,94.0,1.0,24320,0,0,1.0,64.0,,,,
rademacher,linear,rademacher,bipolar,none,raw,,,,fine,2,256,64,30,30,cosine,uniform,1,32,0,0.5441666841506958,0.5733333230018616,0.010125693865120411,0.793611896857262,0.009,94.0,1.0,24320,0,0,1.0,64.0,,,,
very_sparse,linear,very_sparse,bipolar,none,raw,,,,fine,2,256,64,30,30,cosine,uniform,1,32,0,0.5475000143051147,0.5719999670982361,0.014060613699257374,0.7950802490508776,0.009,38.0,1.0,9984,0,0,0.125,64.0,,,,
count_sketch,linear,count_sketch,bipolar,none,raw,,,,fine,2,256,64,30,30,cosine,uniform,1,32,0,0.35500001907348633,0.3779999911785126,-0.006931430660188198,0.6279630929353776,0.009,30.25,1.0,8000,0,0,0.0039,59.0,,,,
srht,linear,srht,bipolar,none,raw,,,,fine,2,256,64,30,30,cosine,uniform,1,32,0,0.4025000035762787,0.4153333306312561,-0.030085453763604164,0.5844322645382788,0.009,94.0,1.0,24320,0,0,1.0,63.0,,,,
orthogonal,linear,orthogonal,bipolar,none,raw,,,,fine,2,256,64,30,30,cosine,uniform,1,32,0,0.5800000429153442,0.5833333134651184,0.015721451491117477,0.865786937068196,0.01,94.0,1.0,24320,0,0,1.0,64.0,,,,
sobol,linear,sobol,bipolar,none,raw,,,,fine,2,256,64,30,30,cosine,uniform,1,32,0,0.5625,0.578000009059906,0.012205487117171288,0.8357640889105327,0.011,94.0,1.0,24320,0,0,1.0,64.0,,,,
signrff_tuned,rff,rff,bipolar,none,raw,"{""bw_grid"": [0.05, 0.1, 0.25, 0.5, 1.0], ""bw_select"": ""val""}",,,fine,2,256,64,30,30,cosine,uniform,1,32,0,0.5300000309944153,0.5433333516120911,-0.004314574878662825,0.597098712450098,0.044,95.0,32.0,24320,0,0,,,,,,
fpe_b1,fpe,fpe,bipolar,none,raw,"{""bw_scale"": 0.25, ""phase_bits"": 1}",,,fine,2,256,64,30,30,cosine,uniform,1,32,0,0.11166667193174362,0.10999999940395355,-0.022078311070799828,0.001984136101067412,0.042,94.03,1.0,24320,0,0,,,,,,
learned,learned,learned,bipolar,none,raw,"{""epochs"": 60}",,,fine,2,256,64,30,30,cosine,uniform,1,32,0,0.7075000405311584,0.7086666822433472,0.07567369192838669,0.6313859829140973,0.337,94.5,1.0,24448,0,0,,,,,,
datainformed_k16,datainformed,datainformed,bipolar,none,raw,"{""K"": 16}",,,fine,2,256,64,30,30,cosine,uniform,1,32,0,0.5674999952316284,0.5699999928474426,0.011892239563167095,0.8037965031257394,0.016,94.0,1.0,24320,0,0,,,,,,
gaussian,linear,gaussian,bipolar,none,raw,,,,fine,2,512,64,30,30,cosine,uniform,1,32,0,0.65583336353302,0.6700000166893005,0.03311779722571373,0.8837770279276579,0.008,188.0,1.0,48640,0,0,1.0,64.0,,,,
rademacher,linear,rademacher,bipolar,none,raw,,,,fine,2,512,64,30,30,cosine,uniform,1,32,0,0.6383333206176758,0.6700000166893005,0.03113541565835476,0.8798194423556884,0.009,188.0,1.0,48640,0,0,1.0,64.0,,,,
very_sparse,linear,very_sparse,bipolar,none,raw,,,,fine,2,512,64,30,30,cosine,uniform,1,32,0,0.6441667079925537,0.6539999842643738,0.03314778581261635,0.8827140259393437,0.009,75.85,1.0,19930,0,0,0.1238,64.0,,,,
count_sketch,linear,count_sketch,bipolar,none,raw,,,,fine,2,512,64,30,30,cosine,uniform,1,32,0,0.36666667461395264,0.3893333375453949,-0.001973280217498541,0.6315702654153617,0.01,60.25,1.0,15936,0,0,0.002,60.0,,,,
srht,linear,srht,bipolar,none,raw,,,,fine,2,512,64,30,30,cosine,uniform,1,32,0,0.4375,0.4426666498184204,-0.022677866742014885,0.620980280793991,0.01,188.0,1.0,48640,0,0,1.0,64.0,,,,
orthogonal,linear,orthogonal,bipolar,none,raw,,,,fine,2,512,64,30,30,cosine,uniform,1,32,0,0.6483333706855774,0.6586666703224182,0.032777246087789536,0.9261255031542668,0.016,188.0,1.0,48640,0,0,1.0,64.0,,,,
sobol,linear,sobol,bipolar,none,raw,,,,fine,2,512,64,30,30,cosine,uniform,1,32,0,0.6658333539962769,0.6739999651908875,0.03369862213730812,0.9146433657632402,0.01,188.0,1.0,48640,0,0,1.0,64.0,,,,
signrff_tuned,rff,rff,bipolar,none,raw,"{""bw_grid"": [0.05, 0.1, 0.25, 0.5, 1.0], ""bw_select"": ""val""}",,,fine,2,512,64,30,30,cosine,uniform,1,32,0,0.6700000166893005,0.6793333292007446,0.005991328042000532,0.5952375353115155,0.039,190.0,32.0,48640,0,0,,,,,,
fpe_b1,fpe,fpe,bipolar,none,raw,"{""bw_scale"": 0.25, ""phase_bits"": 1}",,,fine,2,512,64,30,30,cosine,uniform,1,32,0,0.14249999821186066,0.15266665816307068,-0.08515729755163193,0.003475317604177148,0.038,188.06,1.0,48640,0,0,,,,,,
learned,learned,learned,bipolar,none,raw,"{""epochs"": 60}",,,fine,2,512,64,30,30,cosine,uniform,1,32,0,0.7125000357627869,0.7253333330154419,0.08219656348228455,0.6635301486326664,0.33,188.5,1.0,48768,0,0,,,,,,
datainformed_k16,datainformed,datainformed,bipolar,none,raw,"{""K"": 16}",,,fine,2,512,64,30,30,cosine,uniform,1,32,0,0.65583336353302,0.6700000166893005,0.03311779722571373,0.8837770279276579,0.017,188.0,1.0,48640,0,0,,,,,,
gaussian,linear,gaussian,bipolar,none,raw,,,,fine,2,1024,64,30,30,cosine,uniform,1,32,0,0.6800000071525574,0.7099999785423279,0.04239689186215401,0.9348585442244072,0.01,376.0,1.0,97280,0,0,1.0,64.0,,,,
rademacher,linear,rademacher,bipolar,none,raw,,,,fine,2,1024,64,30,30,cosine,uniform,1,32,0,0.6866666674613953,0.6959999799728394,0.040905918926000595,0.9349277445347788,0.009,376.0,1.0,97280,0,0,1.0,64.0,,,,
very_sparse,linear,very_sparse,bipolar,none,raw,,,,fine,2,1024,64,30,30,cosine,uniform,1,32,0,0.6866666674613953,0.7066666483879089,0.04240616038441658,0.9346917989937842,0.009,151.58,1.0,39829,0,0,0.1234,64.0,,,,
count_sketch,linear,count_sketch,bipolar,none,raw,,,,fine,2,1024,64,30,30,cosine,uniform,1,32,0,0.4050000011920929,0.43066665530204773,-0.0006517575238831341,0.6490089743617032,0.011,120.25,1.0,31808,0,0,0.001,63.0,,,,
srht,linear,srht,bipolar,none,raw,,,,fine,2,1024,64,30,30,cosine,uniform,1,32,0,0.39500001072883606,0.41999998688697815,-0.028284553438425064,0.645899527201757,0.011,376.0,1.0,97280,0,0,1.0,64.0,,,,
orthogonal,linear,orthogonal,bipolar,none,raw,,,,fine,2,1024,64,30,30,cosine,uniform,1,32,0,0.6875,0.6973333358764648,0.04041803628206253,0.9612234096402869,0.013,376.0,1.0,97280,0,0,1.0,64.0,,,,
sobol,linear,sobol,bipolar,none,raw,,,,fine,2,1024,64,30,30,cosine,uniform,1,32,0,0.6833333373069763,0.7006666660308838,0.04164883866906166,0.9569172777151151,0.025,376.0,1.0,97280,0,0,1.0,64.0,,,,
signrff_tuned,rff,rff,bipolar,none,raw,"{""bw_grid"": [0.05, 0.1, 0.25, 0.5, 1.0], ""bw_select"": ""val""}",,,fine,2,1024,64,30,30,cosine,uniform,1,32,0,0.6875,0.7053333520889282,0.011910799890756607,0.6044787375983226,0.04,380.0,32.0,97280,0,0,,,,,,
fpe_b1,fpe,fpe,bipolar,none,raw,"{""bw_scale"": 0.25, ""phase_bits"": 1}",,,fine,2,1024,64,30,30,cosine,uniform,1,32,0,0.2683333456516266,0.26866665482521057,-0.00721285305917263,0.006384622327574739,0.036,376.12,1.0,97280,0,0,,,,,,
learned,learned,learned,bipolar,none,raw,"{""epochs"": 60}",,,fine,2,1024,64,30,30,cosine,uniform,1,32,0,0.7291666865348816,0.7266666293144226,0.08433359861373901,0.6857094812634889,0.344,376.5,1.0,97408,0,0,,,,,,
datainformed_k16,datainformed,datainformed,bipolar,none,raw,"{""K"": 16}",,,fine,2,1024,64,30,30,cosine,uniform,1,32,0,0.6825000047683716,0.6800000071525574,0.03916839882731438,0.9373061729999816,0.022,376.0,1.0,97280,0,0,,,,,,
gaussian,linear,gaussian,bipolar,none,raw,,,,fine,2,2048,64,30,30,cosine,uniform,1,32,0,0.7041667103767395,0.722000002861023,0.046207599341869354,0.9656190610577667,0.011,752.0,1.0,194560,0,0,1.0,64.0,,,,
rademacher,linear,rademacher,bipolar,none,raw,,,,fine,2,2048,64,30,30,cosine,uniform,1,32,0,0.699999988079071,0.7093333005905151,0.043539732694625854,0.9654953586475308,0.012,752.0,1.0,194560,0,0,1.0,64.0,,,,
very_sparse,linear,very_sparse,bipolar,none,raw,,,,fine,2,2048,64,30,30,cosine,uniform,1,32,0,0.6974999904632568,0.7086666822433472,0.04441557824611664,0.9647583585172644,0.011,302.96,1.0,79606,0,0,0.123,64.0,,,,
count_sketch,linear,count_sketch,bipolar,none,raw,,,,fine,2,2048,64,30,30,cosine,uniform,1,32,0,0.4208333492279053,0.4339999854564667,-0.00033351973979733884,0.6531279568521426,0.015,240.25,1.0,63552,0,0,0.0005,64.0,,,,
srht,linear,srht,bipolar,none,raw,,,,fine,2,2048,64,30,30,cosine,uniform,1,32,0,0.4208333492279053,0.40933331847190857,-0.031869810074567795,0.6527275395753553,0.016,752.0,1.0,194560,0,0,1.0,64.0,,,,
orthogonal,linear,orthogonal,bipolar,none,raw,,,,fine,2,2048,64,30,30,cosine,uniform,1,32,0,0.6974999904632568,0.7139999866485596,0.04588649421930313,0.9796931572669972,0.02,752.0,1.0,194560,0,0,1.0,64.0,,,,
sobol,linear,sobol,bipolar,none,raw,,,,fine,2,2048,64,30,30,cosine,uniform,1,32,0,0.6966666579246521,0.7113333344459534,0.04500891640782356,0.978087641651033,0.029,752.0,1.0,194560,0,0,1.0,64.0,,,,
signrff_tuned,rff,rff,bipolar,none,raw,"{""bw_grid"": [0.05, 0.1, 0.25, 0.5, 1.0], ""bw_select"": ""val""}",,,fine,2,2048,64,30,30,cosine,uniform,1,32,0,0.699999988079071,0.7106666564941406,0.013387796469032764,0.6358637150048002,0.046,760.0,32.0,194560,0,0,,,,,,
fpe_b1,fpe,fpe,bipolar,none,raw,"{""bw_scale"": 0.25, ""phase_bits"": 1}",,,fine,2,2048,64,30,30,cosine,uniform,1,32,0,0.382500022649765,0.38600000739097595,-0.0019168551079928875,0.007382713750293599,0.037,752.25,1.0,194560,0,0,,,,,,
learned,learned,learned,bipolar,none,raw,"{""epochs"": 60}",,,fine,2,2048,64,30,30,cosine,uniform,1,32,0,0.7250000238418579,0.7419999837875366,0.08472083508968353,0.6918951587144675,0.302,752.5,1.0,194688,0,0,,,,,,
datainformed_k16,datainformed,datainformed,bipolar,none,raw,"{""K"": 16}",,,fine,2,2048,64,30,30,cosine,uniform,1,32,0,0.7033333778381348,0.7246666550636292,0.045641958713531494,0.9662203062313427,0.036,752.0,1.0,194560,0,0,,,,,,
gaussian,linear,gaussian,bipolar,none,raw,,,,fine,2,4096,64,30,30,cosine,uniform,1,32,0,0.7125000357627869,0.7273333072662354,0.048547547310590744,0.9827869294110249,0.019,1504.0,1.0,389120,0,0,1.0,64.0,,,,
rademacher,linear,rademacher,bipolar,none,raw,,,,fine,2,4096,64,30,30,cosine,uniform,1,32,0,0.7033333778381348,0.7206666469573975,0.046311039477586746,0.9825376845726321,0.019,1504.0,1.0,389120,0,0,1.0,64.0,,,,
very_sparse,linear,very_sparse,bipolar,none,raw,,,,fine,2,4096,64,30,30,cosine,uniform,1,32,0,0.6991666555404663,0.7213333249092102,0.046219147741794586,0.9810167241827615,0.019,607.18,1.0,159534,0,0,0.1242,64.0,,,,
count_sketch,linear,count_sketch,bipolar,none,raw,,,,fine,2,4096,64,30,30,cosine,uniform,1,32,0,0.4375,0.4333333373069763,-0.000122183482744731,0.6531279568521426,0.026,480.25,1.0,127040,0,0,0.0002,64.0,,,,
srht,linear,srht,bipolar,none,raw,,,,fine,2,4096,64,30,30,cosine,uniform,1,32,0,0.4266666769981384,0.4333333373069763,-0.028949905186891556,0.6478604360200678,0.026,1504.0,1.0,389120,0,0,1.0,64.0,,,,
orthogonal,linear,orthogonal,bipolar,none,raw,,,,fine,2,4096,64,30,30,cosine,uniform,1,32,0,0.7091667056083679,0.7293333411216736,0.04733072966337204,0.9897366133064014,0.03,1504.0,1.0,389120,0,0,1.0,64.0,,,,
sobol,linear,sobol,bipolar,none,raw,,,,fine,2,4096,64,30,30,cosine,uniform,1,32,0,0.699999988079071,0.7113333344459534,0.04627261310815811,0.9890772758491275,0.04,1504.0,1.0,389120,0,0,1.0,64.0,,,,
signrff_tuned,rff,rff,bipolar,none,raw,"{""bw_grid"": [0.05, 0.1, 0.25, 0.5, 1.0], ""bw_select"": ""val""}",,,fine,2,4096,64,30,30,cosine,uniform,1,32,0,0.6991666555404663,0.7080000042915344,0.008352421224117279,0.6594230673357097,0.053,1520.0,32.0,389120,0,0,,,,,,
fpe_b1,fpe,fpe,bipolar,none,raw,"{""bw_scale"": 0.25, ""phase_bits"": 1}",,,fine,2,4096,64,30,30,cosine,uniform,1,32,0,0.4891666769981384,0.49533331394195557,0.0006095634889788926,0.006502784705542952,0.046,1504.5,1.0,389120,0,0,,,,,,
learned,learned,learned,bipolar,none,raw,"{""epochs"": 60}",,,fine,2,4096,64,30,30,cosine,uniform,1,32,0,0.7308333516120911,0.7379999756813049,0.08537669479846954,0.7011714740713006,0.317,1504.5,1.0,389248,0,0,,,,,,
datainformed_k16,datainformed,datainformed,bipolar,none,raw,"{""K"": 16}",,,fine,2,4096,64,30,30,cosine,uniform,1,32,0,0.70250004529953,0.7279999852180481,0.04770005866885185,0.9824481559833981,0.075,1504.0,1.0,389120,0,0,,,,,,
gaussian,linear,gaussian,bipolar,none,raw,,,,shells,0,32,64,6,30,cosine,uniform,1,32,0,0.07999999821186066,0.03333333507180214,-0.37001511454582214,0.650188756804235,0.005,8.75,1.0,2272,0,0,1.0,32.0,,,,
rademacher,linear,rademacher,bipolar,none,raw,,,,shells,0,32,64,6,30,cosine,uniform,1,32,0,0.10999999940395355,0.0833333358168602,-0.3060806393623352,0.6306837954642923,0.012,8.75,1.0,2272,0,0,1.0,32.0,,,,
very_sparse,linear,very_sparse,bipolar,none,raw,,,,shells,0,32,64,6,30,cosine,uniform,1,32,0,0.07999999821186066,0.14166668057441711,-0.2807593047618866,0.6247769936084042,0.012,1.75,1.0,480,0,0,0.125,32.0,,,,
count_sketch,linear,count_sketch,bipolar,none,raw,,,,shells,0,32,64,6,30,cosine,uniform,1,32,0,0.47999998927116394,0.491666704416275,-0.010742142796516418,0.6552560096883294,0.009,1.0,1.0,288,0,0,0.0312,28.0,,,,
srht,linear,srht,bipolar,none,raw,,,,shells,0,32,64,6,30,cosine,uniform,1,32,0,0.07000000029802322,0.15000000596046448,-0.2681381404399872,0.5872788151863868,0.006,8.75,1.0,2272,0,0,1.0,26.0,,,,
orthogonal,linear,orthogonal,bipolar,none,raw,,,,shells,0,32,64,6,30,cosine,uniform,1,32,0,0.12999999523162842,0.0833333358168602,-0.32295718789100647,0.6705933938047003,0.006,8.75,1.0,2272,0,0,1.0,32.0,,,,
sobol,linear,sobol,bipolar,none,raw,,,,shells,0,32,64,6,30,cosine,uniform,1,32,0,0.12999999523162842,0.07500000298023224,-0.2810879647731781,0.5984170566526624,0.011,8.75,1.0,2272,0,0,1.0,32.0,,,,
signrff_tuned,rff,rff,bipolar,none,raw,"{""bw_grid"": [0.05, 0.1, 0.25, 0.5, 1.0], ""bw_select"": ""val""}",,,shells,0,32,64,6,30,cosine,uniform,1,32,0,0.5099999904632568,0.5250000357627869,-0.002797654364258051,0.5381619993858027,0.008,8.88,32.0,2272,0,0,,,,,,
fpe_b1,fpe,fpe,bipolar,none,raw,"{""bw_scale"": 0.25, ""phase_bits"": 1}",,,shells,0,32,64,6,30,cosine,uniform,1,32,0,0.6699999570846558,0.6833333969116211,0.012475630268454552,-0.010924790558075244,0.011,8.75,1.0,2272,0,0,,,,,,
learned,learned,learned,bipolar,none,raw,"{""epochs"": 60}",,,shells,0,32,64,6,30,cosine,uniform,1,32,0,0.2800000011920929,0.3500000238418579,-0.12599270045757294,0.6630052202661025,0.049,9.25,1.0,2400,0,0,,,,,,
datainformed_k16,datainformed,datainformed,bipolar,none,raw,"{""K"": 16}",,,shells,0,32,64,6,30,cosine,uniform,1,32,0,0.05999999865889549,0.07500000298023224,-0.2764650285243988,0.6280723222906909,0.011,8.75,1.0,2272,0,0,,,,,,
gaussian,linear,gaussian,bipolar,none,raw,,,,shells,0,64,64,6,30,cosine,uniform,1,32,0,0.19999998807907104,0.13333334028720856,-0.18623416125774384,0.7530932179590399,0.006,17.5,1.0,4544,0,0,1.0,64.0,,,,
rademacher,linear,rademacher,bipolar,none,raw,,,,shells,0,64,64,6,30,cosine,uniform,1,32,0,0.08999999612569809,0.07500000298023224,-0.22050681710243225,0.7515484167701383,0.009,17.5,1.0,4544,0,0,1.0,64.0,,,,
very_sparse,linear,very_sparse,bipolar,none,raw,,,,shells,0,64,64,6,30,cosine,uniform,1,32,0,0.05999999865889549,0.13333334028720856,-0.18522882461547852,0.7447152353600982,0.006,3.5,1.0,959,0,0,0.1248,64.0,,,,
count_sketch,linear,count_sketch,bipolar,none,raw,,,,shells,0,64,64,6,30,cosine,uniform,1,32,0,0.5299999713897705,0.5416666865348816,0.010265802033245564,0.7528956410269346,0.006,1.75,1.0,512,0,0,0.0156,40.0,,,,
srht,linear,srht,bipolar,none,raw,,,,shells,0,64,64,6,30,cosine,uniform,1,32,0,0.07999999821186066,0.125,-0.21176008880138397,0.6981828595837286,0.01,17.5,1.0,4544,0,0,1.0,41.0,,,,
orthogonal,linear,orthogonal,bipolar,none,raw,,,,shells,0,64,64,6,30,cosine,uniform,1,32,0,0.14000000059604645,0.17500001192092896,-0.16835057735443115,0.8426728358906231,0.005,17.5,1.0,4544,0,0,1.0,64.0,,,,
sobol,linear,sobol,bipolar,none,raw,,,,shells,0,64,64,6,30,cosine,uniform,1,32,0,0.1599999964237213,0.125,-0.17718780040740967,0.73561719794718,0.006,17.5,1.0,4544,0,0,1.0,64.0,,,,
signrff_tuned,rff,rff,bipolar,none,raw,"{""bw_grid"": [0.05, 0.1, 0.25, 0.5, 1.0], ""bw_select"": ""val""}",,,shells,0,64,64,6,30,cosine,uniform,1,32,0,0.5999999642372131,0.5666667222976685,0.012631957419216633,0.42413900338414307,0.007,17.75,32.0,4544,0,0,,,,,,
fpe_b1,fpe,fpe,bipolar,none,raw,"{""bw_scale"": 0.25, ""phase_bits"": 1}",,,shells,0,64,64,6,30,cosine,uniform,1,32,0,0.75,0.7083333730697632,0.016988473013043404,0.005257041349803298,0.006,17.51,1.0,4544,0,0,,,,,,
learned,learned,learned,bipolar,none,raw,"{""epochs"": 60}",,,shells,0,64,64,6,30,cosine,uniform,1,32,0,0.38999998569488525,0.36666667461395264,-0.07384534925222397,0.7860907265652457,0.039,18.0,1.0,4672,0,0,,,,,,
datainformed_k16,datainformed,datainformed,bipolar,none,raw,"{""K"": 16}",,,shells,0,64,64,6,30,cosine,uniform,1,32,0,0.03999999910593033,0.17500001192092896,-0.1596612185239792,0.752861854851458,0.015,17.5,1.0,4544,0,0,,,,,,
gaussian,linear,gaussian,bipolar,none,raw,,,,shells,0,128,64,6,30,cosine,uniform,1,32,0,0.25999999046325684,0.2666666805744171,-0.08224587887525558,0.8609350255832818,0.006,35.0,1.0,9088,0,0,1.0,64.0,,,,
rademacher,linear,rademacher,bipolar,none,raw,,,,shells,0,128,64,6,30,cosine,uniform,1,32,0,0.1899999976158142,0.11666667461395264,-0.13564680516719818,0.8662457111256318,0.006,35.0,1.0,9088,0,0,1.0,64.0,,,,
very_sparse,linear,very_sparse,bipolar,none,raw,,,,shells,0,128,64,6,30,cosine,uniform,1,32,0,0.12999999523162842,0.21666668355464935,-0.11171118170022964,0.8404397622550721,0.011,7.08,1.0,1940,0,0,0.1274,64.0,,,,
count_sketch,linear,count_sketch,bipolar,none,raw,,,,shells,0,128,64,6,30,cosine,uniform,1,32,0,0.47999998927116394,0.491666704416275,-0.00021554033446591347,0.7908891306018344,0.006,3.25,1.0,960,0,0,0.0078,52.0,,,,
srht,linear,srht,bipolar,none,raw,,,,shells,0,128,64,6,30,cosine,uniform,1,32,0,0.14999999105930328,0.1666666716337204,-0.16171112656593323,0.7872681162301549,0.011,35.0,1.0,9088,0,0,1.0,59.0,,,,
orthogonal,linear,orthogonal,bipolar,none,raw,,,,shells,0,128,64,6,30,cosine,uniform,1,32,0,0.1899999976158142,0.19166667759418488,-0.10240402817726135,0.9080753976256246,0.006,35.0,1.0,9088,0,0,1.0,64.0,,,,
sobol,linear,sobol,bipolar,none,raw,,,,shells,0,128,64,6,30,cosine,uniform,1,32,0,0.17999999225139618,0.2083333432674408,-0.09591711312532425,0.8647977077097264,0.008,35.0,1.0,9088,0,0,1.0,64.0,,,,
signrff_tuned,rff,rff,bipolar,none,raw,"{""bw_grid"": [0.05, 0.1, 0.25, 0.5, 1.0], ""bw_select"": ""val""}",,,shells,0,128,64,6,30,cosine,uniform,1,32,0,0.6899999976158142,0.6500000357627869,0.020188163965940475,0.5528832203701628,0.01,35.5,32.0,9088,0,0,,,,,,
fpe_b1,fpe,fpe,bipolar,none,raw,"{""bw_scale"": 0.25, ""phase_bits"": 1}",,,shells,0,128,64,6,30,cosine,uniform,1,32,0,0.8299999833106995,0.8166667222976685,0.019064422696828842,0.012051425659805364,0.006,35.02,1.0,9088,0,0,,,,,,
learned,learned,learned,bipolar,none,raw,"{""epochs"": 60}",,,shells,0,128,64,6,30,cosine,uniform,1,32,0,0.4099999964237213,0.32500001788139343,-0.053880080580711365,0.8631972911480724,0.039,35.5,1.0,9216,0,0,,,,,,
datainformed_k16,datainformed,datainformed,bipolar,none,raw,"{""K"": 16}",,,shells,0,128,64,6,30,cosine,uniform,1,32,0,0.12999999523162842,0.15833334624767303,-0.1189529225230217,0.8654549177717409,0.023,35.0,1.0,9088,0,0,,,,,,
gaussian,linear,gaussian,bipolar,none,raw,,,,shells,0,256,64,6,30,cosine,uniform,1,32,0,0.25999999046325684,0.17500001192092896,-0.08854693174362183,0.9221862700488742,0.01,70.0,1.0,18176,0,0,1.0,64.0,,,,
rademacher,linear,rademacher,bipolar,none,raw,,,,shells,0,256,64,6,30,cosine,uniform,1,32,0,0.20999999344348907,0.15000000596046448,-0.09801863878965378,0.9301926664677784,0.009,70.0,1.0,18176,0,0,1.0,64.0,,,,
very_sparse,linear,very_sparse,bipolar,none,raw,,,,shells,0,256,64,6,30,cosine,uniform,1,32,0,0.1599999964237213,0.24166667461395264,-0.068759985268116,0.9114994224627984,0.005,14.06,1.0,3856,0,0,0.126,64.0,,,,
count_sketch,linear,count_sketch,bipolar,none,raw,,,,shells,0,256,64,6,30,cosine,uniform,1,32,0,0.5199999809265137,0.4833333492279053,-0.00027825238066725433,0.8247620446384731,0.005,6.25,1.0,1856,0,0,0.0039,59.0,,,,
srht,linear,srht,bipolar,none,raw,,,,shells,0,256,64,6,30,cosine,uniform,1,32,0,0.10999999940395355,0.14166668057441711,-0.1825954020023346,0.8069502166537889,0.005,70.0,1.0,18176,0,0,1.0,64.0,,,,
orthogonal,linear,orthogonal,bipolar,none,raw,,,,shells,0,256,64,6,30,cosine,uniform,1,32,0,0.09999999403953552,0.1666666716337204,-0.09960920363664627,0.9522468216164744,0.005,70.0,1.0,18176,0,0,1.0,64.0,,,,
sobol,linear,sobol,bipolar,none,raw,,,,shells,0,256,64,6,30,cosine,uniform,1,32,0,0.19999998807907104,0.18333333730697632,-0.07846703380346298,0.9380884170921362,0.007,70.0,1.0,18176,0,0,1.0,64.0,,,,
signrff_tuned,rff,rff,bipolar,none,raw,"{""bw_grid"": [0.05, 0.1, 0.25, 0.5, 1.0], ""bw_select"": ""val""}",,,shells,0,256,64,6,30,cosine,uniform,1,32,0,0.7400000095367432,0.7083333730697632,0.024569803848862648,0.5737989206363172,0.007,71.0,32.0,18176,0,0,,,,,,
fpe_b1,fpe,fpe,bipolar,none,raw,"{""bw_scale"": 0.25, ""phase_bits"": 1}",,,shells,0,256,64,6,30,cosine,uniform,1,32,0,0.8399999737739563,0.8750000596046448,0.015414165332913399,0.0105571567693467,0.005,70.03,1.0,18176,0,0,,,,,,
learned,learned,learned,bipolar,none,raw,"{""epochs"": 60}",,,shells,0,256,64,6,30,cosine,uniform,1,32,0,0.41999998688697815,0.3583333492279053,-0.05072281137108803,0.8980985586622645,0.039,70.5,1.0,18304,0,0,,,,,,
datainformed_k16,datainformed,datainformed,bipolar,none,raw,"{""K"": 16}",,,shells,0,256,64,6,30,cosine,uniform,1,32,0,0.20999999344348907,0.3333333432674408,-0.060444511473178864,0.9164429336766167,0.011,70.0,1.0,18176,0,0,,,,,,
gaussian,linear,gaussian,bipolar,none,raw,,,,shells,0,512,64,6,30,cosine,uniform,1,32,0,0.20999999344348907,0.15833334624767303,-0.09138038009405136,0.9589853758742986,0.006,140.0,1.0,36352,0,0,1.0,64.0,,,,
rademacher,linear,rademacher,bipolar,none,raw,,,,shells,0,512,64,6,30,cosine,uniform,1,32,0,0.2199999988079071,0.17500001192092896,-0.06681574881076813,0.9614644866821243,0.006,140.0,1.0,36352,0,0,1.0,64.0,,,,
very_sparse,linear,very_sparse,bipolar,none,raw,,,,shells,0,512,64,6,30,cosine,uniform,1,32,0,0.35999998450279236,0.44166669249534607,-0.008371733129024506,0.957104841563485,0.005,28.0,1.0,7681,0,0,0.125,64.0,,,,
count_sketch,linear,count_sketch,bipolar,none,raw,,,,shells,0,512,64,6,30,cosine,uniform,1,32,0,0.5699999928474426,0.46666669845581055,-0.0010719096753746271,0.8392199086173904,0.005,12.25,1.0,3648,0,0,0.002,64.0,,,,
srht,linear,srht,bipolar,none,raw,,,,shells,0,512,64,6,30,cosine,uniform,1,32,0,0.11999999731779099,0.10833334177732468,-0.17992126941680908,0.8228763067403838,0.005,140.0,1.0,36352,0,0,1.0,64.0,,,,
orthogonal,linear,orthogonal,bipolar,none,raw,,,,shells,0,512,64,6,30,cosine,uniform,1,32,0,0.2800000011920929,0.2750000059604645,-0.041772693395614624,0.9745973617905338,0.006,140.0,1.0,36352,0,0,1.0,64.0,,,,
sobol,linear,sobol,bipolar,none,raw,,,,shells,0,512,64,6,30,cosine,uniform,1,32,0,0.1899999976158142,0.19166667759418488,-0.08087531477212906,0.9714638365502978,0.006,140.0,1.0,36352,0,0,1.0,64.0,,,,
signrff_tuned,rff,rff,bipolar,none,raw,"{""bw_grid"": [0.05, 0.1, 0.25, 0.5, 1.0], ""bw_select"": ""val""}",,,shells,0,512,64,6,30,cosine,uniform,1,32,0,0.8100000023841858,0.8333333730697632,0.031390514224767685,0.6374879013053458,0.006,142.0,32.0,36352,0,0,,,,,,
fpe_b1,fpe,fpe,bipolar,none,raw,"{""bw_scale"": 0.25, ""phase_bits"": 1}",,,shells,0,512,64,6,30,cosine,uniform,1,32,0,0.8899999856948853,0.9000000357627869,0.01697920635342598,0.008469954976105911,0.004,140.06,1.0,36352,0,0,,,,,,
learned,learned,learned,bipolar,none,raw,"{""epochs"": 60}",,,shells,0,512,64,6,30,cosine,uniform,1,32,0,0.3499999940395355,0.3583333492279053,-0.041513875126838684,0.9188849970245261,0.041,140.5,1.0,36480,0,0,,,,,,
datainformed_k16,datainformed,datainformed,bipolar,none,raw,"{""K"": 16}",,,shells,0,512,64,6,30,cosine,uniform,1,32,0,0.3100000023841858,0.3500000238418579,-0.03088710829615593,0.9582546275945956,0.017,140.0,1.0,36352,0,0,,,,,,
gaussian,linear,gaussian,bipolar,none,raw,,,,shells,0,1024,64,6,30,cosine,uniform,1,32,0,0.17000000178813934,0.15833334624767303,-0.04257216677069664,0.9782802057481633,0.006,280.0,1.0,72704,0,0,1.0,64.0,,,,
rademacher,linear,rademacher,bipolar,none,raw,,,,shells,0,1024,64,6,30,cosine,uniform,1,32,0,0.22999998927116394,0.2083333432674408,-0.034117937088012695,0.9805198170327192,0.005,280.0,1.0,72704,0,0,1.0,64.0,,,,
very_sparse,linear,very_sparse,bipolar,none,raw,,,,shells,0,1024,64,6,30,cosine,uniform,1,32,0,0.28999999165534973,0.40833336114883423,-0.010233210399746895,0.9783206587612477,0.005,56.26,1.0,15426,0,0,0.126,64.0,,,,
count_sketch,linear,count_sketch,bipolar,none,raw,,,,shells,0,1024,64,6,30,cosine,uniform,1,32,0,0.550000011920929,0.4583333432674408,-0.0004237194953020662,0.8389667369489621,0.004,24.25,1.0,7232,0,0,0.001,64.0,,,,
srht,linear,srht,bipolar,none,raw,,,,shells,0,1024,64,6,30,cosine,uniform,1,32,0,0.1899999976158142,0.20000001788139343,-0.16570331156253815,0.8277698398526483,0.005,280.0,1.0,72704,0,0,1.0,64.0,,,,
orthogonal,linear,orthogonal,bipolar,none,raw,,,,shells,0,1024,64,6,30,cosine,uniform,1,32,0,0.17000000178813934,0.15833334624767303,-0.053864844143390656,0.9874685949478851,0.007,280.0,1.0,72704,0,0,1.0,64.0,,,,
sobol,linear,sobol,bipolar,none,raw,,,,shells,0,1024,64,6,30,cosine,uniform,1,32,0,0.17999999225139618,0.19166667759418488,-0.05514683201909065,0.9862185330023582,0.007,280.0,1.0,72704,0,0,1.0,64.0,,,,
signrff_tuned,rff,rff,bipolar,none,raw,"{""bw_grid"": [0.05, 0.1, 0.25, 0.5, 1.0], ""bw_select"": ""val""}",,,shells,0,1024,64,6,30,cosine,uniform,1,32,0,0.7999999523162842,0.7416667342185974,0.03828244283795357,0.4510655585148546,0.006,284.0,32.0,72704,0,0,,,,,,
fpe_b1,fpe,fpe,bipolar,none,raw,"{""bw_scale"": 0.25, ""phase_bits"": 1}",,,shells,0,1024,64,6,30,cosine,uniform,1,32,0,0.9099999666213989,0.9083333611488342,0.019143180921673775,0.010814938583819454,0.004,280.12,1.0,72704,0,0,,,,,,
learned,learned,learned,bipolar,none,raw,"{""epochs"": 60}",,,shells,0,1024,64,6,30,cosine,uniform,1,32,0,0.429999977350235,0.3916666805744171,-0.02994311787188053,0.9350318426322932,0.038,280.5,1.0,72832,0,0,,,,,,
datainformed_k16,datainformed,datainformed,bipolar,none,raw,"{""K"": 16}",,,shells,0,1024,64,6,30,cosine,uniform,1,32,0,0.22999998927116394,0.30000001192092896,-0.026254404336214066,0.9783962984190796,0.017,280.0,1.0,72704,0,0,,,,,,
gaussian,linear,gaussian,bipolar,none,raw,,,,shells,0,2048,64,6,30,cosine,uniform,1,32,0,0.20999999344348907,0.22500000894069672,-0.02918965183198452,0.9894801593903596,0.006,560.0,1.0,145408,0,0,1.0,64.0,,,,
rademacher,linear,rademacher,bipolar,none,raw,,,,shells,0,2048,64,6,30,cosine,uniform,1,32,0,0.26999998092651367,0.2916666865348816,-0.028155887499451637,0.9900349085911556,0.005,560.0,1.0,145408,0,0,1.0,64.0,,,,
very_sparse,linear,very_sparse,bipolar,none,raw,,,,shells,0,2048,64,6,30,cosine,uniform,1,32,0,0.3400000035762787,0.38333335518836975,-0.01159240398555994,0.988731788490321,0.005,113.16,1.0,31018,0,0,0.1273,64.0,,,,
count_sketch,linear,count_sketch,bipolar,none,raw,,,,shells,0,2048,64,6,30,cosine,uniform,1,32,0,0.5699999928474426,0.5,-2.8785567337763496e-05,0.8390767798436131,0.005,48.25,1.0,14400,0,0,0.0005,64.0,,,,
srht,linear,srht,bipolar,none,raw,,,,shells,0,2048,64,6,30,cosine,uniform,1,32,0,0.08999999612569809,0.21666668355464935,-0.14287103712558746,0.8380720171638805,0.006,560.0,1.0,145408,0,0,1.0,64.0,,,,
orthogonal,linear,orthogonal,bipolar,none,raw,,,,shells,0,2048,64,6,30,cosine,uniform,1,32,0,0.22999998927116394,0.15833334624767303,-0.044193342328071594,0.9931843573929678,0.021,560.0,1.0,145408,0,0,1.0,64.0,,,,
sobol,linear,sobol,bipolar,none,raw,,,,shells,0,2048,64,6,30,cosine,uniform,1,32,0,0.22999998927116394,0.2666666805744171,-0.025754155591130257,0.9931756852387886,0.015,560.0,1.0,145408,0,0,1.0,64.0,,,,
signrff_tuned,rff,rff,bipolar,none,raw,"{""bw_grid"": [0.05, 0.1, 0.25, 0.5, 1.0], ""bw_select"": ""val""}",,,shells,0,2048,64,6,30,cosine,uniform,1,32,0,0.8199999928474426,0.8083333969116211,0.039442531764507294,0.4910311197896946,0.024,568.0,32.0,145408,0,0,,,,,,
fpe_b1,fpe,fpe,bipolar,none,raw,"{""bw_scale"": 0.25, ""phase_bits"": 1}",,,shells,0,2048,64,6,30,cosine,uniform,1,32,0,0.8999999761581421,0.9250000715255737,0.017722679302096367,0.011588095882637213,0.009,560.25,1.0,145408,0,0,,,,,,
learned,learned,learned,bipolar,none,raw,"{""epochs"": 60}",,,shells,0,2048,64,6,30,cosine,uniform,1,32,0,0.41999998688697815,0.4333333671092987,-0.029514502733945847,0.9415838456244513,0.053,560.5,1.0,145536,0,0,,,,,,
datainformed_k16,datainformed,datainformed,bipolar,none,raw,"{""K"": 16}",,,shells,0,2048,64,6,30,cosine,uniform,1,32,0,0.22999998927116394,0.25833335518836975,-0.026794936507940292,0.9895840518611306,0.04,560.0,1.0,145408,0,0,,,,,,
gaussian,linear,gaussian,bipolar,none,raw,,,,shells,0,4096,64,6,30,cosine,uniform,1,32,0,0.22999998927116394,0.2083333432674408,-0.04524208977818489,0.9950147410614063,0.008,1120.0,1.0,290816,0,0,1.0,64.0,,,,
rademacher,linear,rademacher,bipolar,none,raw,,,,shells,0,4096,64,6,30,cosine,uniform,1,32,0,0.26999998092651367,0.2916666865348816,-0.026263928040862083,0.9944351139118306,0.007,1120.0,1.0,290816,0,0,1.0,64.0,,,,
very_sparse,linear,very_sparse,bipolar,none,raw,,,,shells,0,4096,64,6,30,cosine,uniform,1,32,0,0.22999998927116394,0.2750000059604645,-0.021660421043634415,0.9937866344938768,0.007,225.3,1.0,61773,0,0,0.1263,64.0,,,,
count_sketch,linear,count_sketch,bipolar,none,raw,,,,shells,0,4096,64,6,30,cosine,uniform,1,32,0,0.5799999833106995,0.4583333432674408,-7.367581565631554e-05,0.8389667369489621,0.005,96.25,1.0,28736,0,0,0.0002,64.0,,,,
srht,linear,srht,bipolar,none,raw,,,,shells,0,4096,64,6,30,cosine,uniform,1,32,0,0.10999999940395355,0.14166668057441711,-0.17659816145896912,0.8336858139109238,0.007,1120.0,1.0,290816,0,0,1.0,64.0,,,,
orthogonal,linear,orthogonal,bipolar,none,raw,,,,shells,0,4096,64,6,30,cosine,uniform,1,32,0,0.22999998927116394,0.22500000894069672,-0.03904314339160919,0.9967132318590874,0.019,1120.0,1.0,290816,0,0,1.0,64.0,,,,
sobol,linear,sobol,bipolar,none,raw,,,,shells,0,4096,64,6,30,cosine,uniform,1,32,0,0.25,0.22500000894069672,-0.02890455164015293,0.9964963622673086,0.021,1120.0,1.0,290816,0,0,1.0,64.0,,,,
signrff_tuned,rff,rff,bipolar,none,raw,"{""bw_grid"": [0.05, 0.1, 0.25, 0.5, 1.0], ""bw_select"": ""val""}",,,shells,0,4096,64,6,30,cosine,uniform,1,32,0,0.7899999618530273,0.8416666984558105,0.03836892545223236,0.5408581576578763,0.021,1136.0,32.0,290816,0,0,,,,,,
fpe_b1,fpe,fpe,bipolar,none,raw,"{""bw_scale"": 0.25, ""phase_bits"": 1}",,,shells,0,4096,64,6,30,cosine,uniform,1,32,0,0.9399999976158142,0.9166666865348816,0.017608968541026115,0.009219355246960282,0.01,1120.5,1.0,290816,0,0,,,,,,
learned,learned,learned,bipolar,none,raw,"{""epochs"": 60}",,,shells,0,4096,64,6,30,cosine,uniform,1,32,0,0.38999998569488525,0.40833336114883423,-0.031319234520196915,0.9477045630484897,0.053,1120.5,1.0,290944,0,0,,,,,,
datainformed_k16,datainformed,datainformed,bipolar,none,raw,"{""K"": 16}",,,shells,0,4096,64,6,30,cosine,uniform,1,32,0,0.25999999046325684,0.2666666805744171,-0.02442951314151287,0.9946647846358837,0.046,1120.0,1.0,290816,0,0,,,,,,
gaussian,linear,gaussian,bipolar,none,raw,,,,shells,1,32,64,6,30,cosine,uniform,1,32,0,0.10999999940395355,0.125,-0.26268699765205383,0.6571411855262596,0.005,8.75,1.0,2272,0,0,1.0,32.0,,,,
rademacher,linear,rademacher,bipolar,none,raw,,,,shells,1,32,64,6,30,cosine,uniform,1,32,0,0.07000000029802322,0.09166666865348816,-0.32549408078193665,0.6584911752970094,0.006,8.75,1.0,2272,0,0,1.0,32.0,,,,
very_sparse,linear,very_sparse,bipolar,none,raw,,,,shells,1,32,64,6,30,cosine,uniform,1,32,0,0.07999999821186066,0.09166666865348816,-0.3129807412624359,0.6551543918185491,0.005,1.85,1.0,505,0,0,0.1372,32.0,,,,
count_sketch,linear,count_sketch,bipolar,none,raw,,,,shells,1,32,64,6,30,cosine,uniform,1,32,0,0.4599999785423279,0.5166667103767395,0.005384103860706091,0.6642540211402318,0.004,1.0,1.0,288,0,0,0.0312,28.0,,,,
srht,linear,srht,bipolar,none,raw,,,,shells,1,32,64,6,30,cosine,uniform,1,32,0,0.08999999612569809,0.18333333730697632,-0.2334323674440384,0.652681843243849,0.004,8.75,1.0,2272,0,0,1.0,29.0,,,,
orthogonal,linear,orthogonal,bipolar,none,raw,,,,shells,1,32,64,6,30,cosine,uniform,1,32,0,0.04999999701976776,0.11666667461395264,-0.2595917880535126,0.6875542026522918,0.004,8.75,1.0,2272,0,0,1.0,32.0,,,,
sobol,linear,sobol,bipolar,none,raw,,,,shells,1,32,64,6,30,cosine,uniform,1,32,0,0.07999999821186066,0.05000000447034836,-0.3236822485923767,0.6310065519419275,0.006,8.75,1.0,2272,0,0,1.0,32.0,,,,
signrff_tuned,rff,rff,bipolar,none,raw,"{""bw_grid"": [0.05, 0.1, 0.25, 0.5, 1.0], ""bw_select"": ""val""}",,,shells,1,32,64,6,30,cosine,uniform,1,32,0,0.41999998688697815,0.45000001788139343,-0.028902720659971237,0.19796624996478773,0.007,8.88,32.0,2272,0,0,,,,,,
fpe_b1,fpe,fpe,bipolar,none,raw,"{""bw_scale"": 0.25, ""phase_bits"": 1}",,,shells,1,32,64,6,30,cosine,uniform,1,32,0,0.5699999928474426,0.6583333611488342,0.010831736028194427,0.0018437953037265936,0.006,8.75,1.0,2272,0,0,,,,,,
learned,learned,learned,bipolar,none,raw,"{""epochs"": 60}",,,shells,1,32,64,6,30,cosine,uniform,1,32,0,0.2199999988079071,0.17500001192092896,-0.17783941328525543,0.7122039845401104,0.041,9.25,1.0,2400,0,0,,,,,,
datainformed_k16,datainformed,datainformed,bipolar,none,raw,"{""K"": 16}",,,shells,1,32,64,6,30,cosine,uniform,1,32,0,0.05999999865889549,0.125,-0.2882757782936096,0.6793186271134637,0.01,8.75,1.0,2272,0,0,,,,,,
gaussian,linear,gaussian,bipolar,none,raw,,,,shells,1,64,64,6,30,cosine,uniform,1,32,0,0.11999999731779099,0.14166668057441711,-0.1802380383014679,0.7645994936073796,0.004,17.5,1.0,4544,0,0,1.0,64.0,,,,
rademacher,linear,rademacher,bipolar,none,raw,,,,shells,1,64,64,6,30,cosine,uniform,1,32,0,0.12999999523162842,0.09166666865348816,-0.20290696620941162,0.7716626092126031,0.004,17.5,1.0,4544,0,0,1.0,64.0,,,,
very_sparse,linear,very_sparse,bipolar,none,raw,,,,shells,1,64,64,6,30,cosine,uniform,1,32,0,0.14000000059604645,0.10833334177732468,-0.16177527606487274,0.7843036394752854,0.004,3.72,1.0,1016,0,0,0.1387,64.0,,,,
count_sketch,linear,count_sketch,bipolar,none,raw,,,,shells,1,64,64,6,30,cosine,uniform,1,32,0,0.550000011920929,0.5333333611488342,0.009758032858371735,0.7558496217764065,0.005,1.75,1.0,512,0,0,0.0156,42.0,,,,
srht,linear,srht,bipolar,none,raw,,,,shells,1,64,64,6,30,cosine,uniform,1,32,0,0.07000000029802322,0.10833334177732468,-0.2596588134765625,0.6804191904044291,0.005,17.5,1.0,4544,0,0,1.0,43.0,,,,
orthogonal,linear,orthogonal,bipolar,none,raw,,,,shells,1,64,64,6,30,cosine,uniform,1,32,0,0.14999999105930328,0.11666667461395264,-0.19076946377754211,0.8523385892691431,0.005,17.5,1.0,4544,0,0,1.0,64.0,,,,
sobol,linear,sobol,bipolar,none,raw,,,,shells,1,64,64,6,30,cosine,uniform,1,32,0,0.1899999976158142,0.0833333358168602,-0.19908961653709412,0.761987900148963,0.006,17.5,1.0,4544,0,0,1.0,64.0,,,,
signrff_tuned,rff,rff,bipolar,none,raw,"{""bw_grid"": [0.05, 0.1, 0.25, 0.5, 1.0], ""bw_select"": ""val""}",,,shells,1,64,64,6,30,cosine,uniform,1,32,0,0.6100000143051147,0.5666667222976685,0.018566733226180077,0.4111257685913514,0.007,17.75,32.0,4544,0,0,,,,,,
fpe_b1,fpe,fpe,bipolar,none,raw,"{""bw_scale"": 0.25, ""phase_bits"": 1}",,,shells,1,64,64,6,30,cosine,uniform,1,32,0,0.75,0.7583333849906921,0.019001120701432228,0.002344140438042988,0.006,17.51,1.0,4544,0,0,,,,,,
learned,learned,learned,bipolar,none,raw,"{""epochs"": 60}",,,shells,1,64,64,6,30,cosine,uniform,1,32,0,0.2800000011920929,0.2916666865348816,-0.08120110630989075,0.7683733690462203,0.038,18.0,1.0,4672,0,0,,,,,,
datainformed_k16,datainformed,datainformed,bipolar,none,raw,"{""K"": 16}",,,shells,1,64,64,6,30,cosine,uniform,1,32,0,0.17000000178813934,0.10833334177732468,-0.17762811481952667,0.7914725591649716,0.01,17.5,1.0,4544,0,0,,,,,,
gaussian,linear,gaussian,bipolar,none,raw,,,,shells,1,128,64,6,30,cosine,uniform,1,32,0,0.14000000059604645,0.15833334624767303,-0.10625311732292175,0.8608813520557059,0.005,35.0,1.0,9088,0,0,1.0,64.0,,,,
rademacher,linear,rademacher,bipolar,none,raw,,,,shells,1,128,64,6,30,cosine,uniform,1,32,0,0.10999999940395355,0.09166666865348816,-0.15436892211437225,0.8712726843887447,0.005,35.0,1.0,9088,0,0,1.0,64.0,,,,
very_sparse,linear,very_sparse,bipolar,none,raw,,,,shells,1,128,64,6,30,cosine,uniform,1,32,0,0.20999999344348907,0.22500000894069672,-0.10371334850788116,0.8658984575925864,0.005,7.2,1.0,1971,0,0,0.1312,64.0,,,,
count_sketch,linear,count_sketch,bipolar,none,raw,,,,shells,1,128,64,6,30,cosine,uniform,1,32,0,0.4899999797344208,0.5416666865348816,0.004702313803136349,0.7843590136571582,0.005,3.25,1.0,960,0,0,0.0078,52.0,,,,
srht,linear,srht,bipolar,none,raw,,,,shells,1,128,64,6,30,cosine,uniform,1,32,0,0.1599999964237213,0.14166668057441711,-0.1738409698009491,0.7907737197269418,0.005,35.0,1.0,9088,0,0,1.0,59.0,,,,
orthogonal,linear,orthogonal,bipolar,none,raw,,,,shells,1,128,64,6,30,cosine,uniform,1,32,0,0.19999998807907104,0.10000000894069672,-0.11608029156923294,0.9166817712043186,0.005,35.0,1.0,9088,0,0,1.0,64.0,,,,
sobol,linear,sobol,bipolar,none,raw,,,,shells,1,128,64,6,30,cosine,uniform,1,32,0,0.17000000178813934,0.10833334177732468,-0.17055560648441315,0.8811176538436002,0.006,35.0,1.0,9088,0,0,1.0,64.0,,,,
signrff_tuned,rff,rff,bipolar,none,raw,"{""bw_grid"": [0.05, 0.1, 0.25, 0.5, 1.0], ""bw_select"": ""val""}",,,shells,1,128,64,6,30,cosine,uniform,1,32,0,0.5999999642372131,0.5583333373069763,0.008559835143387318,0.3145346740682355,0.007,35.5,32.0,9088,0,0,,,,,,
fpe_b1,fpe,fpe,bipolar,none,raw,"{""bw_scale"": 0.25, ""phase_bits"": 1}",,,shells,1,128,64,6,30,cosine,uniform,1,32,0,0.8299999833106995,0.7500000596046448,0.014429176226258278,0.0031008440106377,0.006,35.02,1.0,9088,0,0,,,,,,
learned,learned,learned,bipolar,none,raw,"{""epochs"": 60}",,,shells,1,128,64,6,30,cosine,uniform,1,32,0,0.25999999046325684,0.32500001788139343,-0.058458924293518066,0.8616689143016899,0.04,35.5,1.0,9216,0,0,,,,,,
datainformed_k16,datainformed,datainformed,bipolar,none,raw,"{""K"": 16}",,,shells,1,128,64,6,30,cosine,uniform,1,32,0,0.1899999976158142,0.20000001788139343,-0.1207033097743988,0.8614812577201953,0.012,35.0,1.0,9088,0,0,,,,,,
gaussian,linear,gaussian,bipolar,none,raw,,,,shells,1,256,64,6,30,cosine,uniform,1,32,0,0.1899999976158142,0.19166667759418488,-0.07332032918930054,0.925355440072699,0.005,70.0,1.0,18176,0,0,1.0,64.0,,,,
rademacher,linear,rademacher,bipolar,none,raw,,,,shells,1,256,64,6,30,cosine,uniform,1,32,0,0.14000000059604645,0.25833335518836975,-0.06497162580490112,0.9244284671538346,0.005,70.0,1.0,18176,0,0,1.0,64.0,,,,
very_sparse,linear,very_sparse,bipolar,none,raw,,,,shells,1,256,64,6,30,cosine,uniform,1,32,0,0.22999998927116394,0.2083333432674408,-0.07646249234676361,0.9279280055434057,0.004,14.22,1.0,3896,0,0,0.1284,64.0,,,,
count_sketch,linear,count_sketch,bipolar,none,raw,,,,shells,1,256,64,6,30,cosine,uniform,1,32,0,0.5399999618530273,0.5166667103767395,0.001662694034166634,0.8009361173488154,0.005,6.25,1.0,1856,0,0,0.0039,58.0,,,,
srht,linear,srht,bipolar,none,raw,,,,shells,1,256,64,6,30,cosine,uniform,1,32,0,0.14000000059604645,0.1666666716337204,-0.15914666652679443,0.8310890435687458,0.006,70.0,1.0,18176,0,0,1.0,64.0,,,,
orthogonal,linear,orthogonal,bipolar,none,raw,,,,shells,1,256,64,6,30,cosine,uniform,1,32,0,0.22999998927116394,0.19166667759418488,-0.07560183852910995,0.9534044732312091,0.007,70.0,1.0,18176,0,0,1.0,64.0,,,,
sobol,linear,sobol,bipolar,none,raw,,,,shells,1,256,64,6,30,cosine,uniform,1,32,0,0.17999999225139618,0.15000000596046448,-0.10643283277750015,0.9409694066872095,0.01,70.0,1.0,18176,0,0,1.0,64.0,,,,
signrff_tuned,rff,rff,bipolar,none,raw,"{""bw_grid"": [0.05, 0.1, 0.25, 0.5, 1.0], ""bw_select"": ""val""}",,,shells,1,256,64,6,30,cosine,uniform,1,32,0,0.6899999976158142,0.6833333969116211,0.024199284613132477,0.6158007852030389,0.007,71.0,32.0,18176,0,0,,,,,,
fpe_b1,fpe,fpe,bipolar,none,raw,"{""bw_scale"": 0.25, ""phase_bits"": 1}",,,shells,1,256,64,6,30,cosine,uniform,1,32,0,0.85999995470047,0.7833333611488342,0.01319892518222332,0.005281604954305505,0.005,70.03,1.0,18176,0,0,,,,,,
learned,learned,learned,bipolar,none,raw,"{""epochs"": 60}",,,shells,1,256,64,6,30,cosine,uniform,1,32,0,0.3199999928474426,0.2666666805744171,-0.07095503062009811,0.8910638925759751,0.045,70.5,1.0,18304,0,0,,,,,,
datainformed_k16,datainformed,datainformed,bipolar,none,raw,"{""K"": 16}",,,shells,1,256,64,6,30,cosine,uniform,1,32,0,0.17999999225139618,0.25,-0.08114476501941681,0.9267251932577963,0.011,70.0,1.0,18176,0,0,,,,,,
gaussian,linear,gaussian,bipolar,none,raw,,,,shells,1,512,64,6,30,cosine,uniform,1,32,0,0.11999999731779099,0.10833334177732468,-0.09384340792894363,0.961621239224317,0.005,140.0,1.0,36352,0,0,1.0,64.0,,,,
rademacher,linear,rademacher,bipolar,none,raw,,,,shells,1,512,64,6,30,cosine,uniform,1,32,0,0.20999999344348907,0.2083333432674408,-0.06812532246112823,0.9610300234007836,0.005,140.0,1.0,36352,0,0,1.0,64.0,,,,
very_sparse,linear,very_sparse,bipolar,none,raw,,,,shells,1,512,64,6,30,cosine,uniform,1,32,0,0.25,0.23333334922790527,-0.05626847222447395,0.9615474723764661,0.006,28.36,1.0,7772,0,0,0.1278,64.0,,,,
count_sketch,linear,count_sketch,bipolar,none,raw,,,,shells,1,512,64,6,30,cosine,uniform,1,32,0,0.5600000023841858,0.5416666865348816,0.0015967220533639193,0.8100278717430486,0.004,12.25,1.0,3648,0,0,0.002,60.0,,,,
srht,linear,srht,bipolar,none,raw,,,,shells,1,512,64,6,30,cosine,uniform,1,32,0,0.05999999865889549,0.10000000894069672,-0.2123386561870575,0.8276725502227932,0.005,140.0,1.0,36352,0,0,1.0,64.0,,,,
orthogonal,linear,orthogonal,bipolar,none,raw,,,,shells,1,512,64,6,30,cosine,uniform,1,32,0,0.2199999988079071,0.2750000059604645,-0.05547091364860535,0.9760209054327146,0.006,140.0,1.0,36352,0,0,1.0,64.0,,,,
sobol,linear,sobol,bipolar,none,raw,,,,shells,1,512,64,6,30,cosine,uniform,1,32,0,0.23999999463558197,0.15000000596046448,-0.08500945568084717,0.9727192103054,0.007,140.0,1.0,36352,0,0,1.0,64.0,,,,
signrff_tuned,rff,rff,bipolar,none,raw,"{""bw_grid"": [0.05, 0.1, 0.25, 0.5, 1.0], ""bw_select"": ""val""}",,,shells,1,512,64,6,30,cosine,uniform,1,32,0,0.699999988079071,0.7083333730697632,0.029137546196579933,0.36788466567682854,0.006,142.0,32.0,36352,0,0,,,,,,
fpe_b1,fpe,fpe,bipolar,none,raw,"{""bw_scale"": 0.25, ""phase_bits"": 1}",,,shells,1,512,64,6,30,cosine,uniform,1,32,0,0.9099999666213989,0.9000000357627869,0.015452000312507153,0.004064190282301408,0.004,140.06,1.0,36352,0,0,,,,,,
learned,learned,learned,bipolar,none,raw,"{""epochs"": 60}",,,shells,1,512,64,6,30,cosine,uniform,1,32,0,0.3400000035762787,0.32500001788139343,-0.06160670518875122,0.9103073480626318,0.04,140.5,1.0,36480,0,0,,,,,,
datainformed_k16,datainformed,datainformed,bipolar,none,raw,"{""K"": 16}",,,shells,1,512,64,6,30,cosine,uniform,1,32,0,0.14000000059604645,0.22500000894069672,-0.08995476365089417,0.9534560133021812,0.013,140.0,1.0,36352,0,0,,,,,,
gaussian,linear,gaussian,bipolar,none,raw,,,,shells,1,1024,64,6,30,cosine,uniform,1,32,0,0.12999999523162842,0.19166667759418488,-0.09817644953727722,0.9801892842915455,0.005,280.0,1.0,72704,0,0,1.0,64.0,,,,
rademacher,linear,rademacher,bipolar,none,raw,,,,shells,1,1024,64,6,30,cosine,uniform,1,32,0,0.20999999344348907,0.25,-0.03780920058488846,0.9794344748186249,0.005,280.0,1.0,72704,0,0,1.0,64.0,,,,
very_sparse,linear,very_sparse,bipolar,none,raw,,,,shells,1,1024,64,6,30,cosine,uniform,1,32,0,0.26999998092651367,0.2083333432674408,-0.04550573602318764,0.9807485021387927,0.005,56.43,1.0,15471,0,0,0.1267,64.0,,,,
count_sketch,linear,count_sketch,bipolar,none,raw,,,,shells,1,1024,64,6,30,cosine,uniform,1,32,0,0.5399999618530273,0.5583333373069763,0.0007618343224748969,0.818203426430441,0.005,24.25,1.0,7232,0,0,0.001,61.0,,,,
srht,linear,srht,bipolar,none,raw,,,,shells,1,1024,64,6,30,cosine,uniform,1,32,0,0.11999999731779099,0.13333334028720856,-0.1799020916223526,0.8538281252761215,0.005,280.0,1.0,72704,0,0,1.0,64.0,,,,
orthogonal,linear,orthogonal,bipolar,none,raw,,,,shells,1,1024,64,6,30,cosine,uniform,1,32,0,0.2199999988079071,0.2666666805744171,-0.04571595415472984,0.9873636262592976,0.007,280.0,1.0,72704,0,0,1.0,64.0,,,,
sobol,linear,sobol,bipolar,none,raw,,,,shells,1,1024,64,6,30,cosine,uniform,1,32,0,0.1899999976158142,0.25,-0.07279781997203827,0.9868163360748873,0.007,280.0,1.0,72704,0,0,1.0,64.0,,,,
signrff_tuned,rff,rff,bipolar,none,raw,"{""bw_grid"": [0.05, 0.1, 0.25, 0.5, 1.0], ""bw_select"": ""val""}",,,shells,1,1024,64,6,30,cosine,uniform,1,32,0,0.699999988079071,0.7166666984558105,0.03029218316078186,0.439052216300784,0.006,284.0,32.0,72704,0,0,,,,,,
fpe_b1,fpe,fpe,bipolar,none,raw,"{""bw_scale"": 0.25, ""phase_bits"": 1}",,,shells,1,1024,64,6,30,cosine,uniform,1,32,0,0.9099999666213989,0.8833333849906921,0.016029441729187965,0.007252414353876728,0.004,280.12,1.0,72704,0,0,,,,,,
learned,learned,learned,bipolar,none,raw,"{""epochs"": 60}",,,shells,1,1024,64,6,30,cosine,uniform,1,32,0,0.32999998331069946,0.34166669845581055,-0.05192313715815544,0.9184563078711002,0.053,280.5,1.0,72832,0,0,,,,,,
datainformed_k16,datainformed,datainformed,bipolar,none,raw,"{""K"": 16}",,,shells,1,1024,64,6,30,cosine,uniform,1,32,0,0.17999999225139618,0.23333334922790527,-0.04196329787373543,0.9797353249358581,0.031,280.0,1.0,72704,0,0,,,,,,
gaussian,linear,gaussian,bipolar,none,raw,,,,shells,1,2048,64,6,30,cosine,uniform,1,32,0,0.20999999344348907,0.21666668355464935,-0.03340332582592964,0.9896035186969347,0.014,560.0,1.0,145408,0,0,1.0,64.0,,,,
rademacher,linear,rademacher,bipolar,none,raw,,,,shells,1,2048,64,6,30,cosine,uniform,1,32,0,0.26999998092651367,0.22500000894069672,-0.02806241624057293,0.9893823195041704,0.006,560.0,1.0,145408,0,0,1.0,64.0,,,,
very_sparse,linear,very_sparse,bipolar,none,raw,,,,shells,1,2048,64,6,30,cosine,uniform,1,32,0,0.23999999463558197,0.20000001788139343,-0.047769881784915924,0.9898368580786863,0.006,112.43,1.0,30831,0,0,0.1258,64.0,,,,
count_sketch,linear,count_sketch,bipolar,none,raw,,,,shells,1,2048,64,6,30,cosine,uniform,1,32,0,0.5299999713897705,0.5833333730697632,0.0004055629251524806,0.8256318048579444,0.006,48.25,1.0,14400,0,0,0.0005,62.0,,,,
srht,linear,srht,bipolar,none,raw,,,,shells,1,2048,64,6,30,cosine,uniform,1,32,0,0.14000000059604645,0.15833334624767303,-0.1579819619655609,0.8419191127975474,0.006,560.0,1.0,145408,0,0,1.0,64.0,,,,
orthogonal,linear,orthogonal,bipolar,none,raw,,,,shells,1,2048,64,6,30,cosine,uniform,1,32,0,0.20999999344348907,0.21666668355464935,-0.03512219712138176,0.9937072600429212,0.021,560.0,1.0,145408,0,0,1.0,64.0,,,,
sobol,linear,sobol,bipolar,none,raw,,,,shells,1,2048,64,6,30,cosine,uniform,1,32,0,0.25,0.18333333730697632,-0.04468521475791931,0.9931798506819273,0.018,560.0,1.0,145408,0,0,1.0,64.0,,,,
signrff_tuned,rff,rff,bipolar,none,raw,"{""bw_grid"": [0.05, 0.1, 0.25, 0.5, 1.0], ""bw_select"": ""val""}",,,shells,1,2048,64,6,30,cosine,uniform,1,32,0,0.7599999904632568,0.7916666865348816,0.03533365577459335,0.5162613385873237,0.029,568.0,32.0,145408,0,0,,,,,,
fpe_b1,fpe,fpe,bipolar,none,raw,"{""bw_scale"": 0.25, ""phase_bits"": 1}",,,shells,1,2048,64,6,30,cosine,uniform,1,32,0,0.9399999976158142,0.9416667222976685,0.017211902886629105,0.005407920999292801,0.01,560.25,1.0,145408,0,0,,,,,,
learned,learned,learned,bipolar,none,raw,"{""epochs"": 60}",,,shells,1,2048,64,6,30,cosine,uniform,1,32,0,0.32999998331069946,0.3916666805744171,-0.039506662636995316,0.9249789076279404,0.045,560.5,1.0,145536,0,0,,,,,,
datainformed_k16,datainformed,datainformed,bipolar,none,raw,"{""K"": 16}",,,shells,1,2048,64,6,30,cosine,uniform,1,32,0,0.2800000011920929,0.22500000894069672,-0.02913207747042179,0.9900553099944567,0.026,560.0,1.0,145408,0,0,,,,,,
gaussian,linear,gaussian,bipolar,none,raw,,,,shells,1,4096,64,6,30,cosine,uniform,1,32,0,0.14999999105930328,0.19166667759418488,-0.05862058326601982,0.9952715913846106,0.007,1120.0,1.0,290816,0,0,1.0,64.0,,,,
rademacher,linear,rademacher,bipolar,none,raw,,,,shells,1,4096,64,6,30,cosine,uniform,1,32,0,0.1599999964237213,0.2083333432674408,-0.08867020905017853,0.9944445174604837,0.006,1120.0,1.0,290816,0,0,1.0,64.0,,,,
very_sparse,linear,very_sparse,bipolar,none,raw,,,,shells,1,4096,64,6,30,cosine,uniform,1,32,0,0.26999998092651367,0.23333334922790527,-0.021760573610663414,0.9946448271371867,0.006,224.57,1.0,61587,0,0,0.1256,64.0,,,,
count_sketch,linear,count_sketch,bipolar,none,raw,,,,shells,1,4096,64,6,30,cosine,uniform,1,32,0,0.5600000023841858,0.5666667222976685,0.0001860941556515172,0.8325379441617474,0.006,96.25,1.0,28736,0,0,0.0002,63.0,,,,
srht,linear,srht,bipolar,none,raw,,,,shells,1,4096,64,6,30,cosine,uniform,1,32,0,0.07999999821186066,0.125,-0.2143169343471527,0.851941740949486,0.007,1120.0,1.0,290816,0,0,1.0,64.0,,,,
orthogonal,linear,orthogonal,bipolar,none,raw,,,,shells,1,4096,64,6,30,cosine,uniform,1,32,0,0.1599999964237213,0.17500001192092896,-0.0432359017431736,0.9968743739073188,0.018,1120.0,1.0,290816,0,0,1.0,64.0,,,,
sobol,linear,sobol,bipolar,none,raw,,,,shells,1,4096,64,6,30,cosine,uniform,1,32,0,0.25,0.20000001788139343,-0.030861029401421547,0.9964644248781865,0.023,1120.0,1.0,290816,0,0,1.0,64.0,,,,
signrff_tuned,rff,rff,bipolar,none,raw,"{""bw_grid"": [0.05, 0.1, 0.25, 0.5, 1.0], ""bw_select"": ""val""}",,,shells,1,4096,64,6,30,cosine,uniform,1,32,0,0.9199999570846558,0.8500000238418579,0.02480844035744667,0.6471168593329529,0.012,1136.0,32.0,290816,0,0,,,,,,
fpe_b1,fpe,fpe,bipolar,none,raw,"{""bw_scale"": 0.25, ""phase_bits"": 1}",,,shells,1,4096,64,6,30,cosine,uniform,1,32,0,0.9099999666213989,0.8916667103767395,0.017598319798707962,0.005992019956454802,0.006,1120.5,1.0,290816,0,0,,,,,,
learned,learned,learned,bipolar,none,raw,"{""epochs"": 60}",,,shells,1,4096,64,6,30,cosine,uniform,1,32,0,0.3100000023841858,0.3333333432674408,-0.04718240723013878,0.9293276010629308,0.043,1120.5,1.0,290944,0,0,,,,,,
datainformed_k16,datainformed,datainformed,bipolar,none,raw,"{""K"": 16}",,,shells,1,4096,64,6,30,cosine,uniform,1,32,0,0.17999999225139618,0.21666668355464935,-0.1326570063829422,0.9950744378750355,0.045,1120.0,1.0,290816,0,0,,,,,,
gaussian,linear,gaussian,bipolar,none,raw,,,,shells,2,32,64,6,30,cosine,uniform,1,32,0,0.07920791953802109,0.10743801295757294,-0.24481724202632904,0.6701449730436815,0.005,8.75,1.0,2272,0,0,1.0,32.0,,,,
rademacher,linear,rademacher,bipolar,none,raw,,,,shells,2,32,64,6,30,cosine,uniform,1,32,0,0.13861386477947235,0.10743801295757294,-0.2766147553920746,0.6642260274649865,0.006,8.75,1.0,2272,0,0,1.0,32.0,,,,
very_sparse,linear,very_sparse,bipolar,none,raw,,,,shells,2,32,64,6,30,cosine,uniform,1,32,0,0.09900990128517151,0.11570247262716293,-0.25606298446655273,0.6518528207942131,0.006,1.8,1.0,494,0,0,0.1318,32.0,,,,
count_sketch,linear,count_sketch,bipolar,none,raw,,,,shells,2,32,64,6,30,cosine,uniform,1,32,0,0.5643564462661743,0.4793388247489929,-0.008830320090055466,0.6372048717296378,0.006,1.0,1.0,288,0,0,0.0312,29.0,,,,
srht,linear,srht,bipolar,none,raw,,,,shells,2,32,64,6,30,cosine,uniform,1,32,0,0.14851485192775726,0.14876031875610352,-0.3362487256526947,0.6005028552989893,0.006,8.75,1.0,2272,0,0,1.0,25.0,,,,
orthogonal,linear,orthogonal,bipolar,none,raw,,,,shells,2,32,64,6,30,cosine,uniform,1,32,0,0.11881187558174133,0.10743801295757294,-0.2916867434978485,0.6756758236461428,0.008,8.75,1.0,2272,0,0,1.0,32.0,,,,
sobol,linear,sobol,bipolar,none,raw,,,,shells,2,32,64,6,30,cosine,uniform,1,32,0,0.09900990128517151,0.08264462649822235,-0.3001832962036133,0.6347790596986035,0.006,8.75,1.0,2272,0,0,1.0,32.0,,,,
signrff_tuned,rff,rff,bipolar,none,raw,"{""bw_grid"": [0.05, 0.1, 0.25, 0.5, 1.0], ""bw_select"": ""val""}",,,shells,2,32,64,6,30,cosine,uniform,1,32,0,0.5247524380683899,0.5371900796890259,0.007370590232312679,0.41128847557581977,0.007,8.88,32.0,2272,0,0,,,,,,
fpe_b1,fpe,fpe,bipolar,none,raw,"{""bw_scale"": 0.25, ""phase_bits"": 1}",,,shells,2,32,64,6,30,cosine,uniform,1,32,0,0.5742574334144592,0.5537189841270447,0.004666762892156839,-0.005835063099452589,0.006,8.75,1.0,2272,0,0,,,,,,
learned,learned,learned,bipolar,none,raw,"{""epochs"": 60}",,,shells,2,32,64,6,30,cosine,uniform,1,32,0,0.21782177686691284,0.28099173307418823,-0.16470037400722504,0.6533549567436455,0.043,9.25,1.0,2400,0,0,,,,,,
datainformed_k16,datainformed,datainformed,bipolar,none,raw,"{""K"": 16}",,,shells,2,32,64,6,30,cosine,uniform,1,32,0,0.13861386477947235,0.09917354583740234,-0.29522061347961426,0.6557768061748064,0.019,8.75,1.0,2272,0,0,,,,,,
gaussian,linear,gaussian,bipolar,none,raw,,,,shells,2,64,64,6,30,cosine,uniform,1,32,0,0.12871286273002625,0.14049586653709412,-0.16493955254554749,0.7805656615401704,0.012,17.5,1.0,4544,0,0,1.0,64.0,,,,
rademacher,linear,rademacher,bipolar,none,raw,,,,shells,2,64,64,6,30,cosine,uniform,1,32,0,0.20792078971862793,0.08264462649822235,-0.23238959908485413,0.7730334132895513,0.011,17.5,1.0,4544,0,0,1.0,64.0,,,,
very_sparse,linear,very_sparse,bipolar,none,raw,,,,shells,2,64,64,6,30,cosine,uniform,1,32,0,0.15841583907604218,0.1570247858762741,-0.15555045008659363,0.7537534176227146,0.009,3.48,1.0,954,0,0,0.1235,64.0,,,,
count_sketch,linear,count_sketch,bipolar,none,raw,,,,shells,2,64,64,6,30,cosine,uniform,1,32,0,0.47524750232696533,0.4958677589893341,-0.0024251630529761314,0.7551524759902376,0.005,1.75,1.0,512,0,0,0.0156,45.0,,,,
srht,linear,srht,bipolar,none,raw,,,,shells,2,64,64,6,30,cosine,uniform,1,32,0,0.178217813372612,0.12396693974733353,-0.23340831696987152,0.6935998180444888,0.005,17.5,1.0,4544,0,0,1.0,41.0,,,,
orthogonal,linear,orthogonal,bipolar,none,raw,,,,shells,2,64,64,6,30,cosine,uniform,1,32,0,0.13861386477947235,0.13223139941692352,-0.1796678602695465,0.8470412841155869,0.005,17.5,1.0,4544,0,0,1.0,64.0,,,,
sobol,linear,sobol,bipolar,none,raw,,,,shells,2,64,64,6,30,cosine,uniform,1,32,0,0.11881187558174133,0.09917354583740234,-0.18655350804328918,0.7644837484015842,0.006,17.5,1.0,4544,0,0,1.0,64.0,,,,
signrff_tuned,rff,rff,bipolar,none,raw,"{""bw_grid"": [0.05, 0.1, 0.25, 0.5, 1.0], ""bw_select"": ""val""}",,,shells,2,64,64,6,30,cosine,uniform,1,32,0,0.6930692791938782,0.6446280479431152,0.015397179871797562,0.4504226948285951,0.007,17.75,32.0,4544,0,0,,,,,,
fpe_b1,fpe,fpe,bipolar,none,raw,"{""bw_scale"": 0.25, ""phase_bits"": 1}",,,shells,2,64,64,6,30,cosine,uniform,1,32,0,0.6633663177490234,0.6611570119857788,0.01296081393957138,-0.010214254037261231,0.006,17.51,1.0,4544,0,0,,,,,,
learned,learned,learned,bipolar,none,raw,"{""epochs"": 60}",,,shells,2,64,64,6,30,cosine,uniform,1,32,0,0.41584157943725586,0.3801652789115906,-0.07501638680696487,0.7796785990546349,0.042,18.0,1.0,4672,0,0,,,,,,
datainformed_k16,datainformed,datainformed,bipolar,none,raw,"{""K"": 16}",,,shells,2,64,64,6,30,cosine,uniform,1,32,0,0.07920791953802109,0.09090908616781235,-0.23051267862319946,0.7783799537884369,0.009,17.5,1.0,4544,0,0,,,,,,
gaussian,linear,gaussian,bipolar,none,raw,,,,shells,2,128,64,6,30,cosine,uniform,1,32,0,0.1683168262243271,0.1735537052154541,-0.11426451802253723,0.8750560192113451,0.005,35.0,1.0,9088,0,0,1.0,64.0,,,,
rademacher,linear,rademacher,bipolar,none,raw,,,,shells,2,128,64,6,30,cosine,uniform,1,32,0,0.2574257254600525,0.14049586653709412,-0.11099222302436829,0.8446394078433556,0.004,35.0,1.0,9088,0,0,1.0,64.0,,,,
very_sparse,linear,very_sparse,bipolar,none,raw,,,,shells,2,128,64,6,30,cosine,uniform,1,32,0,0.1881188154220581,0.1735537052154541,-0.10470867156982422,0.8518052587841831,0.004,6.99,1.0,1917,0,0,0.1246,64.0,,,,
count_sketch,linear,count_sketch,bipolar,none,raw,,,,shells,2,128,64,6,30,cosine,uniform,1,32,0,0.514851450920105,0.45454543828964233,-0.0025966225657612085,0.8086439012446491,0.005,3.25,1.0,960,0,0,0.0078,53.0,,,,
srht,linear,srht,bipolar,none,raw,,,,shells,2,128,64,6,30,cosine,uniform,1,32,0,0.14851485192775726,0.09917354583740234,-0.1833360344171524,0.7509887725540847,0.005,35.0,1.0,9088,0,0,1.0,57.0,,,,
orthogonal,linear,orthogonal,bipolar,none,raw,,,,shells,2,128,64,6,30,cosine,uniform,1,32,0,0.20792078971862793,0.25619834661483765,-0.09986315667629242,0.9171899568641604,0.005,35.0,1.0,9088,0,0,1.0,64.0,,,,
sobol,linear,sobol,bipolar,none,raw,,,,shells,2,128,64,6,30,cosine,uniform,1,32,0,0.14851485192775726,0.09917354583740234,-0.15520185232162476,0.8705667451837331,0.006,35.0,1.0,9088,0,0,1.0,64.0,,,,
signrff_tuned,rff,rff,bipolar,none,raw,"{""bw_grid"": [0.05, 0.1, 0.25, 0.5, 1.0], ""bw_select"": ""val""}",,,shells,2,128,64,6,30,cosine,uniform,1,32,0,0.7227722406387329,0.6280991435050964,0.024180805310606956,0.517046581849181,0.007,35.5,32.0,9088,0,0,,,,,,
fpe_b1,fpe,fpe,bipolar,none,raw,"{""bw_scale"": 0.25, ""phase_bits"": 1}",,,shells,2,128,64,6,30,cosine,uniform,1,32,0,0.7029702663421631,0.7603305578231812,0.011094884015619755,-0.01709227345094766,0.006,35.02,1.0,9088,0,0,,,,,,
learned,learned,learned,bipolar,none,raw,"{""epochs"": 60}",,,shells,2,128,64,6,30,cosine,uniform,1,32,0,0.3366336524486542,0.3471074104309082,-0.0638776421546936,0.8583223396381716,0.041,35.5,1.0,9216,0,0,,,,,,
datainformed_k16,datainformed,datainformed,bipolar,none,raw,"{""K"": 16}",,,shells,2,128,64,6,30,cosine,uniform,1,32,0,0.1683168262243271,0.14876031875610352,-0.1180228665471077,0.8704309064234419,0.01,35.0,1.0,9088,0,0,,,,,,
gaussian,linear,gaussian,bipolar,none,raw,,,,shells,2,256,64,6,30,cosine,uniform,1,32,0,0.2673267424106598,0.21487602591514587,-0.10862819850444794,0.9279040842898486,0.005,70.0,1.0,18176,0,0,1.0,64.0,,,,
rademacher,linear,rademacher,bipolar,none,raw,,,,shells,2,256,64,6,30,cosine,uniform,1,32,0,0.2970297038555145,0.1818181723356247,-0.09863612055778503,0.9198504915630191,0.004,70.0,1.0,18176,0,0,1.0,64.0,,,,
very_sparse,linear,very_sparse,bipolar,none,raw,,,,shells,2,256,64,6,30,cosine,uniform,1,32,0,0.23762375116348267,0.21487602591514587,-0.06509830802679062,0.9108375391579743,0.004,14.0,1.0,3840,0,0,0.125,64.0,,,,
count_sketch,linear,count_sketch,bipolar,none,raw,,,,shells,2,256,64,6,30,cosine,uniform,1,32,0,0.594059407711029,0.4793388247489929,-0.00016102465451695025,0.8196985562526351,0.004,6.25,1.0,1856,0,0,0.0039,59.0,,,,
srht,linear,srht,bipolar,none,raw,,,,shells,2,256,64,6,30,cosine,uniform,1,32,0,0.10891088843345642,0.12396693974733353,-0.194859117269516,0.7898142937259102,0.005,70.0,1.0,18176,0,0,1.0,63.0,,,,
orthogonal,linear,orthogonal,bipolar,none,raw,,,,shells,2,256,64,6,30,cosine,uniform,1,32,0,0.1881188154220581,0.1652892529964447,-0.10086896270513535,0.9568619053656482,0.006,70.0,1.0,18176,0,0,1.0,64.0,,,,
sobol,linear,sobol,bipolar,none,raw,,,,shells,2,256,64,6,30,cosine,uniform,1,32,0,0.11881187558174133,0.11570247262716293,-0.11775356531143188,0.9409995711260438,0.008,70.0,1.0,18176,0,0,1.0,64.0,,,,
signrff_tuned,rff,rff,bipolar,none,raw,"{""bw_grid"": [0.05, 0.1, 0.25, 0.5, 1.0], ""bw_select"": ""val""}",,,shells,2,256,64,6,30,cosine,uniform,1,32,0,0.7326732277870178,0.7438015937805176,0.024135800078511238,0.6238157874207629,0.009,71.0,32.0,18176,0,0,,,,,,
fpe_b1,fpe,fpe,bipolar,none,raw,"{""bw_scale"": 0.25, ""phase_bits"": 1}",,,shells,2,256,64,6,30,cosine,uniform,1,32,0,0.7920792102813721,0.7851239442825317,0.011031517758965492,-0.012057794912382251,0.006,70.03,1.0,18176,0,0,,,,,,
learned,learned,learned,bipolar,none,raw,"{""epochs"": 60}",,,shells,2,256,64,6,30,cosine,uniform,1,32,0,0.40594059228897095,0.3388429582118988,-0.05193275213241577,0.8880406952845052,0.048,70.5,1.0,18304,0,0,,,,,,
datainformed_k16,datainformed,datainformed,bipolar,none,raw,"{""K"": 16}",,,shells,2,256,64,6,30,cosine,uniform,1,32,0,0.19801980257034302,0.1983470916748047,-0.07615185528993607,0.9272265230597528,0.012,70.0,1.0,18176,0,0,,,,,,
gaussian,linear,gaussian,bipolar,none,raw,,,,shells,2,512,64,6,30,cosine,uniform,1,32,0,0.2871287167072296,0.24793387949466705,-0.05809881165623665,0.9623835382737735,0.006,140.0,1.0,36352,0,0,1.0,64.0,,,,
rademacher,linear,rademacher,bipolar,none,raw,,,,shells,2,512,64,6,30,cosine,uniform,1,32,0,0.356435626745224,0.24793387949466705,-0.04143581539392471,0.9597960959115215,0.006,140.0,1.0,36352,0,0,1.0,64.0,,,,
very_sparse,linear,very_sparse,bipolar,none,raw,,,,shells,2,512,64,6,30,cosine,uniform,1,32,0,0.20792078971862793,0.1652892529964447,-0.0707557201385498,0.9533420760470829,0.011,27.85,1.0,7642,0,0,0.1238,64.0,,,,
count_sketch,linear,count_sketch,bipolar,none,raw,,,,shells,2,512,64,6,30,cosine,uniform,1,32,0,0.4554455280303955,0.43801650404930115,-0.0008331270655617118,0.8266187868005973,0.008,12.25,1.0,3648,0,0,0.002,60.0,,,,
srht,linear,srht,bipolar,none,raw,,,,shells,2,512,64,6,30,cosine,uniform,1,32,0,0.1881188154220581,0.20661155879497528,-0.1669480949640274,0.8220552909217756,0.011,140.0,1.0,36352,0,0,1.0,64.0,,,,
orthogonal,linear,orthogonal,bipolar,none,raw,,,,shells,2,512,64,6,30,cosine,uniform,1,32,0,0.2871287167072296,0.1983470916748047,-0.05398860573768616,0.9759909972398617,0.007,140.0,1.0,36352,0,0,1.0,64.0,,,,
sobol,linear,sobol,bipolar,none,raw,,,,shells,2,512,64,6,30,cosine,uniform,1,32,0,0.11881187558174133,0.05785123631358147,-0.11159580945968628,0.9715259365014598,0.006,140.0,1.0,36352,0,0,1.0,64.0,,,,
signrff_tuned,rff,rff,bipolar,none,raw,"{""bw_grid"": [0.05, 0.1, 0.25, 0.5, 1.0], ""bw_select"": ""val""}",,,shells,2,512,64,6,30,cosine,uniform,1,32,0,0.801980197429657,0.7933883666992188,0.024143077433109283,0.5972184741032778,0.006,142.0,32.0,36352,0,0,,,,,,
fpe_b1,fpe,fpe,bipolar,none,raw,"{""bw_scale"": 0.25, ""phase_bits"": 1}",,,shells,2,512,64,6,30,cosine,uniform,1,32,0,0.7821782231330872,0.8016528487205505,0.012357531115412712,-0.009438884699359426,0.005,140.06,1.0,36352,0,0,,,,,,
learned,learned,learned,bipolar,none,raw,"{""epochs"": 60}",,,shells,2,512,64,6,30,cosine,uniform,1,32,0,0.39603960514068604,0.3636363446712494,-0.0494871661067009,0.9083354713117823,0.047,140.5,1.0,36480,0,0,,,,,,
datainformed_k16,datainformed,datainformed,bipolar,none,raw,"{""K"": 16}",,,shells,2,512,64,6,30,cosine,uniform,1,32,0,0.1881188154220581,0.1735537052154541,-0.07423841208219528,0.9565355426532228,0.017,140.0,1.0,36352,0,0,,,,,,
gaussian,linear,gaussian,bipolar,none,raw,,,,shells,2,1024,64,6,30,cosine,uniform,1,32,0,0.24752475321292877,0.21487602591514587,-0.03519745171070099,0.9806098193763001,0.006,280.0,1.0,72704,0,0,1.0,64.0,,,,
rademacher,linear,rademacher,bipolar,none,raw,,,,shells,2,1024,64,6,30,cosine,uniform,1,32,0,0.22772276401519775,0.1900826394557953,-0.05443017557263374,0.9791726048758008,0.005,280.0,1.0,72704,0,0,1.0,64.0,,,,
very_sparse,linear,very_sparse,bipolar,none,raw,,,,shells,2,1024,64,6,30,cosine,uniform,1,32,0,0.2871287167072296,0.14876031875610352,-0.03725244849920273,0.9785658947609918,0.005,55.58,1.0,15253,0,0,0.1234,64.0,,,,
count_sketch,linear,count_sketch,bipolar,none,raw,,,,shells,2,1024,64,6,30,cosine,uniform,1,32,0,0.5742574334144592,0.46280989050865173,-0.0005512601928785443,0.8424689688827431,0.005,24.25,1.0,7232,0,0,0.001,63.0,,,,
srht,linear,srht,bipolar,none,raw,,,,shells,2,1024,64,6,30,cosine,uniform,1,32,0,0.14851485192775726,0.1900826394557953,-0.16265083849430084,0.8273843608586765,0.005,280.0,1.0,72704,0,0,1.0,64.0,,,,
orthogonal,linear,orthogonal,bipolar,none,raw,,,,shells,2,1024,64,6,30,cosine,uniform,1,32,0,0.2673267424106598,0.21487602591514587,-0.05484545975923538,0.9880311237372178,0.008,280.0,1.0,72704,0,0,1.0,64.0,,,,
sobol,linear,sobol,bipolar,none,raw,,,,shells,2,1024,64,6,30,cosine,uniform,1,32,0,0.22772276401519775,0.20661155879497528,-0.03773416578769684,0.9858551146371106,0.007,280.0,1.0,72704,0,0,1.0,64.0,,,,
signrff_tuned,rff,rff,bipolar,none,raw,"{""bw_grid"": [0.05, 0.1, 0.25, 0.5, 1.0], ""bw_select"": ""val""}",,,shells,2,1024,64,6,30,cosine,uniform,1,32,0,0.8118811845779419,0.7685949802398682,0.02743353135883808,0.46140084033117484,0.006,284.0,32.0,72704,0,0,,,,,,
fpe_b1,fpe,fpe,bipolar,none,raw,"{""bw_scale"": 0.25, ""phase_bits"": 1}",,,shells,2,1024,64,6,30,cosine,uniform,1,32,0,0.8118811845779419,0.8099173307418823,0.014625475741922855,-0.0074878967677191825,0.004,280.12,1.0,72704,0,0,,,,,,
learned,learned,learned,bipolar,none,raw,"{""epochs"": 60}",,,shells,2,1024,64,6,30,cosine,uniform,1,32,0,0.40594059228897095,0.3719007968902588,-0.038584690541028976,0.9180015444581321,0.041,280.5,1.0,72832,0,0,,,,,,
datainformed_k16,datainformed,datainformed,bipolar,none,raw,"{""K"": 16}",,,shells,2,1024,64,6,30,cosine,uniform,1,32,0,0.23762375116348267,0.28925618529319763,-0.03426394984126091,0.9790871582445632,0.018,280.0,1.0,72704,0,0,,,,,,
gaussian,linear,gaussian,bipolar,none,raw,,,,shells,2,2048,64,6,30,cosine,uniform,1,32,0,0.23762375116348267,0.25619834661483765,-0.03268519043922424,0.9891231606030108,0.006,560.0,1.0,145408,0,0,1.0,64.0,,,,
rademacher,linear,rademacher,bipolar,none,raw,,,,shells,2,2048,64,6,30,cosine,uniform,1,32,0,0.32673266530036926,0.25619834661483765,-0.029382312670350075,0.9888015778797193,0.005,560.0,1.0,145408,0,0,1.0,64.0,,,,
very_sparse,linear,very_sparse,bipolar,none,raw,,,,shells,2,2048,64,6,30,cosine,uniform,1,32,0,0.2574257254600525,0.20661155879497528,-0.04875713214278221,0.9881304730824411,0.005,110.96,1.0,30454,0,0,0.123,64.0,,,,
count_sketch,linear,count_sketch,bipolar,none,raw,,,,shells,2,2048,64,6,30,cosine,uniform,1,32,0,0.49504950642585754,0.45454543828964233,-0.00027291045989841223,0.8449680546495223,0.004,48.25,1.0,14400,0,0,0.0005,64.0,,,,
srht,linear,srht,bipolar,none,raw,,,,shells,2,2048,64,6,30,cosine,uniform,1,32,0,0.12871286273002625,0.1570247858762741,-0.1689641773700714,0.8469517903089245,0.005,560.0,1.0,145408,0,0,1.0,64.0,,,,
orthogonal,linear,orthogonal,bipolar,none,raw,,,,shells,2,2048,64,6,30,cosine,uniform,1,32,0,0.2871287167072296,0.23140494525432587,-0.032657135277986526,0.9940184540670937,0.014,560.0,1.0,145408,0,0,1.0,64.0,,,,
sobol,linear,sobol,bipolar,none,raw,,,,shells,2,2048,64,6,30,cosine,uniform,1,32,0,0.22772276401519775,0.26446279883384705,-0.03275743126869202,0.9928680271449232,0.019,560.0,1.0,145408,0,0,1.0,64.0,,,,
signrff_tuned,rff,rff,bipolar,none,raw,"{""bw_grid"": [0.05, 0.1, 0.25, 0.5, 1.0], ""bw_select"": ""val""}",,,shells,2,2048,64,6,30,cosine,uniform,1,32,0,0.7524752616882324,0.8016528487205505,0.032619740813970566,0.5074093781513568,0.024,568.0,32.0,145408,0,0,,,,,,
fpe_b1,fpe,fpe,bipolar,none,raw,"{""bw_scale"": 0.25, ""phase_bits"": 1}",,,shells,2,2048,64,6,30,cosine,uniform,1,32,0,0.8613861203193665,0.8347107172012329,0.014279747381806374,-0.006828811937794868,0.01,560.25,1.0,145408,0,0,,,,,,
learned,learned,learned,bipolar,none,raw,"{""epochs"": 60}",,,shells,2,2048,64,6,30,cosine,uniform,1,32,0,0.3762376308441162,0.3884297311306,-0.042932018637657166,0.9258334726997675,0.06,560.5,1.0,145536,0,0,,,,,,
datainformed_k16,datainformed,datainformed,bipolar,none,raw,"{""K"": 16}",,,shells,2,2048,64,6,30,cosine,uniform,1,32,0,0.2871287167072296,0.26446279883384705,-0.031065398827195168,0.990036961235175,0.04,560.0,1.0,145408,0,0,,,,,,
gaussian,linear,gaussian,bipolar,none,raw,,,,shells,2,4096,64,6,30,cosine,uniform,1,32,0,0.2673267424106598,0.24793387949466705,-0.044040292501449585,0.9950261850548074,0.007,1120.0,1.0,290816,0,0,1.0,64.0,,,,
rademacher,linear,rademacher,bipolar,none,raw,,,,shells,2,4096,64,6,30,cosine,uniform,1,32,0,0.2970297038555145,0.23966941237449646,-0.030277300626039505,0.9943979544469559,0.006,1120.0,1.0,290816,0,0,1.0,64.0,,,,
very_sparse,linear,very_sparse,bipolar,none,raw,,,,shells,2,4096,64,6,30,cosine,uniform,1,32,0,0.23762375116348267,0.23140494525432587,-0.05432877317070961,0.9942839726811704,0.006,223.18,1.0,61230,0,0,0.1242,64.0,,,,
count_sketch,linear,count_sketch,bipolar,none,raw,,,,shells,2,4096,64,6,30,cosine,uniform,1,32,0,0.5247524380683899,0.42975205183029175,-0.0001334400149062276,0.8449680546495223,0.006,96.25,1.0,28736,0,0,0.0002,64.0,,,,
srht,linear,srht,bipolar,none,raw,,,,shells,2,4096,64,6,30,cosine,uniform,1,32,0,0.178217813372612,0.1900826394557953,-0.16712087392807007,0.8453082710658465,0.007,1120.0,1.0,290816,0,0,1.0,64.0,,,,
orthogonal,linear,orthogonal,bipolar,none,raw,,,,shells,2,4096,64,6,30,cosine,uniform,1,32,0,0.2574257254600525,0.1900826394557953,-0.04521308094263077,0.9968824566534067,0.028,1120.0,1.0,290816,0,0,1.0,64.0,,,,
sobol,linear,sobol,bipolar,none,raw,,,,shells,2,4096,64,6,30,cosine,uniform,1,32,0,0.23762375116348267,0.1983470916748047,-0.02994457818567753,0.9966829225332487,0.019,1120.0,1.0,290816,0,0,1.0,64.0,,,,
signrff_tuned,rff,rff,bipolar,none,raw,"{""bw_grid"": [0.05, 0.1, 0.25, 0.5, 1.0], ""bw_select"": ""val""}",,,shells,2,4096,64,6,30,cosine,uniform,1,32,0,0.801980197429657,0.8512396216392517,0.030652591958642006,0.5695376312570493,0.022,1136.0,32.0,290816,0,0,,,,,,
fpe_b1,fpe,fpe,bipolar,none,raw,"{""bw_scale"": 0.25, ""phase_bits"": 1}",,,shells,2,4096,64,6,30,cosine,uniform,1,32,0,0.9009900689125061,0.8842974901199341,0.014898153021931648,-0.0077730745226136265,0.006,1120.5,1.0,290816,0,0,,,,,,
learned,learned,learned,bipolar,none,raw,"{""epochs"": 60}",,,shells,2,4096,64,6,30,cosine,uniform,1,32,0,0.40594059228897095,0.44628098607063293,-0.03773193061351776,0.9332814636545068,0.056,1120.5,1.0,290944,0,0,,,,,,
datainformed_k16,datainformed,datainformed,bipolar,none,raw,"{""K"": 16}",,,shells,2,4096,64,6,30,cosine,uniform,1,32,0,0.2574257254600525,0.1983470916748047,-0.048981476575136185,0.9949552686670435,0.065,1120.0,1.0,290816,0,0,,,,,,
gaussian,linear,gaussian,bipolar,none,raw,,,,xor,0,32,64,4,30,cosine,uniform,1,32,0,0.26499998569488525,0.25833335518836975,-0.279040664434433,0.6038868197813347,0.005,8.5,1.0,2208,0,0,1.0,32.0,,,,
rademacher,linear,rademacher,bipolar,none,raw,,,,xor,0,32,64,4,30,cosine,uniform,1,32,0,0.20999999344348907,0.25,-0.27757546305656433,0.5945929329374073,0.005,8.5,1.0,2208,0,0,1.0,32.0,,,,
very_sparse,linear,very_sparse,bipolar,none,raw,,,,xor,0,32,64,4,30,cosine,uniform,1,32,0,0.20499999821186066,0.20416668057441711,-0.2784719467163086,0.5620060417955837,0.004,1.5,1.0,416,0,0,0.125,32.0,,,,
count_sketch,linear,count_sketch,bipolar,none,raw,,,,xor,0,32,64,4,30,cosine,uniform,1,32,0,0.2449999898672104,0.28333336114883423,-0.15300074219703674,0.6237769893905636,0.004,0.75,1.0,224,0,0,0.0312,28.0,,,,
srht,linear,srht,bipolar,none,raw,,,,xor,0,32,64,4,30,cosine,uniform,1,32,0,0.2199999988079071,0.2958333492279053,-0.23956236243247986,0.5345796106056585,0.004,8.5,1.0,2208,0,0,1.0,26.0,,,,
orthogonal,linear,orthogonal,bipolar,none,raw,,,,xor,0,32,64,4,30,cosine,uniform,1,32,0,0.26999998092651367,0.26250001788139343,-0.26384493708610535,0.5864931750192875,0.004,8.5,1.0,2208,0,0,1.0,32.0,,,,
sobol,linear,sobol,bipolar,none,raw,,,,xor,0,32,64,4,30,cosine,uniform,1,32,0,0.2199999988079071,0.2750000059604645,-0.2550259232521057,0.5578943961111978,0.006,8.5,1.0,2208,0,0,1.0,32.0,,,,
signrff_tuned,rff,rff,bipolar,none,raw,"{""bw_grid"": [0.05, 0.1, 0.25, 0.5, 1.0], ""bw_select"": ""val""}",,,xor,0,32,64,4,30,cosine,uniform,1,32,0,0.35499998927116394,0.32083335518836975,-0.057493437081575394,0.4064884456235416,0.019,8.62,32.0,2208,0,0,,,,,,
fpe_b1,fpe,fpe,bipolar,none,raw,"{""bw_scale"": 0.25, ""phase_bits"": 1}",,,xor,0,32,64,4,30,cosine,uniform,1,32,0,0.22499999403953552,0.2458333522081375,-0.020892752334475517,0.006568524851942794,0.014,8.5,1.0,2208,0,0,,,,,,
learned,learned,learned,bipolar,none,raw,"{""epochs"": 60}",,,xor,0,32,64,4,30,cosine,uniform,1,32,0,0.20999999344348907,0.23333334922790527,-0.14339742064476013,0.5656257445654157,0.081,9.0,1.0,2336,0,0,,,,,,
datainformed_k16,datainformed,datainformed,bipolar,none,raw,"{""K"": 16}",,,xor,0,32,64,4,30,cosine,uniform,1,32,0,0.2199999988079071,0.25833335518836975,-0.26913943886756897,0.6109883072668759,0.013,8.5,1.0,2208,0,0,,,,,,
gaussian,linear,gaussian,bipolar,none,raw,,,,xor,0,64,64,4,30,cosine,uniform,1,32,0,0.2199999988079071,0.21250000596046448,-0.19407175481319427,0.7184728083596437,0.004,17.0,1.0,4416,0,0,1.0,64.0,,,,
rademacher,linear,rademacher,bipolar,none,raw,,,,xor,0,64,64,4,30,cosine,uniform,1,32,0,0.2800000011920929,0.21666668355464935,-0.20274752378463745,0.7220912335665132,0.004,17.0,1.0,4416,0,0,1.0,64.0,,,,
very_sparse,linear,very_sparse,bipolar,none,raw,,,,xor,0,64,64,4,30,cosine,uniform,1,32,0,0.2149999886751175,0.30416667461395264,-0.15342770516872406,0.6989059811745968,0.005,3.0,1.0,831,0,0,0.1248,64.0,,,,
count_sketch,linear,count_sketch,bipolar,none,raw,,,,xor,0,64,64,4,30,cosine,uniform,1,32,0,0.26499998569488525,0.2458333522081375,-0.06996867060661316,0.6979846186534958,0.005,1.25,1.0,384,0,0,0.0156,40.0,,,,
srht,linear,srht,bipolar,none,raw,,,,xor,0,64,64,4,30,cosine,uniform,1,32,0,0.25999999046325684,0.2291666716337204,-0.29236477613449097,0.6349659563574911,0.005,17.0,1.0,4416,0,0,1.0,41.0,,,,
orthogonal,linear,orthogonal,bipolar,none,raw,,,,xor,0,64,64,4,30,cosine,uniform,1,32,0,0.2549999952316284,0.25833335518836975,-0.16377989947795868,0.8006627130687961,0.005,17.0,1.0,4416,0,0,1.0,64.0,,,,
sobol,linear,sobol,bipolar,none,raw,,,,xor,0,64,64,4,30,cosine,uniform,1,32,0,0.22499999403953552,0.27916666865348816,-0.1767342984676361,0.6929124175032463,0.006,17.0,1.0,4416,0,0,1.0,64.0,,,,
signrff_tuned,rff,rff,bipolar,none,raw,"{""bw_grid"": [0.05, 0.1, 0.25, 0.5, 1.0], ""bw_select"": ""val""}",,,xor,0,64,64,4,30,cosine,uniform,1,32,0,0.3149999976158142,0.2916666865348816,-0.016389627009630203,0.48963745067576314,0.01,17.25,32.0,4416,0,0,,,,,,
fpe_b1,fpe,fpe,bipolar,none,raw,"{""bw_scale"": 0.25, ""phase_bits"": 1}",,,xor,0,64,64,4,30,cosine,uniform,1,32,0,0.2800000011920929,0.31666669249534607,-0.007503389846533537,0.0023148638782687658,0.009,17.01,1.0,4416,0,0,,,,,,
learned,learned,learned,bipolar,none,raw,"{""epochs"": 60}",,,xor,0,64,64,4,30,cosine,uniform,1,32,0,0.2549999952316284,0.20416668057441711,-0.09871175140142441,0.7160836855745222,0.073,17.5,1.0,4544,0,0,,,,,,
datainformed_k16,datainformed,datainformed,bipolar,none,raw,"{""K"": 16}",,,xor,0,64,64,4,30,cosine,uniform,1,32,0,0.3100000023841858,0.25416669249534607,-0.16984231770038605,0.7182877850935944,0.011,17.0,1.0,4416,0,0,,,,,,
gaussian,linear,gaussian,bipolar,none,raw,,,,xor,0,128,64,4,30,cosine,uniform,1,32,0,0.2449999898672104,0.22500000894069672,-0.11116751283407211,0.8225546193743948,0.006,34.0,1.0,8832,0,0,1.0,64.0,,,,
rademacher,linear,rademacher,bipolar,none,raw,,,,xor,0,128,64,4,30,cosine,uniform,1,32,0,0.3050000071525574,0.23750001192092896,-0.1110721305012703,0.8306298931024417,0.008,34.0,1.0,8832,0,0,1.0,64.0,,,,
very_sparse,linear,very_sparse,bipolar,none,raw,,,,xor,0,128,64,4,30,cosine,uniform,1,32,0,0.2449999898672104,0.2666666805744171,-0.10193002223968506,0.8110949396700666,0.009,6.08,1.0,1684,0,0,0.1274,64.0,,,,
count_sketch,linear,count_sketch,bipolar,none,raw,,,,xor,0,128,64,4,30,cosine,uniform,1,32,0,0.3199999928474426,0.22500000894069672,-0.02239154279232025,0.7374325313364544,0.008,2.25,1.0,704,0,0,0.0078,52.0,,,,
srht,linear,srht,bipolar,none,raw,,,,xor,0,128,64,4,30,cosine,uniform,1,32,0,0.25,0.2916666865348816,-0.1626460701227188,0.7264452721214791,0.005,34.0,1.0,8832,0,0,1.0,59.0,,,,
orthogonal,linear,orthogonal,bipolar,none,raw,,,,xor,0,128,64,4,30,cosine,uniform,1,32,0,0.26999998092651367,0.24166667461395264,-0.08535221964120865,0.8804523350903478,0.005,34.0,1.0,8832,0,0,1.0,64.0,,,,
sobol,linear,sobol,bipolar,none,raw,,,,xor,0,128,64,4,30,cosine,uniform,1,32,0,0.25,0.2958333492279053,-0.09896641969680786,0.830895501115384,0.006,34.0,1.0,8832,0,0,1.0,64.0,,,,
signrff_tuned,rff,rff,bipolar,none,raw,"{""bw_grid"": [0.05, 0.1, 0.25, 0.5, 1.0], ""bw_select"": ""val""}",,,xor,0,128,64,4,30,cosine,uniform,1,32,0,0.3499999940395355,0.3083333373069763,-0.09111624211072922,0.5502648161445686,0.01,34.5,32.0,8832,0,0,,,,,,
fpe_b1,fpe,fpe,bipolar,none,raw,"{""bw_scale"": 0.25, ""phase_bits"": 1}",,,xor,0,128,64,4,30,cosine,uniform,1,32,0,0.26499998569488525,0.3333333432674408,-0.006496573332697153,0.002589990007422785,0.009,34.02,1.0,8832,0,0,,,,,,
learned,learned,learned,bipolar,none,raw,"{""epochs"": 60}",,,xor,0,128,64,4,30,cosine,uniform,1,32,0,0.28999999165534973,0.25,-0.07079160213470459,0.817078226526319,0.073,34.5,1.0,8960,0,0,,,,,,
datainformed_k16,datainformed,datainformed,bipolar,none,raw,"{""K"": 16}",,,xor,0,128,64,4,30,cosine,uniform,1,32,0,0.2750000059604645,0.22083334624767303,-0.128938227891922,0.8188957071047316,0.018,34.0,1.0,8832,0,0,,,,,,
gaussian,linear,gaussian,bipolar,none,raw,,,,xor,0,256,64,4,30,cosine,uniform,1,32,0,0.25999999046325684,0.23333334922790527,-0.06682063639163971,0.897355750824541,0.006,68.0,1.0,17664,0,0,1.0,64.0,,,,
rademacher,linear,rademacher,bipolar,none,raw,,,,xor,0,256,64,4,30,cosine,uniform,1,32,0,0.28999999165534973,0.25833335518836975,-0.06270574778318405,0.9028778897987012,0.004,68.0,1.0,17664,0,0,1.0,64.0,,,,
very_sparse,linear,very_sparse,bipolar,none,raw,,,,xor,0,256,64,4,30,cosine,uniform,1,32,0,0.26499998569488525,0.2708333432674408,-0.0701567530632019,0.8923295503466563,0.005,12.06,1.0,3344,0,0,0.126,64.0,,,,
count_sketch,linear,count_sketch,bipolar,none,raw,,,,xor,0,256,64,4,30,cosine,uniform,1,32,0,0.28999999165534973,0.26250001788139343,-0.010166839696466923,0.7722164010114673,0.005,4.25,1.0,1344,0,0,0.0039,59.0,,,,
srht,linear,srht,bipolar,none,raw,,,,xor,0,256,64,4,30,cosine,uniform,1,32,0,0.26499998569488525,0.2458333522081375,-0.1666879653930664,0.7468814898485531,0.006,68.0,1.0,17664,0,0,1.0,64.0,,,,
orthogonal,linear,orthogonal,bipolar,none,raw,,,,xor,0,256,64,4,30,cosine,uniform,1,32,0,0.2449999898672104,0.24166667461395264,-0.0705224946141243,0.9355421079016452,0.006,68.0,1.0,17664,0,0,1.0,64.0,,,,
sobol,linear,sobol,bipolar,none,raw,,,,xor,0,256,64,4,30,cosine,uniform,1,32,0,0.28999999165534973,0.25416669249534607,-0.07769308984279633,0.9170937386288104,0.008,68.0,1.0,17664,0,0,1.0,64.0,,,,
signrff_tuned,rff,rff,bipolar,none,raw,"{""bw_grid"": [0.05, 0.1, 0.25, 0.5, 1.0], ""bw_select"": ""val""}",,,xor,0,256,64,4,30,cosine,uniform,1,32,0,0.28999999165534973,0.2916666865348816,-0.1107603907585144,0.5964787479982168,0.017,69.0,32.0,17664,0,0,,,,,,
fpe_b1,fpe,fpe,bipolar,none,raw,"{""bw_scale"": 0.25, ""phase_bits"": 1}",,,xor,0,256,64,4,30,cosine,uniform,1,32,0,0.35499998927116394,0.38333335518836975,-0.3533198833465576,0.002873230480364528,0.011,68.03,1.0,17664,0,0,,,,,,
learned,learned,learned,bipolar,none,raw,"{""epochs"": 60}",,,xor,0,256,64,4,30,cosine,uniform,1,32,0,0.23999999463558197,0.2291666716337204,-0.06984791159629822,0.8731677921846821,0.089,68.5,1.0,17792,0,0,,,,,,
datainformed_k16,datainformed,datainformed,bipolar,none,raw,"{""K"": 16}",,,xor,0,256,64,4,30,cosine,uniform,1,32,0,0.25999999046325684,0.2708333432674408,-0.06721991300582886,0.902237718450451,0.012,68.0,1.0,17664,0,0,,,,,,
gaussian,linear,gaussian,bipolar,none,raw,,,,xor,0,512,64,4,30,cosine,uniform,1,32,0,0.29999998211860657,0.2291666716337204,-0.049143873155117035,0.9436436535913575,0.006,136.0,1.0,35328,0,0,1.0,64.0,,,,
rademacher,linear,rademacher,bipolar,none,raw,,,,xor,0,512,64,4,30,cosine,uniform,1,32,0,0.2800000011920929,0.20000001788139343,-0.051302749663591385,0.9462463601451395,0.009,136.0,1.0,35328,0,0,1.0,64.0,,,,
very_sparse,linear,very_sparse,bipolar,none,raw,,,,xor,0,512,64,4,30,cosine,uniform,1,32,0,0.23499999940395355,0.2666666805744171,-0.04568685218691826,0.9441688312991232,0.008,24.0,1.0,6657,0,0,0.125,64.0,,,,
count_sketch,linear,count_sketch,bipolar,none,raw,,,,xor,0,512,64,4,30,cosine,uniform,1,32,0,0.2800000011920929,0.25416669249534607,-0.005359124392271042,0.7923101338960646,0.009,8.25,1.0,2624,0,0,0.002,64.0,,,,
srht,linear,srht,bipolar,none,raw,,,,xor,0,512,64,4,30,cosine,uniform,1,32,0,0.2549999952316284,0.25416669249534607,-0.16409070789813995,0.7649674357979354,0.011,136.0,1.0,35328,0,0,1.0,64.0,,,,
orthogonal,linear,orthogonal,bipolar,none,raw,,,,xor,0,512,64,4,30,cosine,uniform,1,32,0,0.26499998569488525,0.2666666805744171,-0.039830438792705536,0.9667721284307272,0.007,136.0,1.0,35328,0,0,1.0,64.0,,,,
sobol,linear,sobol,bipolar,none,raw,,,,xor,0,512,64,4,30,cosine,uniform,1,32,0,0.22999998927116394,0.24166667461395264,-0.03987853601574898,0.9589969619962778,0.008,136.0,1.0,35328,0,0,1.0,64.0,,,,
signrff_tuned,rff,rff,bipolar,none,raw,"{""bw_grid"": [0.05, 0.1, 0.25, 0.5, 1.0], ""bw_select"": ""val""}",,,xor,0,512,64,4,30,cosine,uniform,1,32,0,0.28999999165534973,0.30000001192092896,-0.1804361492395401,0.65838852294529,0.012,138.0,32.0,35328,0,0,,,,,,
fpe_b1,fpe,fpe,bipolar,none,raw,"{""bw_scale"": 0.25, ""phase_bits"": 1}",,,xor,0,512,64,4,30,cosine,uniform,1,32,0,0.3700000047683716,0.30000001192092896,-0.3038983643054962,0.00459798187211923,0.014,136.06,1.0,35328,0,0,,,,,,
learned,learned,learned,bipolar,none,raw,"{""epochs"": 60}",,,xor,0,512,64,4,30,cosine,uniform,1,32,0,0.25,0.22500000894069672,-0.06436680257320404,0.9049579836586696,0.086,136.5,1.0,35456,0,0,,,,,,
datainformed_k16,datainformed,datainformed,bipolar,none,raw,"{""K"": 16}",,,xor,0,512,64,4,30,cosine,uniform,1,32,0,0.3149999976158142,0.23750001192092896,-0.048476770520210266,0.9412553276168184,0.014,136.0,1.0,35328,0,0,,,,,,
gaussian,linear,gaussian,bipolar,none,raw,,,,xor,0,1024,64,4,30,cosine,uniform,1,32,0,0.2549999952316284,0.25,-0.04079288989305496,0.9705496810649141,0.005,272.0,1.0,70656,0,0,1.0,64.0,,,,
rademacher,linear,rademacher,bipolar,none,raw,,,,xor,0,1024,64,4,30,cosine,uniform,1,32,0,0.32999998331069946,0.26250001788139343,-0.03735492378473282,0.9727945813697172,0.006,272.0,1.0,70656,0,0,1.0,64.0,,,,
very_sparse,linear,very_sparse,bipolar,none,raw,,,,xor,0,1024,64,4,30,cosine,uniform,1,32,0,0.3149999976158142,0.3125000298023224,-0.03288410231471062,0.9710707882780278,0.005,48.26,1.0,13378,0,0,0.126,64.0,,,,
count_sketch,linear,count_sketch,bipolar,none,raw,,,,xor,0,1024,64,4,30,cosine,uniform,1,32,0,0.2750000059604645,0.2708333432674408,-0.002449492923915386,0.7922725063424161,0.005,16.25,1.0,5184,0,0,0.001,64.0,,,,
srht,linear,srht,bipolar,none,raw,,,,xor,0,1024,64,4,30,cosine,uniform,1,32,0,0.25,0.22083334624767303,-0.18111173808574677,0.7912433399297572,0.005,272.0,1.0,70656,0,0,1.0,64.0,,,,
orthogonal,linear,orthogonal,bipolar,none,raw,,,,xor,0,1024,64,4,30,cosine,uniform,1,32,0,0.26499998569488525,0.21666668355464935,-0.04558444395661354,0.9829150407615814,0.014,272.0,1.0,70656,0,0,1.0,64.0,,,,
sobol,linear,sobol,bipolar,none,raw,,,,xor,0,1024,64,4,30,cosine,uniform,1,32,0,0.22499999403953552,0.2458333522081375,-0.04117555916309357,0.9806463992909246,0.009,272.0,1.0,70656,0,0,1.0,64.0,,,,
signrff_tuned,rff,rff,bipolar,none,raw,"{""bw_grid"": [0.05, 0.1, 0.25, 0.5, 1.0], ""bw_select"": ""val""}",,,xor,0,1024,64,4,30,cosine,uniform,1,32,0,0.3700000047683716,0.3708333671092987,-0.01118471845984459,0.595471681144577,0.041,276.0,32.0,70656,0,0,,,,,,
fpe_b1,fpe,fpe,bipolar,none,raw,"{""bw_scale"": 0.25, ""phase_bits"": 1}",,,xor,0,1024,64,4,30,cosine,uniform,1,32,0,0.2549999952316284,0.2750000059604645,-0.3051452040672302,0.0034120030152062467,0.01,272.12,1.0,70656,0,0,,,,,,
learned,learned,learned,bipolar,none,raw,"{""epochs"": 60}",,,xor,0,1024,64,4,30,cosine,uniform,1,32,0,0.25999999046325684,0.22500000894069672,-0.06413237005472183,0.9273557300380951,0.072,272.5,1.0,70784,0,0,,,,,,
datainformed_k16,datainformed,datainformed,bipolar,none,raw,"{""K"": 16}",,,xor,0,1024,64,4,30,cosine,uniform,1,32,0,0.25999999046325684,0.25,-0.034818749874830246,0.9714490906534738,0.034,272.0,1.0,70656,0,0,,,,,,
gaussian,linear,gaussian,bipolar,none,raw,,,,xor,0,2048,64,4,30,cosine,uniform,1,32,0,0.25,0.25,-0.030832597985863686,0.9854715647574488,0.007,544.0,1.0,141312,0,0,1.0,64.0,,,,
rademacher,linear,rademacher,bipolar,none,raw,,,,xor,0,2048,64,4,30,cosine,uniform,1,32,0,0.25999999046325684,0.2708333432674408,-0.027707954868674278,0.9855451301850195,0.007,544.0,1.0,141312,0,0,1.0,64.0,,,,
very_sparse,linear,very_sparse,bipolar,none,raw,,,,xor,0,2048,64,4,30,cosine,uniform,1,32,0,0.2800000011920929,0.23750001192092896,-0.0346333347260952,0.9841867287773649,0.006,97.16,1.0,26922,0,0,0.1273,64.0,,,,
count_sketch,linear,count_sketch,bipolar,none,raw,,,,xor,0,2048,64,4,30,cosine,uniform,1,32,0,0.26999998092651367,0.23750001192092896,-0.0013719971757382154,0.7917324923069428,0.008,32.25,1.0,10304,0,0,0.0005,64.0,,,,
srht,linear,srht,bipolar,none,raw,,,,xor,0,2048,64,4,30,cosine,uniform,1,32,0,0.2449999898672104,0.2083333432674408,-0.1726633757352829,0.7909968114506165,0.012,544.0,1.0,141312,0,0,1.0,64.0,,,,
orthogonal,linear,orthogonal,bipolar,none,raw,,,,xor,0,2048,64,4,30,cosine,uniform,1,32,0,0.3199999928474426,0.25833335518836975,-0.025218574330210686,0.9913400049018347,0.014,544.0,1.0,141312,0,0,1.0,64.0,,,,
sobol,linear,sobol,bipolar,none,raw,,,,xor,0,2048,64,4,30,cosine,uniform,1,32,0,0.29499998688697815,0.32500001788139343,-0.021888673305511475,0.990551100205554,0.019,544.0,1.0,141312,0,0,1.0,64.0,,,,
signrff_tuned,rff,rff,bipolar,none,raw,"{""bw_grid"": [0.05, 0.1, 0.25, 0.5, 1.0], ""bw_select"": ""val""}",,,xor,0,2048,64,4,30,cosine,uniform,1,32,0,0.4599999785423279,0.4333333671092987,-0.003956908825784922,0.6241943642531447,0.025,552.0,32.0,141312,0,0,,,,,,
fpe_b1,fpe,fpe,bipolar,none,raw,"{""bw_scale"": 0.25, ""phase_bits"": 1}",,,xor,0,2048,64,4,30,cosine,uniform,1,32,0,0.44999998807907104,0.4791666865348816,-1.5849993360461667e-05,0.004557943646656972,0.009,544.25,1.0,141312,0,0,,,,,,
learned,learned,learned,bipolar,none,raw,"{""epochs"": 60}",,,xor,0,2048,64,4,30,cosine,uniform,1,32,0,0.23499999940395355,0.22500000894069672,-0.06282512098550797,0.9316029465193376,0.075,544.5,1.0,141440,0,0,,,,,,
datainformed_k16,datainformed,datainformed,bipolar,none,raw,"{""K"": 16}",,,xor,0,2048,64,4,30,cosine,uniform,1,32,0,0.20499999821186066,0.26250001788139343,-0.03297895938158035,0.9857860986878714,0.045,544.0,1.0,141312,0,0,,,,,,
gaussian,linear,gaussian,bipolar,none,raw,,,,xor,0,4096,64,4,30,cosine,uniform,1,32,0,0.2800000011920929,0.25,-0.025930099189281464,0.9928306667774534,0.015,1088.0,1.0,282624,0,0,1.0,64.0,,,,
rademacher,linear,rademacher,bipolar,none,raw,,,,xor,0,4096,64,4,30,cosine,uniform,1,32,0,0.22499999403953552,0.26250001788139343,-0.0165258701890707,0.9926026100465809,0.008,1088.0,1.0,282624,0,0,1.0,64.0,,,,
very_sparse,linear,very_sparse,bipolar,none,raw,,,,xor,0,4096,64,4,30,cosine,uniform,1,32,0,0.28999999165534973,0.2708333432674408,-0.029636546969413757,0.9918199375671072,0.007,193.3,1.0,53581,0,0,0.1263,64.0,,,,
count_sketch,linear,count_sketch,bipolar,none,raw,,,,xor,0,4096,64,4,30,cosine,uniform,1,32,0,0.3050000071525574,0.25,-0.0005274221766740084,0.7922725063424161,0.006,64.25,1.0,20544,0,0,0.0002,64.0,,,,
srht,linear,srht,bipolar,none,raw,,,,xor,0,4096,64,4,30,cosine,uniform,1,32,0,0.3199999928474426,0.25833335518836975,-0.1839839518070221,0.7975218398827681,0.008,1088.0,1.0,282624,0,0,1.0,64.0,,,,
orthogonal,linear,orthogonal,bipolar,none,raw,,,,xor,0,4096,64,4,30,cosine,uniform,1,32,0,0.26999998092651367,0.26250001788139343,-0.03010738454759121,0.9956288793433459,0.02,1088.0,1.0,282624,0,0,1.0,64.0,,,,
sobol,linear,sobol,bipolar,none,raw,,,,xor,0,4096,64,4,30,cosine,uniform,1,32,0,0.29499998688697815,0.23750001192092896,-0.019021278247237206,0.9952535364572487,0.018,1088.0,1.0,282624,0,0,1.0,64.0,,,,
signrff_tuned,rff,rff,bipolar,none,raw,"{""bw_grid"": [0.05, 0.1, 0.25, 0.5, 1.0], ""bw_select"": ""val""}",,,xor,0,4096,64,4,30,cosine,uniform,1,32,0,0.4050000011920929,0.4375000298023224,-0.003822501515969634,0.6507132569942559,0.028,1104.0,32.0,282624,0,0,,,,,,
fpe_b1,fpe,fpe,bipolar,none,raw,"{""bw_scale"": 0.25, ""phase_bits"": 1}",,,xor,0,4096,64,4,30,cosine,uniform,1,32,0,0.5249999761581421,0.5208333730697632,5.0714366807369515e-05,0.003676706316914097,0.017,1088.5,1.0,282624,0,0,,,,,,
learned,learned,learned,bipolar,none,raw,"{""epochs"": 60}",,,xor,0,4096,64,4,30,cosine,uniform,1,32,0,0.23999999463558197,0.21666668355464935,-0.06260427087545395,0.9354246060255874,0.085,1088.5,1.0,282752,0,0,,,,,,
datainformed_k16,datainformed,datainformed,bipolar,none,raw,"{""K"": 16}",,,xor,0,4096,64,4,30,cosine,uniform,1,32,0,0.2800000011920929,0.22500000894069672,-0.02736503817141056,0.9931585147608163,0.063,1088.0,1.0,282624,0,0,,,,,,
gaussian,linear,gaussian,bipolar,none,raw,,,,xor,1,32,64,4,30,cosine,uniform,1,32,0,0.23499999940395355,0.25,-0.22945567965507507,0.6069195989444324,0.011,8.5,1.0,2208,0,0,1.0,32.0,,,,
rademacher,linear,rademacher,bipolar,none,raw,,,,xor,1,32,64,4,30,cosine,uniform,1,32,0,0.2849999964237213,0.19583334028720856,-0.3358581066131592,0.6285792452683994,0.006,8.5,1.0,2208,0,0,1.0,32.0,,,,
very_sparse,linear,very_sparse,bipolar,none,raw,,,,xor,1,32,64,4,30,cosine,uniform,1,32,0,0.2199999988079071,0.24166667461395264,-0.28020280599594116,0.5884184367951898,0.006,1.6,1.0,441,0,0,0.1372,32.0,,,,
count_sketch,linear,count_sketch,bipolar,none,raw,,,,xor,1,32,64,4,30,cosine,uniform,1,32,0,0.2800000011920929,0.23333334922790527,-0.20856887102127075,0.6024839435865296,0.006,0.75,1.0,224,0,0,0.0312,28.0,,,,
srht,linear,srht,bipolar,none,raw,,,,xor,1,32,64,4,30,cosine,uniform,1,32,0,0.28999999165534973,0.18333333730697632,-0.33619463443756104,0.6077044363780442,0.01,8.5,1.0,2208,0,0,1.0,29.0,,,,
orthogonal,linear,orthogonal,bipolar,none,raw,,,,xor,1,32,64,4,30,cosine,uniform,1,32,0,0.25,0.22500000894069672,-0.2967359125614166,0.6379392519015227,0.012,8.5,1.0,2208,0,0,1.0,32.0,,,,
sobol,linear,sobol,bipolar,none,raw,,,,xor,1,32,64,4,30,cosine,uniform,1,32,0,0.2449999898672104,0.27916666865348816,-0.2729054391384125,0.5589968913818706,0.015,8.5,1.0,2208,0,0,1.0,32.0,,,,
signrff_tuned,rff,rff,bipolar,none,raw,"{""bw_grid"": [0.05, 0.1, 0.25, 0.5, 1.0], ""bw_select"": ""val""}",,,xor,1,32,64,4,30,cosine,uniform,1,32,0,0.25999999046325684,0.2083333432674408,-0.13741707801818848,0.06718523798400015,0.022,8.62,32.0,2208,0,0,,,,,,
fpe_b1,fpe,fpe,bipolar,none,raw,"{""bw_scale"": 0.25, ""phase_bits"": 1}",,,xor,1,32,64,4,30,cosine,uniform,1,32,0,0.22999998927116394,0.2750000059604645,-0.01710674725472927,-0.005672908654370391,0.014,8.5,1.0,2208,0,0,,,,,,
learned,learned,learned,bipolar,none,raw,"{""epochs"": 60}",,,xor,1,32,64,4,30,cosine,uniform,1,32,0,0.28999999165534973,0.2291666716337204,-0.13761352002620697,0.6128701856190981,0.073,9.0,1.0,2336,0,0,,,,,,
datainformed_k16,datainformed,datainformed,bipolar,none,raw,"{""K"": 16}",,,xor,1,32,64,4,30,cosine,uniform,1,32,0,0.23499999940395355,0.25,-0.22945567965507507,0.6069195989444324,0.01,8.5,1.0,2208,0,0,,,,,,
gaussian,linear,gaussian,bipolar,none,raw,,,,xor,1,64,64,4,30,cosine,uniform,1,32,0,0.2549999952316284,0.2458333522081375,-0.17407459020614624,0.7262165383637198,0.01,17.0,1.0,4416,0,0,1.0,64.0,,,,
rademacher,linear,rademacher,bipolar,none,raw,,,,xor,1,64,64,4,30,cosine,uniform,1,32,0,0.25999999046325684,0.2458333522081375,-0.19289150834083557,0.7487218646760279,0.008,17.0,1.0,4416,0,0,1.0,64.0,,,,
very_sparse,linear,very_sparse,bipolar,none,raw,,,,xor,1,64,64,4,30,cosine,uniform,1,32,0,0.22999998927116394,0.2666666805744171,-0.13905160129070282,0.7411583266005862,0.01,3.22,1.0,888,0,0,0.1387,64.0,,,,
count_sketch,linear,count_sketch,bipolar,none,raw,,,,xor,1,64,64,4,30,cosine,uniform,1,32,0,0.26999998092651367,0.30000001192092896,-0.05697641149163246,0.7139524140012774,0.009,1.25,1.0,384,0,0,0.0156,42.0,,,,
srht,linear,srht,bipolar,none,raw,,,,xor,1,64,64,4,30,cosine,uniform,1,32,0,0.19999998807907104,0.32083335518836975,-0.1827753335237503,0.6336471084059581,0.01,17.0,1.0,4416,0,0,1.0,43.0,,,,
orthogonal,linear,orthogonal,bipolar,none,raw,,,,xor,1,64,64,4,30,cosine,uniform,1,32,0,0.25,0.25833335518836975,-0.18135754764080048,0.7948236978314462,0.009,17.0,1.0,4416,0,0,1.0,64.0,,,,
sobol,linear,sobol,bipolar,none,raw,,,,xor,1,64,64,4,30,cosine,uniform,1,32,0,0.23999999463558197,0.2750000059604645,-0.16283902525901794,0.709712750626444,0.014,17.0,1.0,4416,0,0,1.0,64.0,,,,
signrff_tuned,rff,rff,bipolar,none,raw,"{""bw_grid"": [0.05, 0.1, 0.25, 0.5, 1.0], ""bw_select"": ""val""}",,,xor,1,64,64,4,30,cosine,uniform,1,32,0,0.3499999940395355,0.3375000059604645,-0.016769912093877792,0.5003193677351533,0.015,17.25,32.0,4416,0,0,,,,,,
fpe_b1,fpe,fpe,bipolar,none,raw,"{""bw_scale"": 0.25, ""phase_bits"": 1}",,,xor,1,64,64,4,30,cosine,uniform,1,32,0,0.3199999928474426,0.28333336114883423,-0.009382224641740322,-0.0029554289526975692,0.01,17.01,1.0,4416,0,0,,,,,,
learned,learned,learned,bipolar,none,raw,"{""epochs"": 60}",,,xor,1,64,64,4,30,cosine,uniform,1,32,0,0.17499999701976776,0.2708333432674408,-0.08971494436264038,0.6970052772470574,0.071,17.5,1.0,4544,0,0,,,,,,
datainformed_k16,datainformed,datainformed,bipolar,none,raw,"{""K"": 16}",,,xor,1,64,64,4,30,cosine,uniform,1,32,0,0.23499999940395355,0.28333336114883423,-0.16189254820346832,0.7295464135619187,0.017,17.0,1.0,4416,0,0,,,,,,
gaussian,linear,gaussian,bipolar,none,raw,,,,xor,1,128,64,4,30,cosine,uniform,1,32,0,0.2549999952316284,0.2875000238418579,-0.10135310888290405,0.8149974590464586,0.006,34.0,1.0,8832,0,0,1.0,64.0,,,,
rademacher,linear,rademacher,bipolar,none,raw,,,,xor,1,128,64,4,30,cosine,uniform,1,32,0,0.25999999046325684,0.2083333432674408,-0.11888428032398224,0.8477093270836631,0.01,34.0,1.0,8832,0,0,1.0,64.0,,,,
very_sparse,linear,very_sparse,bipolar,none,raw,,,,xor,1,128,64,4,30,cosine,uniform,1,32,0,0.25,0.2916666865348816,-0.08728893101215363,0.84058590376849,0.011,6.2,1.0,1715,0,0,0.1312,64.0,,,,
count_sketch,linear,count_sketch,bipolar,none,raw,,,,xor,1,128,64,4,30,cosine,uniform,1,32,0,0.25,0.24166667461395264,-0.02350424975156784,0.7589718805122775,0.006,2.25,1.0,704,0,0,0.0078,52.0,,,,
srht,linear,srht,bipolar,none,raw,,,,xor,1,128,64,4,30,cosine,uniform,1,32,0,0.23999999463558197,0.23750001192092896,-0.19303876161575317,0.7477455820670692,0.006,34.0,1.0,8832,0,0,1.0,59.0,,,,
orthogonal,linear,orthogonal,bipolar,none,raw,,,,xor,1,128,64,4,30,cosine,uniform,1,32,0,0.2549999952316284,0.2666666805744171,-0.09720394760370255,0.8923566881718102,0.01,34.0,1.0,8832,0,0,1.0,64.0,,,,
sobol,linear,sobol,bipolar,none,raw,,,,xor,1,128,64,4,30,cosine,uniform,1,32,0,0.23499999940395355,0.30000001192092896,-0.08057888597249985,0.8478980952020202,0.015,34.0,1.0,8832,0,0,1.0,64.0,,,,
signrff_tuned,rff,rff,bipolar,none,raw,"{""bw_grid"": [0.05, 0.1, 0.25, 0.5, 1.0], ""bw_select"": ""val""}",,,xor,1,128,64,4,30,cosine,uniform,1,32,0,0.2750000059604645,0.25833335518836975,-0.06365189701318741,0.5976757420020266,0.022,34.5,32.0,8832,0,0,,,,,,
fpe_b1,fpe,fpe,bipolar,none,raw,"{""bw_scale"": 0.25, ""phase_bits"": 1}",,,xor,1,128,64,4,30,cosine,uniform,1,32,0,0.3199999928474426,0.36250001192092896,-0.003454191843047738,-0.004089367272874939,0.016,34.02,1.0,8832,0,0,,,,,,
learned,learned,learned,bipolar,none,raw,"{""epochs"": 60}",,,xor,1,128,64,4,30,cosine,uniform,1,32,0,0.2549999952316284,0.25416669249534607,-0.06714565306901932,0.8219590230442503,0.074,34.5,1.0,8960,0,0,,,,,,
datainformed_k16,datainformed,datainformed,bipolar,none,raw,"{""K"": 16}",,,xor,1,128,64,4,30,cosine,uniform,1,32,0,0.25999999046325684,0.25,-0.09956527501344681,0.8346377239817575,0.011,34.0,1.0,8832,0,0,,,,,,
gaussian,linear,gaussian,bipolar,none,raw,,,,xor,1,256,64,4,30,cosine,uniform,1,32,0,0.23999999463558197,0.2666666805744171,-0.05888324975967407,0.9026296965836661,0.006,68.0,1.0,17664,0,0,1.0,64.0,,,,
rademacher,linear,rademacher,bipolar,none,raw,,,,xor,1,256,64,4,30,cosine,uniform,1,32,0,0.32999998331069946,0.25833335518836975,-0.06938537210226059,0.9129641003751879,0.005,68.0,1.0,17664,0,0,1.0,64.0,,,,
very_sparse,linear,very_sparse,bipolar,none,raw,,,,xor,1,256,64,4,30,cosine,uniform,1,32,0,0.2549999952316284,0.2666666805744171,-0.05796099826693535,0.9078156342236421,0.005,12.22,1.0,3384,0,0,0.1284,64.0,,,,
count_sketch,linear,count_sketch,bipolar,none,raw,,,,xor,1,256,64,4,30,cosine,uniform,1,32,0,0.22499999403953552,0.22083334624767303,-0.01057581789791584,0.7795239733583428,0.005,4.25,1.0,1344,0,0,0.0039,58.0,,,,
srht,linear,srht,bipolar,none,raw,,,,xor,1,256,64,4,30,cosine,uniform,1,32,0,0.3149999976158142,0.25833335518836975,-0.18253302574157715,0.7716234731591334,0.005,68.0,1.0,17664,0,0,1.0,64.0,,,,
orthogonal,linear,orthogonal,bipolar,none,raw,,,,xor,1,256,64,4,30,cosine,uniform,1,32,0,0.3149999976158142,0.28333336114883423,-0.056854698807001114,0.9402122600388176,0.005,68.0,1.0,17664,0,0,1.0,64.0,,,,
sobol,linear,sobol,bipolar,none,raw,,,,xor,1,256,64,4,30,cosine,uniform,1,32,0,0.25,0.2750000059604645,-0.061956457793712616,0.9249103173259129,0.006,68.0,1.0,17664,0,0,1.0,64.0,,,,
signrff_tuned,rff,rff,bipolar,none,raw,"{""bw_grid"": [0.05, 0.1, 0.25, 0.5, 1.0], ""bw_select"": ""val""}",,,xor,1,256,64,4,30,cosine,uniform,1,32,0,0.3400000035762787,0.27916666865348816,-0.19881121814250946,0.6483084424645018,0.011,69.0,32.0,17664,0,0,,,,,,
fpe_b1,fpe,fpe,bipolar,none,raw,"{""bw_scale"": 0.25, ""phase_bits"": 1}",,,xor,1,256,64,4,30,cosine,uniform,1,32,0,0.3700000047683716,0.3583333492279053,-0.2007942646741867,-0.003419048396797946,0.009,68.03,1.0,17664,0,0,,,,,,
learned,learned,learned,bipolar,none,raw,"{""epochs"": 60}",,,xor,1,256,64,4,30,cosine,uniform,1,32,0,0.2849999964237213,0.23750001192092896,-0.0754232183098793,0.878868553793568,0.073,68.5,1.0,17792,0,0,,,,,,
datainformed_k16,datainformed,datainformed,bipolar,none,raw,"{""K"": 16}",,,xor,1,256,64,4,30,cosine,uniform,1,32,0,0.2800000011920929,0.23333334922790527,-0.059628669172525406,0.908033613078858,0.012,68.0,1.0,17664,0,0,,,,,,
gaussian,linear,gaussian,bipolar,none,raw,,,,xor,1,512,64,4,30,cosine,uniform,1,32,0,0.26999998092651367,0.2291666716337204,-0.04374929890036583,0.9483869162740249,0.011,136.0,1.0,35328,0,0,1.0,64.0,,,,
rademacher,linear,rademacher,bipolar,none,raw,,,,xor,1,512,64,4,30,cosine,uniform,1,32,0,0.2849999964237213,0.2958333492279053,-0.04073696583509445,0.9506485378622521,0.011,136.0,1.0,35328,0,0,1.0,64.0,,,,
very_sparse,linear,very_sparse,bipolar,none,raw,,,,xor,1,512,64,4,30,cosine,uniform,1,32,0,0.2449999898672104,0.2750000059604645,-0.04736704379320145,0.9484328782784937,0.005,24.36,1.0,6748,0,0,0.1278,64.0,,,,
count_sketch,linear,count_sketch,bipolar,none,raw,,,,xor,1,512,64,4,30,cosine,uniform,1,32,0,0.2800000011920929,0.26250001788139343,-0.004661311861127615,0.7885702940417421,0.006,8.25,1.0,2624,0,0,0.002,60.0,,,,
srht,linear,srht,bipolar,none,raw,,,,xor,1,512,64,4,30,cosine,uniform,1,32,0,0.2449999898672104,0.2708333432674408,-0.1625077873468399,0.786146569184671,0.006,136.0,1.0,35328,0,0,1.0,64.0,,,,
orthogonal,linear,orthogonal,bipolar,none,raw,,,,xor,1,512,64,4,30,cosine,uniform,1,32,0,0.2549999952316284,0.2750000059604645,-0.041060321033000946,0.9687881745360579,0.007,136.0,1.0,35328,0,0,1.0,64.0,,,,
sobol,linear,sobol,bipolar,none,raw,,,,xor,1,512,64,4,30,cosine,uniform,1,32,0,0.2750000059604645,0.23333334922790527,-0.05263611301779747,0.9647720892435122,0.007,136.0,1.0,35328,0,0,1.0,64.0,,,,
signrff_tuned,rff,rff,bipolar,none,raw,"{""bw_grid"": [0.05, 0.1, 0.25, 0.5, 1.0], ""bw_select"": ""val""}",,,xor,1,512,64,4,30,cosine,uniform,1,32,0,0.3449999988079071,0.27916666865348816,-0.04076268896460533,0.502874377158309,0.011,138.0,32.0,35328,0,0,,,,,,
fpe_b1,fpe,fpe,bipolar,none,raw,"{""bw_scale"": 0.25, ""phase_bits"": 1}",,,xor,1,512,64,4,30,cosine,uniform,1,32,0,0.3100000023841858,0.31666669249534607,-0.40217021107673645,-0.0038017682653405075,0.009,136.06,1.0,35328,0,0,,,,,,
learned,learned,learned,bipolar,none,raw,"{""epochs"": 60}",,,xor,1,512,64,4,30,cosine,uniform,1,32,0,0.2549999952316284,0.24166667461395264,-0.0690842792391777,0.9156189143753108,0.073,136.5,1.0,35456,0,0,,,,,,
datainformed_k16,datainformed,datainformed,bipolar,none,raw,"{""K"": 16}",,,xor,1,512,64,4,30,cosine,uniform,1,32,0,0.26999998092651367,0.25,-0.048558805137872696,0.9509188639243347,0.013,136.0,1.0,35328,0,0,,,,,,
gaussian,linear,gaussian,bipolar,none,raw,,,,xor,1,1024,64,4,30,cosine,uniform,1,32,0,0.23999999463558197,0.2708333432674408,-0.03359637036919594,0.971931543665596,0.005,272.0,1.0,70656,0,0,1.0,64.0,,,,
rademacher,linear,rademacher,bipolar,none,raw,,,,xor,1,1024,64,4,30,cosine,uniform,1,32,0,0.2849999964237213,0.3125000298023224,-0.03509540483355522,0.9740463948882561,0.005,272.0,1.0,70656,0,0,1.0,64.0,,,,
very_sparse,linear,very_sparse,bipolar,none,raw,,,,xor,1,1024,64,4,30,cosine,uniform,1,32,0,0.25999999046325684,0.21250000596046448,-0.04462980106472969,0.972199147645247,0.005,48.43,1.0,13423,0,0,0.1267,64.0,,,,
count_sketch,linear,count_sketch,bipolar,none,raw,,,,xor,1,1024,64,4,30,cosine,uniform,1,32,0,0.20499999821186066,0.3083333373069763,-0.0024409599136561155,0.794170091076519,0.005,16.25,1.0,5184,0,0,0.001,61.0,,,,
srht,linear,srht,bipolar,none,raw,,,,xor,1,1024,64,4,30,cosine,uniform,1,32,0,0.2449999898672104,0.23333334922790527,-0.17336495220661163,0.8030960826954928,0.005,272.0,1.0,70656,0,0,1.0,64.0,,,,
orthogonal,linear,orthogonal,bipolar,none,raw,,,,xor,1,1024,64,4,30,cosine,uniform,1,32,0,0.29499998688697815,0.2708333432674408,-0.03376013785600662,0.9843152695479822,0.008,272.0,1.0,70656,0,0,1.0,64.0,,,,
sobol,linear,sobol,bipolar,none,raw,,,,xor,1,1024,64,4,30,cosine,uniform,1,32,0,0.26499998569488525,0.2666666805744171,-0.03875213488936424,0.9826890727020541,0.007,272.0,1.0,70656,0,0,1.0,64.0,,,,
signrff_tuned,rff,rff,bipolar,none,raw,"{""bw_grid"": [0.05, 0.1, 0.25, 0.5, 1.0], ""bw_select"": ""val""}",,,xor,1,1024,64,4,30,cosine,uniform,1,32,0,0.5049999952316284,0.37916669249534607,-0.013624577783048153,0.5678626008221815,0.011,276.0,32.0,70656,0,0,,,,,,
fpe_b1,fpe,fpe,bipolar,none,raw,"{""bw_scale"": 0.25, ""phase_bits"": 1}",,,xor,1,1024,64,4,30,cosine,uniform,1,32,0,0.3400000035762787,0.2958333492279053,-0.3118380904197693,-0.004284582204327756,0.01,272.12,1.0,70656,0,0,,,,,,
learned,learned,learned,bipolar,none,raw,"{""epochs"": 60}",,,xor,1,1024,64,4,30,cosine,uniform,1,32,0,0.2449999898672104,0.21250000596046448,-0.06393352150917053,0.9368271601269752,0.095,272.5,1.0,70784,0,0,,,,,,
datainformed_k16,datainformed,datainformed,bipolar,none,raw,"{""K"": 16}",,,xor,1,1024,64,4,30,cosine,uniform,1,32,0,0.2449999898672104,0.32083335518836975,-0.028483238071203232,0.9737164018599469,0.017,272.0,1.0,70656,0,0,,,,,,
gaussian,linear,gaussian,bipolar,none,raw,,,,xor,1,2048,64,4,30,cosine,uniform,1,32,0,0.2750000059604645,0.24166667461395264,-0.03330845385789871,0.9856049112113244,0.006,544.0,1.0,141312,0,0,1.0,64.0,,,,
rademacher,linear,rademacher,bipolar,none,raw,,,,xor,1,2048,64,4,30,cosine,uniform,1,32,0,0.22999998927116394,0.3291666805744171,-0.027453748509287834,0.9867154978696954,0.006,544.0,1.0,141312,0,0,1.0,64.0,,,,
very_sparse,linear,very_sparse,bipolar,none,raw,,,,xor,1,2048,64,4,30,cosine,uniform,1,32,0,0.3149999976158142,0.30416667461395264,-0.02617107518017292,0.9850722526301734,0.005,96.43,1.0,26735,0,0,0.1258,64.0,,,,
count_sketch,linear,count_sketch,bipolar,none,raw,,,,xor,1,2048,64,4,30,cosine,uniform,1,32,0,0.22499999403953552,0.30000001192092896,-0.001324626849964261,0.7980640219751436,0.006,32.25,1.0,10304,0,0,0.0005,62.0,,,,
srht,linear,srht,bipolar,none,raw,,,,xor,1,2048,64,4,30,cosine,uniform,1,32,0,0.25999999046325684,0.2291666716337204,-0.21263940632343292,0.7979365066449771,0.006,544.0,1.0,141312,0,0,1.0,64.0,,,,
orthogonal,linear,orthogonal,bipolar,none,raw,,,,xor,1,2048,64,4,30,cosine,uniform,1,32,0,0.25,0.3125000298023224,-0.022681310772895813,0.9921028023069977,0.014,544.0,1.0,141312,0,0,1.0,64.0,,,,
sobol,linear,sobol,bipolar,none,raw,,,,xor,1,2048,64,4,30,cosine,uniform,1,32,0,0.28999999165534973,0.3291666805744171,-0.026530800387263298,0.991249311700253,0.023,544.0,1.0,141312,0,0,1.0,64.0,,,,
signrff_tuned,rff,rff,bipolar,none,raw,"{""bw_grid"": [0.05, 0.1, 0.25, 0.5, 1.0], ""bw_select"": ""val""}",,,xor,1,2048,64,4,30,cosine,uniform,1,32,0,0.4650000035762787,0.42500001192092896,-0.006253968924283981,0.6391134283252992,0.023,552.0,32.0,141312,0,0,,,,,,
fpe_b1,fpe,fpe,bipolar,none,raw,"{""bw_scale"": 0.25, ""phase_bits"": 1}",,,xor,1,2048,64,4,30,cosine,uniform,1,32,0,0.4699999988079071,0.4791666865348816,-0.00016444003267679363,-0.004232672169478207,0.009,544.25,1.0,141312,0,0,,,,,,
learned,learned,learned,bipolar,none,raw,"{""epochs"": 60}",,,xor,1,2048,64,4,30,cosine,uniform,1,32,0,0.26499998569488525,0.22083334624767303,-0.06076137721538544,0.9428676830396183,0.089,544.5,1.0,141440,0,0,,,,,,
datainformed_k16,datainformed,datainformed,bipolar,none,raw,"{""K"": 16}",,,xor,1,2048,64,4,30,cosine,uniform,1,32,0,0.29999998211860657,0.2875000238418579,-0.024848442524671555,0.9858415252187692,0.029,544.0,1.0,141312,0,0,,,,,,
gaussian,linear,gaussian,bipolar,none,raw,,,,xor,1,4096,64,4,30,cosine,uniform,1,32,0,0.25,0.27916666865348816,-0.020016416907310486,0.9932317891097009,0.015,1088.0,1.0,282624,0,0,1.0,64.0,,,,
rademacher,linear,rademacher,bipolar,none,raw,,,,xor,1,4096,64,4,30,cosine,uniform,1,32,0,0.26999998092651367,0.22500000894069672,-0.031153850257396698,0.993486911572974,0.014,1088.0,1.0,282624,0,0,1.0,64.0,,,,
very_sparse,linear,very_sparse,bipolar,none,raw,,,,xor,1,4096,64,4,30,cosine,uniform,1,32,0,0.32999998331069946,0.27916666865348816,-0.024999214336276054,0.9921897878091731,0.014,192.57,1.0,53395,0,0,0.1256,64.0,,,,
count_sketch,linear,count_sketch,bipolar,none,raw,,,,xor,1,4096,64,4,30,cosine,uniform,1,32,0,0.23499999940395355,0.2666666805744171,-0.0006630888092331588,0.8032667376400741,0.013,64.25,1.0,20544,0,0,0.0002,63.0,,,,
srht,linear,srht,bipolar,none,raw,,,,xor,1,4096,64,4,30,cosine,uniform,1,32,0,0.28999999165534973,0.28333336114883423,-0.17801308631896973,0.8090132631268244,0.014,1088.0,1.0,282624,0,0,1.0,64.0,,,,
orthogonal,linear,orthogonal,bipolar,none,raw,,,,xor,1,4096,64,4,30,cosine,uniform,1,32,0,0.29499998688697815,0.19166667759418488,-0.018245497718453407,0.9957991890082767,0.022,1088.0,1.0,282624,0,0,1.0,64.0,,,,
sobol,linear,sobol,bipolar,none,raw,,,,xor,1,4096,64,4,30,cosine,uniform,1,32,0,0.29499998688697815,0.2291666716337204,-0.021869037300348282,0.9956629083904402,0.025,1088.0,1.0,282624,0,0,1.0,64.0,,,,
signrff_tuned,rff,rff,bipolar,none,raw,"{""bw_grid"": [0.05, 0.1, 0.25, 0.5, 1.0], ""bw_select"": ""val""}",,,xor,1,4096,64,4,30,cosine,uniform,1,32,0,0.45499998331069946,0.42500001192092896,-0.0028966879472136497,0.3484076296336981,0.025,1104.0,32.0,282624,0,0,,,,,,
fpe_b1,fpe,fpe,bipolar,none,raw,"{""bw_scale"": 0.25, ""phase_bits"": 1}",,,xor,1,4096,64,4,30,cosine,uniform,1,32,0,0.5550000071525574,0.5041667222976685,0.00015103755868040025,-0.004771987034669761,0.016,1088.5,1.0,282624,0,0,,,,,,
learned,learned,learned,bipolar,none,raw,"{""epochs"": 60}",,,xor,1,4096,64,4,30,cosine,uniform,1,32,0,0.2549999952316284,0.20000001788139343,-0.06241990253329277,0.9464355134057773,0.079,1088.5,1.0,282752,0,0,,,,,,
datainformed_k16,datainformed,datainformed,bipolar,none,raw,"{""K"": 16}",,,xor,1,4096,64,4,30,cosine,uniform,1,32,0,0.23499999940395355,0.30000001192092896,-0.02031039074063301,0.9927820332380871,0.064,1088.0,1.0,282624,0,0,,,,,,
gaussian,linear,gaussian,bipolar,none,raw,,,,xor,2,32,64,4,30,cosine,uniform,1,32,0,0.29499998688697815,0.28333336114883423,-0.22822269797325134,0.6221699472966118,0.011,8.5,1.0,2208,0,0,1.0,32.0,,,,
rademacher,linear,rademacher,bipolar,none,raw,,,,xor,2,32,64,4,30,cosine,uniform,1,32,0,0.2149999886751175,0.16250000894069672,-0.3425217270851135,0.6159488281799346,0.006,8.5,1.0,2208,0,0,1.0,32.0,,,,
very_sparse,linear,very_sparse,bipolar,none,raw,,,,xor,2,32,64,4,30,cosine,uniform,1,32,0,0.2800000011920929,0.21666668355464935,-0.3320486843585968,0.6086316208346904,0.005,1.55,1.0,430,0,0,0.1318,32.0,,,,
count_sketch,linear,count_sketch,bipolar,none,raw,,,,xor,2,32,64,4,30,cosine,uniform,1,32,0,0.2449999898672104,0.25,-0.18598569929599762,0.6075641188326,0.005,0.75,1.0,224,0,0,0.0312,29.0,,,,
srht,linear,srht,bipolar,none,raw,,,,xor,2,32,64,4,30,cosine,uniform,1,32,0,0.2549999952316284,0.20416668057441711,-0.3311765193939209,0.5333687550341843,0.009,8.5,1.0,2208,0,0,1.0,25.0,,,,
orthogonal,linear,orthogonal,bipolar,none,raw,,,,xor,2,32,64,4,30,cosine,uniform,1,32,0,0.19499999284744263,0.19166667759418488,-0.29034286737442017,0.6271289307406136,0.005,8.5,1.0,2208,0,0,1.0,32.0,,,,
sobol,linear,sobol,bipolar,none,raw,,,,xor,2,32,64,4,30,cosine,uniform,1,32,0,0.23499999940395355,0.25,-0.2721661329269409,0.5949168812824925,0.007,8.5,1.0,2208,0,0,1.0,32.0,,,,
signrff_tuned,rff,rff,bipolar,none,raw,"{""bw_grid"": [0.05, 0.1, 0.25, 0.5, 1.0], ""bw_select"": ""val""}",,,xor,2,32,64,4,30,cosine,uniform,1,32,0,0.29499998688697815,0.2750000059604645,-0.04044237360358238,0.4500139870201167,0.011,8.62,32.0,2208,0,0,,,,,,
fpe_b1,fpe,fpe,bipolar,none,raw,"{""bw_scale"": 0.25, ""phase_bits"": 1}",,,xor,2,32,64,4,30,cosine,uniform,1,32,0,0.2549999952316284,0.3083333373069763,-0.027578016743063927,-0.0021988345437618114,0.01,8.5,1.0,2208,0,0,,,,,,
learned,learned,learned,bipolar,none,raw,"{""epochs"": 60}",,,xor,2,32,64,4,30,cosine,uniform,1,32,0,0.25999999046325684,0.2708333432674408,-0.14576201140880585,0.598711262701382,0.078,9.0,1.0,2336,0,0,,,,,,
datainformed_k16,datainformed,datainformed,bipolar,none,raw,"{""K"": 16}",,,xor,2,32,64,4,30,cosine,uniform,1,32,0,0.32999998331069946,0.23333334922790527,-0.2630000710487366,0.6226786978359076,0.01,8.5,1.0,2208,0,0,,,,,,
gaussian,linear,gaussian,bipolar,none,raw,,,,xor,2,64,64,4,30,cosine,uniform,1,32,0,0.22999998927116394,0.25416669249534607,-0.1894916296005249,0.7392351155987572,0.006,17.0,1.0,4416,0,0,1.0,64.0,,,,
rademacher,linear,rademacher,bipolar,none,raw,,,,xor,2,64,64,4,30,cosine,uniform,1,32,0,0.26499998569488525,0.2708333432674408,-0.20190311968326569,0.7296167878078501,0.006,17.0,1.0,4416,0,0,1.0,64.0,,,,
very_sparse,linear,very_sparse,bipolar,none,raw,,,,xor,2,64,64,4,30,cosine,uniform,1,32,0,0.25,0.2666666805744171,-0.18662597239017487,0.7180497405645881,0.006,2.98,1.0,826,0,0,0.1235,64.0,,,,
count_sketch,linear,count_sketch,bipolar,none,raw,,,,xor,2,64,64,4,30,cosine,uniform,1,32,0,0.20999999344348907,0.22083334624767303,-0.057966165244579315,0.7307959577525472,0.006,1.25,1.0,384,0,0,0.0156,45.0,,,,
srht,linear,srht,bipolar,none,raw,,,,xor,2,64,64,4,30,cosine,uniform,1,32,0,0.26999998092651367,0.24166667461395264,-0.2604411840438843,0.6701464298959527,0.007,17.0,1.0,4416,0,0,1.0,41.0,,,,
orthogonal,linear,orthogonal,bipolar,none,raw,,,,xor,2,64,64,4,30,cosine,uniform,1,32,0,0.3050000071525574,0.22500000894069672,-0.2160847783088684,0.8040573277911882,0.006,17.0,1.0,4416,0,0,1.0,64.0,,,,
sobol,linear,sobol,bipolar,none,raw,,,,xor,2,64,64,4,30,cosine,uniform,1,32,0,0.2199999988079071,0.21250000596046448,-0.17438724637031555,0.7489880723964766,0.013,17.0,1.0,4416,0,0,1.0,64.0,,,,
signrff_tuned,rff,rff,bipolar,none,raw,"{""bw_grid"": [0.05, 0.1, 0.25, 0.5, 1.0], ""bw_select"": ""val""}",,,xor,2,64,64,4,30,cosine,uniform,1,32,0,0.29999998211860657,0.2875000238418579,-0.05147367715835571,0.5351462905395034,0.018,17.25,32.0,4416,0,0,,,,,,
fpe_b1,fpe,fpe,bipolar,none,raw,"{""bw_scale"": 0.25, ""phase_bits"": 1}",,,xor,2,64,64,4,30,cosine,uniform,1,32,0,0.3199999928474426,0.30000001192092896,-0.009463924914598465,-0.002089081055346803,0.018,17.01,1.0,4416,0,0,,,,,,
learned,learned,learned,bipolar,none,raw,"{""epochs"": 60}",,,xor,2,64,64,4,30,cosine,uniform,1,32,0,0.29999998211860657,0.2750000059604645,-0.08922336995601654,0.7166081640481257,0.074,17.5,1.0,4544,0,0,,,,,,
datainformed_k16,datainformed,datainformed,bipolar,none,raw,"{""K"": 16}",,,xor,2,64,64,4,30,cosine,uniform,1,32,0,0.2849999964237213,0.25,-0.18546022474765778,0.7321326276885696,0.011,17.0,1.0,4416,0,0,,,,,,
gaussian,linear,gaussian,bipolar,none,raw,,,,xor,2,128,64,4,30,cosine,uniform,1,32,0,0.26999998092651367,0.21250000596046448,-0.10551638901233673,0.840834629390014,0.006,34.0,1.0,8832,0,0,1.0,64.0,,,,
rademacher,linear,rademacher,bipolar,none,raw,,,,xor,2,128,64,4,30,cosine,uniform,1,32,0,0.25999999046325684,0.25833335518836975,-0.08680790662765503,0.833945837234502,0.005,34.0,1.0,8832,0,0,1.0,64.0,,,,
very_sparse,linear,very_sparse,bipolar,none,raw,,,,xor,2,128,64,4,30,cosine,uniform,1,32,0,0.23999999463558197,0.2875000238418579,-0.09427759796380997,0.8259559265569032,0.006,5.99,1.0,1661,0,0,0.1246,64.0,,,,
count_sketch,linear,count_sketch,bipolar,none,raw,,,,xor,2,128,64,4,30,cosine,uniform,1,32,0,0.3100000023841858,0.2708333432674408,-0.01805315911769867,0.7743325817724597,0.012,2.25,1.0,704,0,0,0.0078,53.0,,,,
srht,linear,srht,bipolar,none,raw,,,,xor,2,128,64,4,30,cosine,uniform,1,32,0,0.26499998569488525,0.2708333432674408,-0.17727366089820862,0.6954629468422499,0.012,34.0,1.0,8832,0,0,1.0,57.0,,,,
orthogonal,linear,orthogonal,bipolar,none,raw,,,,xor,2,128,64,4,30,cosine,uniform,1,32,0,0.2549999952316284,0.2916666865348816,-0.08353545516729355,0.8895055138213404,0.009,34.0,1.0,8832,0,0,1.0,64.0,,,,
sobol,linear,sobol,bipolar,none,raw,,,,xor,2,128,64,4,30,cosine,uniform,1,32,0,0.26999998092651367,0.2708333432674408,-0.09260303527116776,0.8507209514596952,0.007,34.0,1.0,8832,0,0,1.0,64.0,,,,
signrff_tuned,rff,rff,bipolar,none,raw,"{""bw_grid"": [0.05, 0.1, 0.25, 0.5, 1.0], ""bw_select"": ""val""}",,,xor,2,128,64,4,30,cosine,uniform,1,32,0,0.26999998092651367,0.26250001788139343,-0.05319441109895706,0.11115161699979964,0.014,34.5,32.0,8832,0,0,,,,,,
fpe_b1,fpe,fpe,bipolar,none,raw,"{""bw_scale"": 0.25, ""phase_bits"": 1}",,,xor,2,128,64,4,30,cosine,uniform,1,32,0,0.2849999964237213,0.37916669249534607,-0.005840405356138945,-0.006003106433616179,0.018,34.02,1.0,8832,0,0,,,,,,
learned,learned,learned,bipolar,none,raw,"{""epochs"": 60}",,,xor,2,128,64,4,30,cosine,uniform,1,32,0,0.25999999046325684,0.25,-0.06224009022116661,0.8291823273732355,0.078,34.5,1.0,8960,0,0,,,,,,
datainformed_k16,datainformed,datainformed,bipolar,none,raw,"{""K"": 16}",,,xor,2,128,64,4,30,cosine,uniform,1,32,0,0.2800000011920929,0.2916666865348816,-0.07973568141460419,0.8363280459981152,0.023,34.0,1.0,8832,0,0,,,,,,
gaussian,linear,gaussian,bipolar,none,raw,,,,xor,2,256,64,4,30,cosine,uniform,1,32,0,0.2449999898672104,0.2916666865348816,-0.05781465023756027,0.9052579094393873,0.013,68.0,1.0,17664,0,0,1.0,64.0,,,,
rademacher,linear,rademacher,bipolar,none,raw,,,,xor,2,256,64,4,30,cosine,uniform,1,32,0,0.2149999886751175,0.18333333730697632,-0.07802124321460724,0.9032481469518053,0.012,68.0,1.0,17664,0,0,1.0,64.0,,,,
very_sparse,linear,very_sparse,bipolar,none,raw,,,,xor,2,256,64,4,30,cosine,uniform,1,32,0,0.2800000011920929,0.2083333432674408,-0.07212991267442703,0.8916841693156292,0.012,12.0,1.0,3328,0,0,0.125,64.0,,,,
count_sketch,linear,count_sketch,bipolar,none,raw,,,,xor,2,256,64,4,30,cosine,uniform,1,32,0,0.26999998092651367,0.2708333432674408,-0.009570532478392124,0.8003303561875709,0.007,4.25,1.0,1344,0,0,0.0039,59.0,,,,
srht,linear,srht,bipolar,none,raw,,,,xor,2,256,64,4,30,cosine,uniform,1,32,0,0.26999998092651367,0.21666668355464935,-0.17779363691806793,0.7392876357357177,0.008,68.0,1.0,17664,0,0,1.0,63.0,,,,
orthogonal,linear,orthogonal,bipolar,none,raw,,,,xor,2,256,64,4,30,cosine,uniform,1,32,0,0.25,0.30416667461395264,-0.053843528032302856,0.9388710591638769,0.006,68.0,1.0,17664,0,0,1.0,64.0,,,,
sobol,linear,sobol,bipolar,none,raw,,,,xor,2,256,64,4,30,cosine,uniform,1,32,0,0.29999998211860657,0.2708333432674408,-0.058905452489852905,0.9224270468754158,0.013,68.0,1.0,17664,0,0,1.0,64.0,,,,
signrff_tuned,rff,rff,bipolar,none,raw,"{""bw_grid"": [0.05, 0.1, 0.25, 0.5, 1.0], ""bw_select"": ""val""}",,,xor,2,256,64,4,30,cosine,uniform,1,32,0,0.32999998331069946,0.24166667461395264,-0.04577543959021568,0.14736687483385472,0.022,69.0,32.0,17664,0,0,,,,,,
fpe_b1,fpe,fpe,bipolar,none,raw,"{""bw_scale"": 0.25, ""phase_bits"": 1}",,,xor,2,256,64,4,30,cosine,uniform,1,32,0,0.3400000035762787,0.36250001192092896,-0.3146551847457886,-0.004528576361902726,0.01,68.03,1.0,17664,0,0,,,,,,
learned,learned,learned,bipolar,none,raw,"{""epochs"": 60}",,,xor,2,256,64,4,30,cosine,uniform,1,32,0,0.2449999898672104,0.17083334922790527,-0.07301227748394012,0.8782324794064467,0.083,68.5,1.0,17792,0,0,,,,,,
datainformed_k16,datainformed,datainformed,bipolar,none,raw,"{""K"": 16}",,,xor,2,256,64,4,30,cosine,uniform,1,32,0,0.25999999046325684,0.2750000059604645,-0.059041935950517654,0.9011933320950621,0.011,68.0,1.0,17664,0,0,,,,,,
gaussian,linear,gaussian,bipolar,none,raw,,,,xor,2,512,64,4,30,cosine,uniform,1,32,0,0.23999999463558197,0.24166667461395264,-0.04750438034534454,0.949501746441534,0.005,136.0,1.0,35328,0,0,1.0,64.0,,,,
rademacher,linear,rademacher,bipolar,none,raw,,,,xor,2,512,64,4,30,cosine,uniform,1,32,0,0.25999999046325684,0.22500000894069672,-0.04953215271234512,0.947060192896254,0.005,136.0,1.0,35328,0,0,1.0,64.0,,,,
very_sparse,linear,very_sparse,bipolar,none,raw,,,,xor,2,512,64,4,30,cosine,uniform,1,32,0,0.22499999403953552,0.19583334028720856,-0.05428052693605423,0.9444033429357854,0.005,23.85,1.0,6618,0,0,0.1238,64.0,,,,
count_sketch,linear,count_sketch,bipolar,none,raw,,,,xor,2,512,64,4,30,cosine,uniform,1,32,0,0.26999998092651367,0.2666666805744171,-0.005273008719086647,0.8060388998875793,0.004,8.25,1.0,2624,0,0,0.002,60.0,,,,
srht,linear,srht,bipolar,none,raw,,,,xor,2,512,64,4,30,cosine,uniform,1,32,0,0.26499998569488525,0.2291666716337204,-0.19714844226837158,0.7983745820093604,0.005,136.0,1.0,35328,0,0,1.0,64.0,,,,
orthogonal,linear,orthogonal,bipolar,none,raw,,,,xor,2,512,64,4,30,cosine,uniform,1,32,0,0.2549999952316284,0.2708333432674408,-0.041283681988716125,0.9687050047360427,0.007,136.0,1.0,35328,0,0,1.0,64.0,,,,
sobol,linear,sobol,bipolar,none,raw,,,,xor,2,512,64,4,30,cosine,uniform,1,32,0,0.22999998927116394,0.25416669249534607,-0.042349252849817276,0.9621098938430462,0.006,136.0,1.0,35328,0,0,1.0,64.0,,,,
signrff_tuned,rff,rff,bipolar,none,raw,"{""bw_grid"": [0.05, 0.1, 0.25, 0.5, 1.0], ""bw_select"": ""val""}",,,xor,2,512,64,4,30,cosine,uniform,1,32,0,0.3649999797344208,0.31666669249534607,-0.04300824925303459,0.5388251286837232,0.011,138.0,32.0,35328,0,0,,,,,,
fpe_b1,fpe,fpe,bipolar,none,raw,"{""bw_scale"": 0.25, ""phase_bits"": 1}",,,xor,2,512,64,4,30,cosine,uniform,1,32,0,0.28999999165534973,0.3500000238418579,-0.34082308411598206,-0.0029904287033409036,0.009,136.06,1.0,35328,0,0,,,,,,
learned,learned,learned,bipolar,none,raw,"{""epochs"": 60}",,,xor,2,512,64,4,30,cosine,uniform,1,32,0,0.2449999898672104,0.20416668057441711,-0.06356753408908844,0.9131567885956812,0.07,136.5,1.0,35456,0,0,,,,,,
datainformed_k16,datainformed,datainformed,bipolar,none,raw,"{""K"": 16}",,,xor,2,512,64,4,30,cosine,uniform,1,32,0,0.2800000011920929,0.2458333522081375,-0.04433898255228996,0.9425756931381779,0.013,136.0,1.0,35328,0,0,,,,,,
gaussian,linear,gaussian,bipolar,none,raw,,,,xor,2,1024,64,4,30,cosine,uniform,1,32,0,0.2849999964237213,0.2708333432674408,-0.02800070121884346,0.9731025124901694,0.005,272.0,1.0,70656,0,0,1.0,64.0,,,,
rademacher,linear,rademacher,bipolar,none,raw,,,,xor,2,1024,64,4,30,cosine,uniform,1,32,0,0.29999998211860657,0.21250000596046448,-0.04196396842598915,0.9747407831081277,0.005,272.0,1.0,70656,0,0,1.0,64.0,,,,
very_sparse,linear,very_sparse,bipolar,none,raw,,,,xor,2,1024,64,4,30,cosine,uniform,1,32,0,0.2449999898672104,0.26250001788139343,-0.03624143823981285,0.9719967425725083,0.005,47.58,1.0,13205,0,0,0.1234,64.0,,,,
count_sketch,linear,count_sketch,bipolar,none,raw,,,,xor,2,1024,64,4,30,cosine,uniform,1,32,0,0.25,0.25,-0.0020093978382647038,0.8152059529291217,0.005,16.25,1.0,5184,0,0,0.001,63.0,,,,
srht,linear,srht,bipolar,none,raw,,,,xor,2,1024,64,4,30,cosine,uniform,1,32,0,0.2750000059604645,0.28333336114883423,-0.1601138859987259,0.8028048485421682,0.005,272.0,1.0,70656,0,0,1.0,64.0,,,,
orthogonal,linear,orthogonal,bipolar,none,raw,,,,xor,2,1024,64,4,30,cosine,uniform,1,32,0,0.2849999964237213,0.2750000059604645,-0.035771142691373825,0.9846059240159388,0.009,272.0,1.0,70656,0,0,1.0,64.0,,,,
sobol,linear,sobol,bipolar,none,raw,,,,xor,2,1024,64,4,30,cosine,uniform,1,32,0,0.26499998569488525,0.27916666865348816,-0.030418306589126587,0.9826840706848519,0.01,272.0,1.0,70656,0,0,1.0,64.0,,,,
signrff_tuned,rff,rff,bipolar,none,raw,"{""bw_grid"": [0.05, 0.1, 0.25, 0.5, 1.0], ""bw_select"": ""val""}",,,xor,2,1024,64,4,30,cosine,uniform,1,32,0,0.3799999952316284,0.4208333492279053,-0.015518379397690296,0.6095707974617838,0.014,276.0,32.0,70656,0,0,,,,,,
fpe_b1,fpe,fpe,bipolar,none,raw,"{""bw_scale"": 0.25, ""phase_bits"": 1}",,,xor,2,1024,64,4,30,cosine,uniform,1,32,0,0.3700000047683716,0.4166666865348816,-0.08104904741048813,-0.0033475040216420595,0.009,272.12,1.0,70656,0,0,,,,,,
learned,learned,learned,bipolar,none,raw,"{""epochs"": 60}",,,xor,2,1024,64,4,30,cosine,uniform,1,32,0,0.26999998092651367,0.2291666716337204,-0.057911861687898636,0.934563444065435,0.083,272.5,1.0,70784,0,0,,,,,,
datainformed_k16,datainformed,datainformed,bipolar,none,raw,"{""K"": 16}",,,xor,2,1024,64,4,30,cosine,uniform,1,32,0,0.2750000059604645,0.26250001788139343,-0.03836801275610924,0.9749142859080384,0.018,272.0,1.0,70656,0,0,,,,,,
gaussian,linear,gaussian,bipolar,none,raw,,,,xor,2,2048,64,4,30,cosine,uniform,1,32,0,0.3050000071525574,0.2291666716337204,-0.033554889261722565,0.9860508600262664,0.007,544.0,1.0,141312,0,0,1.0,64.0,,,,
rademacher,linear,rademacher,bipolar,none,raw,,,,xor,2,2048,64,4,30,cosine,uniform,1,32,0,0.26499998569488525,0.2958333492279053,-0.027099356055259705,0.987130430749999,0.006,544.0,1.0,141312,0,0,1.0,64.0,,,,
very_sparse,linear,very_sparse,bipolar,none,raw,,,,xor,2,2048,64,4,30,cosine,uniform,1,32,0,0.2800000011920929,0.25,-0.025853147730231285,0.9855542324465717,0.006,94.96,1.0,26358,0,0,0.123,64.0,,,,
count_sketch,linear,count_sketch,bipolar,none,raw,,,,xor,2,2048,64,4,30,cosine,uniform,1,32,0,0.22999998927116394,0.27916666865348816,-0.0010029524564743042,0.8150601128371392,0.005,32.25,1.0,10304,0,0,0.0005,64.0,,,,
srht,linear,srht,bipolar,none,raw,,,,xor,2,2048,64,4,30,cosine,uniform,1,32,0,0.2849999964237213,0.28333336114883423,-0.1634688526391983,0.8097210132224968,0.006,544.0,1.0,141312,0,0,1.0,64.0,,,,
orthogonal,linear,orthogonal,bipolar,none,raw,,,,xor,2,2048,64,4,30,cosine,uniform,1,32,0,0.3100000023841858,0.2750000059604645,-0.032056648284196854,0.9917181140380578,0.014,544.0,1.0,141312,0,0,1.0,64.0,,,,
sobol,linear,sobol,bipolar,none,raw,,,,xor,2,2048,64,4,30,cosine,uniform,1,32,0,0.26499998569488525,0.3083333373069763,-0.0216829776763916,0.9911785378581071,0.025,544.0,1.0,141312,0,0,1.0,64.0,,,,
signrff_tuned,rff,rff,bipolar,none,raw,"{""bw_grid"": [0.05, 0.1, 0.25, 0.5, 1.0], ""bw_select"": ""val""}",,,xor,2,2048,64,4,30,cosine,uniform,1,32,0,0.35499998927116394,0.36666667461395264,-0.016059542074799538,0.659174265730478,0.032,552.0,32.0,141312,0,0,,,,,,
fpe_b1,fpe,fpe,bipolar,none,raw,"{""bw_scale"": 0.25, ""phase_bits"": 1}",,,xor,2,2048,64,4,30,cosine,uniform,1,32,0,0.41499999165534973,0.491666704416275,-0.00013879475591238588,-0.001988063572925544,0.008,544.25,1.0,141312,0,0,,,,,,
learned,learned,learned,bipolar,none,raw,"{""epochs"": 60}",,,xor,2,2048,64,4,30,cosine,uniform,1,32,0,0.26499998569488525,0.22500000894069672,-0.06338204443454742,0.9373578066169721,0.069,544.5,1.0,141440,0,0,,,,,,
datainformed_k16,datainformed,datainformed,bipolar,none,raw,"{""K"": 16}",,,xor,2,2048,64,4,30,cosine,uniform,1,32,0,0.2800000011920929,0.2750000059604645,-0.02392958104610443,0.9868825317687158,0.026,544.0,1.0,141312,0,0,,,,,,
gaussian,linear,gaussian,bipolar,none,raw,,,,xor,2,4096,64,4,30,cosine,uniform,1,32,0,0.3149999976158142,0.2958333492279053,-0.01641025021672249,0.9932656441525584,0.008,1088.0,1.0,282624,0,0,1.0,64.0,,,,
rademacher,linear,rademacher,bipolar,none,raw,,,,xor,2,4096,64,4,30,cosine,uniform,1,32,0,0.2800000011920929,0.2458333522081375,-0.022483263164758682,0.9933431234582025,0.007,1088.0,1.0,282624,0,0,1.0,64.0,,,,
very_sparse,linear,very_sparse,bipolar,none,raw,,,,xor,2,4096,64,4,30,cosine,uniform,1,32,0,0.29499998688697815,0.3125000298023224,-0.021350989118218422,0.9923488374676789,0.007,191.18,1.0,53038,0,0,0.1242,64.0,,,,
count_sketch,linear,count_sketch,bipolar,none,raw,,,,xor,2,4096,64,4,30,cosine,uniform,1,32,0,0.23999999463558197,0.26250001788139343,-0.0005522551946341991,0.8150601128371392,0.006,64.25,1.0,20544,0,0,0.0002,64.0,,,,
srht,linear,srht,bipolar,none,raw,,,,xor,2,4096,64,4,30,cosine,uniform,1,32,0,0.22999998927116394,0.2958333492279053,-0.14251159131526947,0.7989983591602172,0.007,1088.0,1.0,282624,0,0,1.0,64.0,,,,
orthogonal,linear,orthogonal,bipolar,none,raw,,,,xor,2,4096,64,4,30,cosine,uniform,1,32,0,0.23999999463558197,0.27916666865348816,-0.0222812220454216,0.9958035346071357,0.026,1088.0,1.0,282624,0,0,1.0,64.0,,,,
sobol,linear,sobol,bipolar,none,raw,,,,xor,2,4096,64,4,30,cosine,uniform,1,32,0,0.26499998569488525,0.2291666716337204,-0.025977782905101776,0.9956533873564328,0.025,1088.0,1.0,282624,0,0,1.0,64.0,,,,
signrff_tuned,rff,rff,bipolar,none,raw,"{""bw_grid"": [0.05, 0.1, 0.25, 0.5, 1.0], ""bw_select"": ""val""}",,,xor,2,4096,64,4,30,cosine,uniform,1,32,0,0.4449999928474426,0.4791666865348816,-0.001255291630513966,0.6875084895121797,0.029,1104.0,32.0,282624,0,0,,,,,,
fpe_b1,fpe,fpe,bipolar,none,raw,"{""bw_scale"": 0.25, ""phase_bits"": 1}",,,xor,2,4096,64,4,30,cosine,uniform,1,32,0,0.5199999809265137,0.5416666865348816,0.0001849138643592596,-0.0007507009169224099,0.015,1088.5,1.0,282624,0,0,,,,,,
learned,learned,learned,bipolar,none,raw,"{""epochs"": 60}",,,xor,2,4096,64,4,30,cosine,uniform,1,32,0,0.28999999165534973,0.21666668355464935,-0.06215648725628853,0.9455678091451064,0.098,1088.5,1.0,282752,0,0,,,,,,
datainformed_k16,datainformed,datainformed,bipolar,none,raw,"{""K"": 16}",,,xor,2,4096,64,4,30,cosine,uniform,1,32,0,0.26999998092651367,0.26250001788139343,-0.02197709120810032,0.9928966389680106,0.071,1088.0,1.0,282624,0,0,,,,,,
gaussian,linear,gaussian,bipolar,none,raw,,,,shift,0,32,64,30,30,cosine,uniform,1,32,0,0.5450000166893005,0.5320000052452087,0.003619868541136384,0.5222828834950771,0.013,11.75,1.0,3040,0,0,1.0,32.0,0.35333332419395447,-0.0710735023021698,0.1886666715145111,0.1393333375453949
rademacher,linear,rademacher,bipolar,none,raw,,,,shift,0,32,64,30,30,cosine,uniform,1,32,0,0.596666693687439,0.5706666707992554,0.020149048417806625,0.428198267524988,0.01,11.75,1.0,3040,0,0,1.0,32.0,0.41200000047683716,-0.059887368232011795,0.24799999594688416,0.1586666703224182
very_sparse,linear,very_sparse,bipolar,none,raw,,,,shift,0,32,64,30,30,cosine,uniform,1,32,0,0.5766666531562805,0.5753333568572998,0.020536966621875763,0.4436551878436898,0.009,4.75,1.0,1248,0,0,0.125,32.0,0.3919999897480011,-0.0617796927690506,0.19733333587646484,0.12866666913032532
count_sketch,linear,count_sketch,bipolar,none,raw,,,,shift,0,32,64,30,30,cosine,uniform,1,32,0,0.5866667032241821,0.5859999656677246,0.029209192842245102,0.4378724343908617,0.009,4.0,1.0,1056,0,0,0.0312,28.0,0.4013333320617676,-0.038098882883787155,0.2626666724681854,0.15799999237060547
srht,linear,srht,bipolar,none,raw,,,,shift,0,32,64,30,30,cosine,uniform,1,32,0,0.5191667079925537,0.5220000147819519,0.003399000968784094,0.4186302138336924,0.009,11.75,1.0,3040,0,0,1.0,26.0,0.4000000059604645,-0.060501474887132645,0.2619999945163727,0.18799999356269836
orthogonal,linear,orthogonal,bipolar,none,raw,,,,shift,0,32,64,30,30,cosine,uniform,1,32,0,0.6533333659172058,0.671999990940094,0.06817565113306046,0.4780661289198609,0.009,11.75,1.0,3040,0,0,1.0,32.0,0.4619999825954437,-0.018726535141468048,0.2446666657924652,0.16333332657814026
sobol,linear,sobol,bipolar,none,raw,,,,shift,0,32,64,30,30,cosine,uniform,1,32,0,0.5024999976158142,0.5086666345596313,-0.016232408583164215,0.4359213507861363,0.011,11.75,1.0,3040,0,0,1.0,32.0,0.3426666557788849,-0.09783855825662613,0.1666666716337204,0.12066666781902313
signrff_tuned,rff,rff,bipolar,none,raw,"{""bw_grid"": [0.05, 0.1, 0.25, 0.5, 1.0], ""bw_select"": ""val""}",,,shift,0,32,64,30,30,cosine,uniform,1,32,0,0.6416667103767395,0.65666663646698,0.020454809069633484,0.3428818041608768,0.033,11.88,32.0,3040,0,0,,,0.4099999964237213,-0.01808542013168335,0.1586666703224182,0.06399999558925629
fpe_b1,fpe,fpe,bipolar,none,raw,"{""bw_scale"": 0.25, ""phase_bits"": 1}",,,shift,0,32,64,30,30,cosine,uniform,1,32,0,0.12916666269302368,0.13199999928474426,-0.17221224308013916,0.01158933658221481,0.031,11.75,1.0,3040,0,0,,,0.04866666719317436,-0.2433665692806244,0.023333333432674408,0.03199999779462814
learned,learned,learned,bipolar,none,raw,"{""epochs"": 60}",,,shift,0,32,64,30,30,cosine,uniform,1,32,0,0.971666693687439,0.972000002861023,0.3557606041431427,0.5023038274496152,0.281,12.25,1.0,3168,0,0,,,0.812666654586792,0.1808897703886032,0.4673333168029785,0.2786666750907898
datainformed_k16,datainformed,datainformed,bipolar,none,raw,"{""K"": 16}",,,shift,0,32,64,30,30,cosine,uniform,1,32,0,0.6033333539962769,0.5579999685287476,0.01591148041188717,0.4451630189618669,0.014,11.75,1.0,3040,0,0,,,0.39399999380111694,-0.0569189190864563,0.2486666589975357,0.17666666209697723
gaussian,linear,gaussian,bipolar,none,raw,,,,shift,0,64,64,30,30,cosine,uniform,1,32,0,0.8358333706855774,0.8506666421890259,0.1177297979593277,0.6125919045919688,0.011,23.5,1.0,6080,0,0,1.0,64.0,0.6133333444595337,0.03552220016717911,0.36266666650772095,0.24133333563804626
rademacher,linear,rademacher,bipolar,none,raw,,,,shift,0,64,64,30,30,cosine,uniform,1,32,0,0.8566666841506958,0.8706666827201843,0.13858242332935333,0.5555455456856903,0.009,23.5,1.0,6080,0,0,1.0,64.0,0.6420000195503235,0.04673723876476288,0.3659999966621399,0.21533332765102386
very_sparse,linear,very_sparse,bipolar,none,raw,,,,shift,0,64,64,30,30,cosine,uniform,1,32,0,0.8475000262260437,0.8546666502952576,0.12469460070133209,0.5823832423268349,0.012,9.5,1.0,2495,0,0,0.1248,64.0,0.6806666851043701,0.0517125129699707,0.3840000033378601,0.23199999332427979
count_sketch,linear,count_sketch,bipolar,none,raw,,,,shift,0,64,64,30,30,cosine,uniform,1,32,0,0.7975000143051147,0.7986666560173035,0.03965200111269951,0.5164849592977114,0.01,7.75,1.0,2048,0,0,0.0156,40.0,0.5926666855812073,0.01144292950630188,0.38199999928474426,0.2626666724681854
srht,linear,srht,bipolar,none,raw,,,,shift,0,64,64,30,30,cosine,uniform,1,32,0,0.7725000381469727,0.7806666493415833,0.09612196683883667,0.491804744665741,0.01,23.5,1.0,6080,0,0,1.0,41.0,0.5573333501815796,0.015524479560554028,0.30266666412353516,0.19066666066646576
orthogonal,linear,orthogonal,bipolar,none,raw,,,,shift,0,64,64,30,30,cosine,uniform,1,32,0,0.9625000357627869,0.9586666822433472,0.20443396270275116,0.670643288785876,0.006,23.5,1.0,6080,0,0,1.0,64.0,0.7873333096504211,0.10188454389572144,0.49799999594688416,0.3580000102519989
sobol,linear,sobol,bipolar,none,raw,,,,shift,0,64,64,30,30,cosine,uniform,1,32,0,0.8400000333786011,0.8193333148956299,0.11060155928134918,0.5767978352633754,0.011,23.5,1.0,6080,0,0,1.0,64.0,0.5873333215713501,0.02251370996236801,0.3240000009536743,0.21266666054725647
signrff_tuned,rff,rff,bipolar,none,raw,"{""bw_grid"": [0.05, 0.1, 0.25, 0.5, 1.0], ""bw_select"": ""val""}",,,shift,0,64,64,30,30,cosine,uniform,1,32,0,0.8875000476837158,0.8813333511352539,0.04948262870311737,0.39052214469900437,0.043,23.75,32.0,6080,0,0,,,0.6573333144187927,0.01911686733365059,0.257999986410141,0.09333333373069763
fpe_b1,fpe,fpe,bipolar,none,raw,"{""bw_scale"": 0.25, ""phase_bits"": 1}",,,shift,0,64,64,30,30,cosine,uniform,1,32,0,0.2408333420753479,0.24266666173934937,-0.05979226529598236,0.011405621072335195,0.031,23.51,1.0,6080,0,0,,,0.08399999886751175,-0.12048569321632385,0.02866666577756405,0.03199999779462814
learned,learned,learned,bipolar,none,raw,"{""epochs"": 60}",,,shift,0,64,64,30,30,cosine,uniform,1,32,0,0.9891666769981384,0.9893333315849304,0.3882156014442444,0.5779351567061667,0.327,24.0,1.0,6208,0,0,,,0.8893333077430725,0.2116890400648117,0.5006666779518127,0.25333333015441895
datainformed_k16,datainformed,datainformed,bipolar,none,raw,"{""K"": 16}",,,shift,0,64,64,30,30,cosine,uniform,1,32,0,0.8641666769981384,0.8713333010673523,0.14446474611759186,0.582716610370718,0.014,23.5,1.0,6080,0,0,,,0.6380000114440918,0.04809003695845604,0.3553333282470703,0.25
gaussian,linear,gaussian,bipolar,none,raw,,,,shift,0,128,64,30,30,cosine,uniform,1,32,0,0.95250004529953,0.9446666836738586,0.1898597776889801,0.7199148365162805,0.007,47.0,1.0,12160,0,0,1.0,64.0,0.7633333206176758,0.08670809119939804,0.4339999854564667,0.23933333158493042
rademacher,linear,rademacher,bipolar,none,raw,,,,shift,0,128,64,30,30,cosine,uniform,1,32,0,0.9550000429153442,0.9473333358764648,0.1976158171892166,0.689283235090421,0.006,47.0,1.0,12160,0,0,1.0,64.0,0.7899999618530273,0.10271584242582321,0.5,0.33933332562446594
very_sparse,linear,very_sparse,bipolar,none,raw,,,,shift,0,128,64,30,30,cosine,uniform,1,32,0,0.9433333277702332,0.9393333196640015,0.19246697425842285,0.6992300566530683,0.006,19.08,1.0,5012,0,0,0.1274,64.0,0.8193333148956299,0.10834456235170364,0.5433333516120911,0.3720000088214874
count_sketch,linear,count_sketch,bipolar,none,raw,,,,shift,0,128,64,30,30,cosine,uniform,1,32,0,0.8925000429153442,0.8939999938011169,0.037502288818359375,0.5984058116404325,0.009,15.25,1.0,4032,0,0,0.0078,52.0,0.7166666388511658,0.016951197758316994,0.4726666510105133,0.29733332991600037
srht,linear,srht,bipolar,none,raw,,,,shift,0,128,64,30,30,cosine,uniform,1,32,0,0.9100000262260437,0.9133332967758179,0.17196457087993622,0.5591597808810048,0.009,47.0,1.0,12160,0,0,1.0,59.0,0.7479999661445618,0.08752903342247009,0.5233333110809326,0.35333332419395447
orthogonal,linear,orthogonal,bipolar,none,raw,,,,shift,0,128,64,30,30,cosine,uniform,1,32,0,0.9891666769981384,0.9819999933242798,0.2327873557806015,0.7823267837804438,0.006,47.0,1.0,12160,0,0,1.0,64.0,0.8686666488647461,0.13030734658241272,0.5893333554267883,0.4399999976158142
sobol,linear,sobol,bipolar,none,raw,,,,shift,0,128,64,30,30,cosine,uniform,1,32,0,0.9541667103767395,0.9519999623298645,0.19697020947933197,0.7151601077939718,0.008,47.0,1.0,12160,0,0,1.0,64.0,0.809333324432373,0.10817375779151917,0.5366666316986084,0.3580000102519989
signrff_tuned,rff,rff,bipolar,none,raw,"{""bw_grid"": [0.05, 0.1, 0.25, 0.5, 1.0], ""bw_select"": ""val""}",,,shift,0,128,64,30,30,cosine,uniform,1,32,0,0.955833375453949,0.9626666307449341,0.07448751479387283,0.4979614633416567,0.03,47.5,32.0,12160,0,0,,,0.7953333258628845,0.04015623778104782,0.46000000834465027,0.18466666340827942
fpe_b1,fpe,fpe,bipolar,none,raw,"{""bw_scale"": 0.25, ""phase_bits"": 1}",,,shift,0,128,64,30,30,cosine,uniform,1,32,0,0.46833333373069763,0.44733333587646484,-0.006061257794499397,0.02284442860476074,0.03,47.02,1.0,12160,0,0,,,0.14133332669734955,-0.05650046840310097,0.04600000008940697,0.030666666105389595
learned,learned,learned,bipolar,none,raw,"{""epochs"": 60}",,,shift,0,128,64,30,30,cosine,uniform,1,32,0,0.9950000047683716,0.9913333058357239,0.4042890667915344,0.6330906957571009,0.337,47.5,1.0,12288,0,0,,,0.9160000085830688,0.23064689338207245,0.5853333473205566,0.3059999942779541
datainformed_k16,datainformed,datainformed,bipolar,none,raw,"{""K"": 16}",,,shift,0,128,64,30,30,cosine,uniform,1,32,0,0.9591667056083679,0.9526666402816772,0.1943475306034088,0.699560374058936,0.012,47.0,1.0,12160,0,0,,,0.7453333139419556,0.08795314282178879,0.44866666197776794,0.2706666588783264
gaussian,linear,gaussian,bipolar,none,raw,,,,shift,0,256,64,30,30,cosine,uniform,1,32,0,0.9808333516120911,0.9746666550636292,0.2254595309495926,0.8196357294635678,0.007,94.0,1.0,24320,0,0,1.0,64.0,0.8653333187103271,0.12633129954338074,0.5773333311080933,0.335999995470047
rademacher,linear,rademacher,bipolar,none,raw,,,,shift,0,256,64,30,30,cosine,uniform,1,32,0,0.9866666793823242,0.9806666374206543,0.2273268848657608,0.8055856423253556,0.006,94.0,1.0,24320,0,0,1.0,64.0,0.8560000061988831,0.12583574652671814,0.559333324432373,0.382666677236557
very_sparse,linear,very_sparse,bipolar,none,raw,,,,shift,0,256,64,30,30,cosine,uniform,1,32,0,0.98416668176651,0.981333315372467,0.2240752875804901,0.8074665604241178,0.006,38.06,1.0,10000,0,0,0.126,64.0,0.8880000114440918,0.13371165096759796,0.6186666488647461,0.41600000858306885
count_sketch,linear,count_sketch,bipolar,none,raw,,,,shift,0,256,64,30,30,cosine,uniform,1,32,0,0.9450000524520874,0.9393333196640015,0.022543685510754585,0.6344995879495287,0.007,30.25,1.0,8000,0,0,0.0039,59.0,0.793999969959259,0.011643348261713982,0.5360000133514404,0.33266666531562805
srht,linear,srht,bipolar,none,raw,,,,shift,0,256,64,30,30,cosine,uniform,1,32,0,0.9191666841506958,0.9259999990463257,0.17134620249271393,0.5991100954641324,0.009,94.0,1.0,24320,0,0,1.0,64.0,0.7333333492279053,0.07765794545412064,0.4466666579246521,0.29999998211860657
orthogonal,linear,orthogonal,bipolar,none,raw,,,,shift,0,256,64,30,30,cosine,uniform,1,32,0,0.9908333420753479,0.9906666278839111,0.24597524106502533,0.8694877816055057,0.006,94.0,1.0,24320,0,0,1.0,64.0,0.9026666283607483,0.1427033543586731,0.5886666774749756,0.3973333239555359
sobol,linear,sobol,bipolar,none,raw,,,,shift,0,256,64,30,30,cosine,uniform,1,32,0,0.987500011920929,0.9806666374206543,0.23671206831932068,0.8390490759317198,0.007,94.0,1.0,24320,0,0,1.0,64.0,0.8933333158493042,0.1423858255147934,0.6420000195503235,0.44466665387153625
signrff_tuned,rff,rff,bipolar,none,raw,"{""bw_grid"": [0.05, 0.1, 0.25, 0.5, 1.0], ""bw_select"": ""val""}",,,shift,0,256,64,30,30,cosine,uniform,1,32,0,0.9825000166893005,0.9800000190734863,0.08675871044397354,0.5949674282333537,0.029,95.0,32.0,24320,0,0,,,0.8320000171661377,0.04760570079088211,0.47200000286102295,0.15533332526683807
fpe_b1,fpe,fpe,bipolar,none,raw,"{""bw_scale"": 0.25, ""phase_bits"": 1}",,,shift,0,256,64,30,30,cosine,uniform,1,32,0,0.7325000166893005,0.7206666469573975,0.03143619745969772,0.02537301424741957,0.029,94.03,1.0,24320,0,0,,,0.2253333330154419,-0.03260466828942299,0.03399999812245369,0.0279999990016222
learned,learned,learned,bipolar,none,raw,"{""epochs"": 60}",,,shift,0,256,64,30,30,cosine,uniform,1,32,0,0.9975000023841858,0.9953333139419556,0.4184929132461548,0.6739255273908373,0.335,94.5,1.0,24448,0,0,,,0.9319999814033508,0.24420836567878723,0.6153333187103271,0.3499999940395355
datainformed_k16,datainformed,datainformed,bipolar,none,raw,"{""K"": 16}",,,shift,0,256,64,30,30,cosine,uniform,1,32,0,0.9858333468437195,0.9866666793823242,0.22676539421081543,0.8010543952066355,0.012,94.0,1.0,24320,0,0,,,0.8833333253860474,0.13028813898563385,0.590666651725769,0.37066665291786194
gaussian,linear,gaussian,bipolar,none,raw,,,,shift,0,512,64,30,30,cosine,uniform,1,32,0,0.9925000071525574,0.9853333234786987,0.24195100367069244,0.8920772133483712,0.006,188.0,1.0,48640,0,0,1.0,64.0,0.8953333497047424,0.13997745513916016,0.6299999952316284,0.4259999990463257
rademacher,linear,rademacher,bipolar,none,raw,,,,shift,0,512,64,30,30,cosine,uniform,1,32,0,0.9916666746139526,0.9919999837875366,0.24595722556114197,0.8868654691116651,0.006,188.0,1.0,48640,0,0,1.0,64.0,0.9006666541099548,0.14304642379283905,0.5979999899864197,0.390666663646698
very_sparse,linear,very_sparse,bipolar,none,raw,,,,shift,0,512,64,30,30,cosine,uniform,1,32,0,0.9883333444595337,0.9906666278839111,0.24309897422790527,0.8845354983139959,0.006,76.0,1.0,19969,0,0,0.125,64.0,0.8946666717529297,0.1367070972919464,0.6060000061988831,0.42133334279060364
count_sketch,linear,count_sketch,bipolar,none,raw,,,,shift,0,512,64,30,30,cosine,uniform,1,32,0,0.95250004529953,0.9559999704360962,0.012388288043439388,0.6623232322319833,0.007,60.25,1.0,15936,0,0,0.002,64.0,0.8146666288375854,0.006734864320605993,0.5680000185966492,0.3739999830722809
srht,linear,srht,bipolar,none,raw,,,,shift,0,512,64,30,30,cosine,uniform,1,32,0,0.9358333349227905,0.9266666769981384,0.18141452968120575,0.6290538262853547,0.008,188.0,1.0,48640,0,0,1.0,64.0,0.753333330154419,0.09157279133796692,0.45399999618530273,0.2939999997615814
orthogonal,linear,orthogonal,bipolar,none,raw,,,,shift,0,512,64,30,30,cosine,uniform,1,32,0,0.9916666746139526,0.9946666359901428,0.25404834747314453,0.9267710900971942,0.007,188.0,1.0,48640,0,0,1.0,64.0,0.9213333129882812,0.15135720372200012,0.6319999694824219,0.4273333251476288
sobol,linear,sobol,bipolar,none,raw,,,,shift,0,512,64,30,30,cosine,uniform,1,32,0,0.9941666722297668,0.9926666617393494,0.2506924569606781,0.9132833702500989,0.008,188.0,1.0,48640,0,0,1.0,64.0,0.9206666350364685,0.15321891009807587,0.6666666865348816,0.4779999852180481
signrff_tuned,rff,rff,bipolar,none,raw,"{""bw_grid"": [0.05, 0.1, 0.25, 0.5, 1.0], ""bw_select"": ""val""}",,,shift,0,512,64,30,30,cosine,uniform,1,32,0,0.9933333396911621,0.9886666536331177,0.09666699171066284,0.676088568351011,0.03,190.0,32.0,48640,0,0,,,0.903333306312561,0.05830112472176552,0.5699999928474426,0.22466666996479034
fpe_b1,fpe,fpe,bipolar,none,raw,"{""bw_scale"": 0.25, ""phase_bits"": 1}",,,shift,0,512,64,30,30,cosine,uniform,1,32,0,0.9041666984558105,0.8866666555404663,0.054833415895700455,0.029703937302968053,0.027,188.06,1.0,48640,0,0,,,0.44866666197776794,-0.004616352263838053,0.0546666644513607,0.029333332553505898
learned,learned,learned,bipolar,none,raw,"{""epochs"": 60}",,,shift,0,512,64,30,30,cosine,uniform,1,32,0,0.9983333349227905,0.9973333477973938,0.4226140081882477,0.6966731501597878,0.318,188.5,1.0,48768,0,0,,,0.9340000152587891,0.24094079434871674,0.5973333120346069,0.3486666679382324
datainformed_k16,datainformed,datainformed,bipolar,none,raw,"{""K"": 16}",,,shift,0,512,64,30,30,cosine,uniform,1,32,0,0.9950000047683716,0.9873332977294922,0.2439764440059662,0.885529539007521,0.015,188.0,1.0,48640,0,0,,,0.9200000166893005,0.14870582520961761,0.6926666498184204,0.5006666779518127
gaussian,linear,gaussian,bipolar,none,raw,,,,shift,0,1024,64,30,30,cosine,uniform,1,32,0,0.9950000047683716,0.9926666617393494,0.2523500323295593,0.9389883125250222,0.007,376.0,1.0,97280,0,0,1.0,64.0,0.9146666526794434,0.14865370094776154,0.6553333401679993,0.4726666510105133
rademacher,linear,rademacher,bipolar,none,raw,,,,shift,0,1024,64,30,30,cosine,uniform,1,32,0,0.996666669845581,0.9946666359901428,0.2538761496543884,0.9356041146052905,0.007,376.0,1.0,97280,0,0,1.0,64.0,0.9279999732971191,0.15343013405799866,0.6493332982063293,0.44466665387153625
very_sparse,linear,very_sparse,bipolar,none,raw,,,,shift,0,1024,64,30,30,cosine,uniform,1,32,0,0.9941666722297668,0.9933333396911621,0.2521238923072815,0.9368324292415536,0.007,152.26,1.0,40002,0,0,0.126,64.0,0.9113333225250244,0.1456499546766281,0.6446666717529297,0.4726666510105133
count_sketch,linear,count_sketch,bipolar,none,raw,,,,shift,0,1024,64,30,30,cosine,uniform,1,32,0,0.95250004529953,0.9566666483879089,0.006033497862517834,0.6644336060142477,0.008,120.25,1.0,31808,0,0,0.001,64.0,0.8153333067893982,0.0032795213628560305,0.5673333406448364,0.3739999830722809
srht,linear,srht,bipolar,none,raw,,,,shift,0,1024,64,30,30,cosine,uniform,1,32,0,0.9424999952316284,0.9519999623298645,0.19666218757629395,0.6471619911838938,0.009,376.0,1.0,97280,0,0,1.0,64.0,0.7426666617393494,0.08845389634370804,0.45666664838790894,0.2906666696071625
orthogonal,linear,orthogonal,bipolar,none,raw,,,,shift,0,1024,64,30,30,cosine,uniform,1,32,0,0.996666669845581,0.9953333139419556,0.2580244541168213,0.9614708518618931,0.009,376.0,1.0,97280,0,0,1.0,64.0,0.9353333115577698,0.15584373474121094,0.6466666460037231,0.44200000166893005
sobol,linear,sobol,bipolar,none,raw,,,,shift,0,1024,64,30,30,cosine,uniform,1,32,0,0.9950000047683716,0.9959999918937683,0.25761324167251587,0.9579556070155563,0.009,376.0,1.0,97280,0,0,1.0,64.0,0.934666633605957,0.15724390745162964,0.6726666688919067,0.47333332896232605
signrff_tuned,rff,rff,bipolar,none,raw,"{""bw_grid"": [0.05, 0.1, 0.25, 0.5, 1.0], ""bw_select"": ""val""}",,,shift,0,1024,64,30,30,cosine,uniform,1,32,0,0.9958333373069763,0.9946666359901428,0.13805921375751495,0.656032741500568,0.031,380.0,32.0,97280,0,0,,,0.918666660785675,0.07048854231834412,0.4880000054836273,0.09799999743700027
fpe_b1,fpe,fpe,bipolar,none,raw,"{""bw_scale"": 0.25, ""phase_bits"": 1}",,,shift,0,1024,64,30,30,cosine,uniform,1,32,0,0.9566667079925537,0.9626666307449341,0.06662259995937347,0.04137796599816011,0.028,376.12,1.0,97280,0,0,,,0.6213333010673523,0.010593442246317863,0.0793333351612091,0.025333333760499954
learned,learned,learned,bipolar,none,raw,"{""epochs"": 60}",,,shift,0,1024,64,30,30,cosine,uniform,1,32,0,0.9983333349227905,0.996666669845581,0.4248325824737549,0.7107328237919461,0.336,376.5,1.0,97408,0,0,,,0.9466666579246521,0.2507251501083374,0.6326666474342346,0.35733333230018616
datainformed_k16,datainformed,datainformed,bipolar,none,raw,"{""K"": 16}",,,shift,0,1024,64,30,30,cosine,uniform,1,32,0,0.9941666722297668,0.9946666359901428,0.2516322135925293,0.937530604755979,0.02,376.0,1.0,97280,0,0,,,0.9279999732971191,0.15375378727912903,0.653333306312561,0.4619999825954437
gaussian,linear,gaussian,bipolar,none,raw,,,,shift,0,2048,64,30,30,cosine,uniform,1,32,0,0.9958333373069763,0.9940000176429749,0.25788623094558716,0.9678981833632141,0.01,752.0,1.0,194560,0,0,1.0,64.0,0.9259999990463257,0.1519349217414856,0.6506666541099548,0.47466665506362915
rademacher,linear,rademacher,bipolar,none,raw,,,,shift,0,2048,64,30,30,cosine,uniform,1,32,0,0.996666669845581,0.9953333139419556,0.2579458951950073,0.9665623011792244,0.009,752.0,1.0,194560,0,0,1.0,64.0,0.9419999718666077,0.15752147138118744,0.6666666865348816,0.4779999852180481
very_sparse,linear,very_sparse,bipolar,none,raw,,,,shift,0,2048,64,30,30,cosine,uniform,1,32,0,0.9950000047683716,0.9940000176429749,0.25650522112846375,0.9649275418090294,0.009,305.16,1.0,80170,0,0,0.1273,64.0,0.9313333034515381,0.1546304076910019,0.6746666431427002,0.5093333125114441
count_sketch,linear,count_sketch,bipolar,none,raw,,,,shift,0,2048,64,30,30,cosine,uniform,1,32,0,0.95250004529953,0.9559999704360962,0.002978385193273425,0.6617705827113445,0.011,240.25,1.0,63552,0,0,0.0005,64.0,0.8140000104904175,0.0016188360750675201,0.5680000185966492,0.3739999830722809
srht,linear,srht,bipolar,none,raw,,,,shift,0,2048,64,30,30,cosine,uniform,1,32,0,0.9516667127609253,0.9566666483879089,0.19862420856952667,0.6564083453806709,0.011,752.0,1.0,194560,0,0,1.0,64.0,0.7860000133514404,0.10131048411130905,0.4593333303928375,0.2933333218097687
orthogonal,linear,orthogonal,bipolar,none,raw,,,,shift,0,2048,64,30,30,cosine,uniform,1,32,0,0.9975000023841858,0.9959999918937683,0.2605483829975128,0.9803184671002605,0.018,752.0,1.0,194560,0,0,1.0,64.0,0.9446666836738586,0.15760409832000732,0.6553333401679993,0.47333332896232605
sobol,linear,sobol,bipolar,none,raw,,,,shift,0,2048,64,30,30,cosine,uniform,1,32,0,0.9975000023841858,0.9946666359901428,0.25981900095939636,0.9788904417563504,0.026,752.0,1.0,194560,0,0,1.0,64.0,0.934666633605957,0.1569208949804306,0.6653333306312561,0.4580000042915344
signrff_tuned,rff,rff,bipolar,none,raw,"{""bw_grid"": [0.05, 0.1, 0.25, 0.5, 1.0], ""bw_select"": ""val""}",,,shift,0,2048,64,30,30,cosine,uniform,1,32,0,0.9975000023841858,0.9959999918937683,0.09737372398376465,0.6970112929658225,0.035,760.0,32.0,194560,0,0,,,0.9319999814033508,0.060884006321430206,0.6213333010673523,0.3633333146572113
fpe_b1,fpe,fpe,bipolar,none,raw,"{""bw_scale"": 0.25, ""phase_bits"": 1}",,,shift,0,2048,64,30,30,cosine,uniform,1,32,0,0.9825000166893005,0.9819999933242798,0.07377896457910538,0.047683569988870765,0.031,752.25,1.0,194560,0,0,,,0.7553333044052124,0.02001970075070858,0.11533333361148834,0.03933333232998848
learned,learned,learned,bipolar,none,raw,"{""epochs"": 60}",,,shift,0,2048,64,30,30,cosine,uniform,1,32,0,0.9975000023841858,0.996666669845581,0.4246296286582947,0.7158008842025156,0.308,752.5,1.0,194688,0,0,,,0.9466666579246521,0.2477005124092102,0.6146666407585144,0.3479999899864197
datainformed_k16,datainformed,datainformed,bipolar,none,raw,"{""K"": 16}",,,shift,0,2048,64,30,30,cosine,uniform,1,32,0,0.996666669845581,0.9946666359901428,0.2572617828845978,0.9671468258321156,0.033,752.0,1.0,194560,0,0,,,0.9306666851043701,0.15535268187522888,0.6506666541099548,0.4726666510105133
gaussian,linear,gaussian,bipolar,none,raw,,,,shift,0,4096,64,30,30,cosine,uniform,1,32,0,0.996666669845581,0.9959999918937683,0.260096937417984,0.9832167550986861,0.016,1504.0,1.0,389120,0,0,1.0,64.0,0.9286666512489319,0.15376679599285126,0.6466666460037231,0.4493333399295807
rademacher,linear,rademacher,bipolar,none,raw,,,,shift,0,4096,64,30,30,cosine,uniform,1,32,0,0.9975000023841858,0.9959999918937683,0.26027554273605347,0.9829952981378282,0.016,1504.0,1.0,389120,0,0,1.0,64.0,0.940666675567627,0.15910285711288452,0.6666666865348816,0.4793333411216736
very_sparse,linear,very_sparse,bipolar,none,raw,,,,shift,0,4096,64,30,30,cosine,uniform,1,32,0,0.9958333373069763,0.9953333139419556,0.25843003392219543,0.981434583006688,0.015,609.3,1.0,160077,0,0,0.1263,64.0,0.9333333373069763,0.15437769889831543,0.6613333225250244,0.4793333411216736
count_sketch,linear,count_sketch,bipolar,none,raw,,,,shift,0,4096,64,30,30,cosine,uniform,1,32,0,0.95250004529953,0.9566666483879089,0.0014792003203183413,0.6644336060142477,0.016,480.25,1.0,127040,0,0,0.0002,64.0,0.8166666626930237,0.0008040841203182936,0.5666666626930237,0.3726666569709778
srht,linear,srht,bipolar,none,raw,,,,shift,0,4096,64,30,30,cosine,uniform,1,32,0,0.9575000405311584,0.9440000057220459,0.19914083182811737,0.6603194492505442,0.017,1504.0,1.0,389120,0,0,1.0,64.0,0.7793333530426025,0.10447792708873749,0.5226666331291199,0.36666667461395264
orthogonal,linear,orthogonal,bipolar,none,raw,,,,shift,0,4096,64,30,30,cosine,uniform,1,32,0,0.9975000023841858,0.9959999918937683,0.26165539026260376,0.9900241104750576,0.027,1504.0,1.0,389120,0,0,1.0,64.0,0.9386666417121887,0.1581907719373703,0.659333348274231,0.47733333706855774
sobol,linear,sobol,bipolar,none,raw,,,,shift,0,4096,64,30,30,cosine,uniform,1,32,0,0.9975000023841858,0.9959999918937683,0.2602688670158386,0.9893835741656136,0.037,1504.0,1.0,389120,0,0,1.0,64.0,0.9433333277702332,0.15815062820911407,0.6653333306312561,0.46933332085609436
signrff_tuned,rff,rff,bipolar,none,raw,"{""bw_grid"": [0.05, 0.1, 0.25, 0.5, 1.0], ""bw_select"": ""val""}",,,shift,0,4096,64,30,30,cosine,uniform,1,32,0,0.9983333349227905,0.9959999918937683,0.14013239741325378,0.6897213786702145,0.052,1520.0,32.0,389120,0,0,,,0.9393333196640015,0.07486690580844879,0.6119999885559082,0.17599999904632568
fpe_b1,fpe,fpe,bipolar,none,raw,"{""bw_scale"": 0.25, ""phase_bits"": 1}",,,shift,0,4096,64,30,30,cosine,uniform,1,32,0,0.98416668176651,0.9886666536331177,0.07655137777328491,0.04546359113093857,0.037,1504.5,1.0,389120,0,0,,,0.8320000171661377,0.024287933483719826,0.15066666901111603,0.03866666555404663
learned,learned,learned,bipolar,none,raw,"{""epochs"": 60}",,,shift,0,4096,64,30,30,cosine,uniform,1,32,0,0.9983333349227905,0.996666669845581,0.422369122505188,0.7218628986878775,0.354,1504.5,1.0,389248,0,0,,,0.9459999799728394,0.2473200261592865,0.6200000047683716,0.35999998450279236
datainformed_k16,datainformed,datainformed,bipolar,none,raw,"{""K"": 16}",,,shift,0,4096,64,30,30,cosine,uniform,1,32,0,0.996666669845581,0.9953333139419556,0.26095497608184814,0.9833279501125005,0.079,1504.0,1.0,389120,0,0,,,0.9473333358764648,0.16220007836818695,0.7086666822433472,0.5246666669845581
gaussian,linear,gaussian,bipolar,none,raw,,,,shift,1,32,64,30,30,cosine,uniform,1,32,0,0.6299999952316284,0.6119999885559082,0.033490847796201706,0.5235679313118443,0.013,11.75,1.0,3040,0,0,1.0,32.0,0.4506666660308838,-0.029545532539486885,0.3199999928474426,0.20466665923595428
rademacher,linear,rademacher,bipolar,none,raw,,,,shift,1,32,64,30,30,cosine,uniform,1,32,0,0.6358333230018616,0.637333333492279,0.0427803136408329,0.4426759213083374,0.01,11.75,1.0,3040,0,0,1.0,32.0,0.4233333170413971,-0.042807526886463165,0.20666666328907013,0.12999999523162842
very_sparse,linear,very_sparse,bipolar,none,raw,,,,shift,1,32,64,30,30,cosine,uniform,1,32,0,0.5625,0.5413333177566528,0.0017326425295323133,0.4252865083461687,0.009,4.85,1.0,1273,0,0,0.1372,32.0,0.3306666612625122,-0.08734798431396484,0.1860000044107437,0.12799999117851257
count_sketch,linear,count_sketch,bipolar,none,raw,,,,shift,1,32,64,30,30,cosine,uniform,1,32,0,0.5925000309944153,0.5853333473205566,0.021682435646653175,0.43822781425254914,0.009,4.0,1.0,1056,0,0,0.0312,28.0,0.3866666555404663,-0.0372297577559948,0.23866666853427887,0.13199999928474426
srht,linear,srht,bipolar,none,raw,,,,shift,1,32,64,30,30,cosine,uniform,1,32,0,0.6425000429153442,0.6119999885559082,0.041183747351169586,0.4462823049039003,0.009,11.75,1.0,3040,0,0,1.0,29.0,0.4440000057220459,-0.02745973691344261,0.30799999833106995,0.21133333444595337
orthogonal,linear,orthogonal,bipolar,none,raw,,,,shift,1,32,64,30,30,cosine,uniform,1,32,0,0.7225000262260437,0.7179999947547913,0.08304420113563538,0.47433654781298207,0.009,11.75,1.0,3040,0,0,1.0,32.0,0.4713333249092102,-0.014655323699116707,0.26133331656455994,0.1666666716337204
sobol,linear,sobol,bipolar,none,raw,,,,shift,1,32,64,30,30,cosine,uniform,1,32,0,0.5641666650772095,0.5426666736602783,0.002903619082644582,0.41465723990646236,0.011,11.75,1.0,3040,0,0,1.0,32.0,0.2919999957084656,-0.10861631482839584,0.15199999511241913,0.09866666793823242
signrff_tuned,rff,rff,bipolar,none,raw,"{""bw_grid"": [0.05, 0.1, 0.25, 0.5, 1.0], ""bw_select"": ""val""}",,,shift,1,32,64,30,30,cosine,uniform,1,32,0,0.6683333516120911,0.6639999747276306,0.02225736901164055,0.3312285248086139,0.038,11.88,32.0,3040,0,0,,,0.3779999911785126,-0.022980984300374985,0.1379999965429306,0.05666666477918625
fpe_b1,fpe,fpe,bipolar,none,raw,"{""bw_scale"": 0.25, ""phase_bits"": 1}",,,shift,1,32,64,30,30,cosine,uniform,1,32,0,0.12333333492279053,0.12866666913032532,-0.16718915104866028,0.004673961781798109,0.029,11.75,1.0,3040,0,0,,,0.06266666948795319,-0.21452543139457703,0.04933333396911621,0.04399999976158142
learned,learned,learned,bipolar,none,raw,"{""epochs"": 60}",,,shift,1,32,64,30,30,cosine,uniform,1,32,0,0.9775000214576721,0.9779999852180481,0.3630650043487549,0.5123840577464459,0.304,12.25,1.0,3168,0,0,,,0.8466666340827942,0.20866285264492035,0.5693333148956299,0.33799999952316284
datainformed_k16,datainformed,datainformed,bipolar,none,raw,"{""K"": 16}",,,shift,1,32,64,30,30,cosine,uniform,1,32,0,0.6516667008399963,0.6340000033378601,0.05722885951399803,0.4492424628520525,0.014,11.75,1.0,3040,0,0,,,0.47333332896232605,-0.02414262853562832,0.30399999022483826,0.1966666579246521
gaussian,linear,gaussian,bipolar,none,raw,,,,shift,1,64,64,30,30,cosine,uniform,1,32,0,0.8741666674613953,0.8586666584014893,0.1326155960559845,0.6118984833455416,0.01,23.5,1.0,6080,0,0,1.0,64.0,0.6653333306312561,0.05024467036128044,0.4426666498184204,0.28999999165534973
rademacher,linear,rademacher,bipolar,none,raw,,,,shift,1,64,64,30,30,cosine,uniform,1,32,0,0.862500011920929,0.8659999966621399,0.13235698640346527,0.5690176851651981,0.009,23.5,1.0,6080,0,0,1.0,64.0,0.6380000114440918,0.040619686245918274,0.3853333294391632,0.24666666984558105
very_sparse,linear,very_sparse,bipolar,none,raw,,,,shift,1,64,64,30,30,cosine,uniform,1,32,0,0.8550000190734863,0.840666651725769,0.11993689835071564,0.5549110406284544,0.009,9.72,1.0,2552,0,0,0.1387,64.0,0.6039999723434448,0.0329551100730896,0.335999995470047,0.21400000154972076
count_sketch,linear,count_sketch,bipolar,none,raw,,,,shift,1,64,64,30,30,cosine,uniform,1,32,0,0.815833330154419,0.7893333435058594,0.042310141026973724,0.5407903136991478,0.009,7.75,1.0,2048,0,0,0.0156,42.0,0.5899999737739563,0.011561739258468151,0.36800000071525574,0.21533332765102386
srht,linear,srht,bipolar,none,raw,,,,shift,1,64,64,30,30,cosine,uniform,1,32,0,0.78083336353302,0.7986666560173035,0.10397762060165405,0.4951497448059408,0.009,23.5,1.0,6080,0,0,1.0,43.0,0.5546666383743286,0.01546001061797142,0.3086666762828827,0.18066667020320892
orthogonal,linear,orthogonal,bipolar,none,raw,,,,shift,1,64,64,30,30,cosine,uniform,1,32,0,0.9475000500679016,0.9546666741371155,0.2024773359298706,0.6637028144102076,0.008,23.5,1.0,6080,0,0,1.0,64.0,0.8026666641235352,0.10156720876693726,0.4946666657924652,0.30266666412353516
sobol,linear,sobol,bipolar,none,raw,,,,shift,1,64,64,30,30,cosine,uniform,1,32,0,0.85916668176651,0.8499999642372131,0.11910983920097351,0.5571068935708227,0.012,23.5,1.0,6080,0,0,1.0,64.0,0.6060000061988831,0.02841881848871708,0.3453333377838135,0.18533332645893097
signrff_tuned,rff,rff,bipolar,none,raw,"{""bw_grid"": [0.05, 0.1, 0.25, 0.5, 1.0], ""bw_select"": ""val""}",,,shift,1,64,64,30,30,cosine,uniform,1,32,0,0.9041666984558105,0.8793333172798157,0.050815023481845856,0.3947707827736569,0.032,23.75,32.0,6080,0,0,,,0.6206666827201843,0.01561326626688242,0.2926666736602783,0.1146666631102562
fpe_b1,fpe,fpe,bipolar,none,raw,"{""bw_scale"": 0.25, ""phase_bits"": 1}",,,shift,1,64,64,30,30,cosine,uniform,1,32,0,0.24833333492279053,0.24266666173934937,-0.06738919019699097,0.009614891705500533,0.031,23.51,1.0,6080,0,0,,,0.0833333358168602,-0.12016811966896057,0.03399999812245369,0.03866666555404663
learned,learned,learned,bipolar,none,raw,"{""epochs"": 60}",,,shift,1,64,64,30,30,cosine,uniform,1,32,0,0.9908333420753479,0.9919999837875366,0.3919728696346283,0.5871142988494412,0.308,24.0,1.0,6208,0,0,,,0.8953333497047424,0.22864961624145508,0.5706666707992554,0.27799999713897705
datainformed_k16,datainformed,datainformed,bipolar,none,raw,"{""K"": 16}",,,shift,1,64,64,30,30,cosine,uniform,1,32,0,0.8683333396911621,0.8726666569709778,0.14062762260437012,0.5663271325044217,0.014,23.5,1.0,6080,0,0,,,0.6539999842643738,0.04854961112141609,0.42399999499320984,0.2993333339691162
gaussian,linear,gaussian,bipolar,none,raw,,,,shift,1,128,64,30,30,cosine,uniform,1,32,0,0.9516667127609253,0.9440000057220459,0.18636758625507355,0.712857997940081,0.007,47.0,1.0,12160,0,0,1.0,64.0,0.8206666707992554,0.09978178143501282,0.5960000157356262,0.3686666488647461
rademacher,linear,rademacher,bipolar,none,raw,,,,shift,1,128,64,30,30,cosine,uniform,1,32,0,0.9608333706855774,0.9539999961853027,0.20392175018787384,0.6953864495874187,0.006,47.0,1.0,12160,0,0,1.0,64.0,0.7839999794960022,0.10117641091346741,0.5366666316986084,0.34200000762939453
very_sparse,linear,very_sparse,bipolar,none,raw,,,,shift,1,128,64,30,30,cosine,uniform,1,32,0,0.9550000429153442,0.9553333520889282,0.1973106861114502,0.6932388475110935,0.006,19.2,1.0,5043,0,0,0.1312,64.0,0.7839999794960022,0.09522902220487595,0.47599998116493225,0.27000001072883606
count_sketch,linear,count_sketch,bipolar,none,raw,,,,shift,1,128,64,30,30,cosine,uniform,1,32,0,0.9066666960716248,0.8973333239555359,0.035467445850372314,0.5965444783560983,0.009,15.25,1.0,4032,0,0,0.0078,52.0,0.7126666307449341,0.01396401971578598,0.3919999897480011,0.23199999332427979
srht,linear,srht,bipolar,none,raw,,,,shift,1,128,64,30,30,cosine,uniform,1,32,0,0.9200000166893005,0.9020000100135803,0.16870653629302979,0.581500932576851,0.009,47.0,1.0,12160,0,0,1.0,59.0,0.7053333520889282,0.068743497133255,0.4046666622161865,0.20399999618530273
orthogonal,linear,orthogonal,bipolar,none,raw,,,,shift,1,128,64,30,30,cosine,uniform,1,32,0,0.98416668176651,0.9826666712760925,0.23362210392951965,0.7783384418642779,0.006,47.0,1.0,12160,0,0,1.0,64.0,0.8779999613761902,0.12680456042289734,0.5353333353996277,0.2473333328962326
sobol,linear,sobol,bipolar,none,raw,,,,shift,1,128,64,30,30,cosine,uniform,1,32,0,0.9608333706855774,0.9639999866485596,0.20700030028820038,0.7093529587555113,0.008,47.0,1.0,12160,0,0,1.0,64.0,0.768666684627533,0.08595434576272964,0.335999995470047,0.12600000202655792
signrff_tuned,rff,rff,bipolar,none,raw,"{""bw_grid"": [0.05, 0.1, 0.25, 0.5, 1.0], ""bw_select"": ""val""}",,,shift,1,128,64,30,30,cosine,uniform,1,32,0,0.9725000262260437,0.9666666388511658,0.0852830708026886,0.5225205928169878,0.028,47.5,32.0,12160,0,0,,,0.7580000162124634,0.03923102095723152,0.3580000102519989,0.10799999535083771
fpe_b1,fpe,fpe,bipolar,none,raw,"{""bw_scale"": 0.25, ""phase_bits"": 1}",,,shift,1,128,64,30,30,cosine,uniform,1,32,0,0.45000001788139343,0.46133333444595337,-0.005681207403540611,0.01613878651314457,0.03,47.02,1.0,12160,0,0,,,0.13866665959358215,-0.05193236097693443,0.047333333641290665,0.036666665226221085
learned,learned,learned,bipolar,none,raw,"{""epochs"": 60}",,,shift,1,128,64,30,30,cosine,uniform,1,32,0,0.996666669845581,0.9940000176429749,0.4085038900375366,0.6500289071705546,0.34,47.5,1.0,12288,0,0,,,0.9259999990463257,0.24456708133220673,0.637333333492279,0.32600000500679016
datainformed_k16,datainformed,datainformed,bipolar,none,raw,"{""K"": 16}",,,shift,1,128,64,30,30,cosine,uniform,1,32,0,0.96833336353302,0.9566666483879089,0.2012777328491211,0.6889456399726664,0.012,47.0,1.0,12160,0,0,,,0.7960000038146973,0.09739608317613602,0.5199999809265137,0.3253333270549774
gaussian,linear,gaussian,bipolar,none,raw,,,,shift,1,256,64,30,30,cosine,uniform,1,32,0,0.9850000143051147,0.9753333330154419,0.22000658512115479,0.8106204610052659,0.006,94.0,1.0,24320,0,0,1.0,64.0,0.887333333492279,0.12703071534633636,0.6206666827201843,0.3493333160877228
rademacher,linear,rademacher,bipolar,none,raw,,,,shift,1,256,64,30,30,cosine,uniform,1,32,0,0.9808333516120911,0.9800000190734863,0.23017576336860657,0.8031446537882386,0.006,94.0,1.0,24320,0,0,1.0,64.0,0.8399999737739563,0.11933992058038712,0.5226666331291199,0.26133331656455994
very_sparse,linear,very_sparse,bipolar,none,raw,,,,shift,1,256,64,30,30,cosine,uniform,1,32,0,0.9800000190734863,0.9826666712760925,0.22542569041252136,0.8071747549318093,0.006,38.22,1.0,10040,0,0,0.1284,64.0,0.8639999628067017,0.11936181783676147,0.5699999928474426,0.3166666626930237
count_sketch,linear,count_sketch,bipolar,none,raw,,,,shift,1,256,64,30,30,cosine,uniform,1,32,0,0.9416666626930237,0.9333333373069763,0.021137623116374016,0.6294239791240165,0.007,30.25,1.0,8000,0,0,0.0039,58.0,0.7593333125114441,0.009501435793936253,0.4413333237171173,0.27399998903274536
srht,linear,srht,bipolar,none,raw,,,,shift,1,256,64,30,30,cosine,uniform,1,32,0,0.9375,0.9366666674613953,0.1846805363893509,0.6096209705076541,0.007,94.0,1.0,24320,0,0,1.0,64.0,0.765333354473114,0.0896279364824295,0.4946666657924652,0.30533331632614136
orthogonal,linear,orthogonal,bipolar,none,raw,,,,shift,1,256,64,30,30,cosine,uniform,1,32,0,0.9925000071525574,0.9866666793823242,0.24600163102149963,0.8658664867852575,0.007,94.0,1.0,24320,0,0,1.0,64.0,0.921999990940094,0.1401316523551941,0.590666651725769,0.29133331775665283
sobol,linear,sobol,bipolar,none,raw,,,,shift,1,256,64,30,30,cosine,uniform,1,32,0,0.987500011920929,0.9879999756813049,0.2383340448141098,0.8359610398617624,0.008,94.0,1.0,24320,0,0,1.0,64.0,0.8493333458900452,0.11294329911470413,0.40066665410995483,0.1653333306312561
signrff_tuned,rff,rff,bipolar,none,raw,"{""bw_grid"": [0.05, 0.1, 0.25, 0.5, 1.0], ""bw_select"": ""val""}",,,shift,1,256,64,30,30,cosine,uniform,1,32,0,0.9850000143051147,0.9806666374206543,0.09453260898590088,0.620803895638114,0.028,95.0,32.0,24320,0,0,,,0.7833333015441895,0.03766584396362305,0.32999998331069946,0.10333333164453506
fpe_b1,fpe,fpe,bipolar,none,raw,"{""bw_scale"": 0.25, ""phase_bits"": 1}",,,shift,1,256,64,30,30,cosine,uniform,1,32,0,0.7125000357627869,0.70333331823349,0.027652882039546967,0.021568695764093388,0.027,94.03,1.0,24320,0,0,,,0.2446666657924652,-0.028241924941539764,0.057999998331069946,0.03733333200216293
learned,learned,learned,bipolar,none,raw,"{""epochs"": 60}",,,shift,1,256,64,30,30,cosine,uniform,1,32,0,0.9991666674613953,0.996666669845581,0.42484593391418457,0.6877219482628344,0.338,94.5,1.0,24448,0,0,,,0.9226666688919067,0.23927147686481476,0.5766666531562805,0.24400000274181366
datainformed_k16,datainformed,datainformed,bipolar,none,raw,"{""K"": 16}",,,shift,1,256,64,30,30,cosine,uniform,1,32,0,0.9883333444595337,0.9800000190734863,0.22398750483989716,0.8068249056755504,0.013,94.0,1.0,24320,0,0,,,0.8773333430290222,0.12538696825504303,0.5846666693687439,0.3086666762828827
gaussian,linear,gaussian,bipolar,none,raw,,,,shift,1,512,64,30,30,cosine,uniform,1,32,0,0.9908333420753479,0.9860000014305115,0.24046951532363892,0.8864091350609324,0.006,188.0,1.0,48640,0,0,1.0,64.0,0.9213333129882812,0.14473389089107513,0.6713333129882812,0.37066665291786194
rademacher,linear,rademacher,bipolar,none,raw,,,,shift,1,512,64,30,30,cosine,uniform,1,32,0,0.9941666722297668,0.9893333315849304,0.24460262060165405,0.8852217762910883,0.006,188.0,1.0,48640,0,0,1.0,64.0,0.906000018119812,0.13800379633903503,0.5899999737739563,0.30266666412353516
very_sparse,linear,very_sparse,bipolar,none,raw,,,,shift,1,512,64,30,30,cosine,uniform,1,32,0,0.9925000071525574,0.9879999756813049,0.24372999370098114,0.8877840515342839,0.006,76.36,1.0,20060,0,0,0.1278,64.0,0.9113333225250244,0.1395806223154068,0.6340000033378601,0.36666667461395264
count_sketch,linear,count_sketch,bipolar,none,raw,,,,shift,1,512,64,30,30,cosine,uniform,1,32,0,0.9550000429153442,0.9446666836738586,0.011089912615716457,0.6428823599052831,0.008,60.25,1.0,15936,0,0,0.002,60.0,0.7773333191871643,0.005378759931772947,0.47733333706855774,0.28333333134651184
srht,linear,srht,bipolar,none,raw,,,,shift,1,512,64,30,30,cosine,uniform,1,32,0,0.9458333849906921,0.9453333020210266,0.19914191961288452,0.6298219804074099,0.008,188.0,1.0,48640,0,0,1.0,64.0,0.8140000104904175,0.10536046326160431,0.527999997138977,0.30933332443237305
orthogonal,linear,orthogonal,bipolar,none,raw,,,,shift,1,512,64,30,30,cosine,uniform,1,32,0,0.9975000023841858,0.9913333058357239,0.25448253750801086,0.9254467620082856,0.007,188.0,1.0,48640,0,0,1.0,64.0,0.9413332939147949,0.14955072104930878,0.6726666688919067,0.37533333897590637
sobol,linear,sobol,bipolar,none,raw,,,,shift,1,512,64,30,30,cosine,uniform,1,32,0,0.9975000023841858,0.996666669845581,0.2537592053413391,0.9181927187983295,0.008,188.0,1.0,48640,0,0,1.0,64.0,0.918666660785675,0.1427900195121765,0.6006666421890259,0.25866666436195374
signrff_tuned,rff,rff,bipolar,none,raw,"{""bw_grid"": [0.05, 0.1, 0.25, 0.5, 1.0], ""bw_select"": ""val""}",,,shift,1,512,64,30,30,cosine,uniform,1,32,0,0.9950000047683716,0.9933333396911621,0.12845465540885925,0.5904396392343301,0.026,190.0,32.0,48640,0,0,,,0.8526666760444641,0.05413910374045372,0.3739999830722809,0.08933333307504654
fpe_b1,fpe,fpe,bipolar,none,raw,"{""bw_scale"": 0.25, ""phase_bits"": 1}",,,shift,1,512,64,30,30,cosine,uniform,1,32,0,0.9041666984558105,0.8986666798591614,0.05372031778097153,0.027058004478557232,0.026,188.06,1.0,48640,0,0,,,0.4266666769981384,-0.004671786446124315,0.06066666543483734,0.03133333474397659
learned,learned,learned,bipolar,none,raw,"{""epochs"": 60}",,,shift,1,512,64,30,30,cosine,uniform,1,32,0,1.0,0.9979999661445618,0.427166223526001,0.7064501245290674,0.343,188.5,1.0,48768,0,0,,,0.9359999895095825,0.24655380845069885,0.5973333120346069,0.26466667652130127
datainformed_k16,datainformed,datainformed,bipolar,none,raw,"{""K"": 16}",,,shift,1,512,64,30,30,cosine,uniform,1,32,0,0.9925000071525574,0.9873332977294922,0.24337418377399445,0.8870428764957182,0.014,188.0,1.0,48640,0,0,,,0.8933333158493042,0.1320347636938095,0.5519999861717224,0.27666667103767395
gaussian,linear,gaussian,bipolar,none,raw,,,,shift,1,1024,64,30,30,cosine,uniform,1,32,0,1.0,0.9926666617393494,0.25013864040374756,0.9356412907035259,0.007,376.0,1.0,97280,0,0,1.0,64.0,0.9273332953453064,0.1465594619512558,0.6426666378974915,0.3100000023841858
rademacher,linear,rademacher,bipolar,none,raw,,,,shift,1,1024,64,30,30,cosine,uniform,1,32,0,0.9975000023841858,0.9900000095367432,0.25113439559936523,0.9376317030401217,0.007,376.0,1.0,97280,0,0,1.0,64.0,0.9253333210945129,0.1480853110551834,0.6266666650772095,0.28200000524520874
very_sparse,linear,very_sparse,bipolar,none,raw,,,,shift,1,1024,64,30,30,cosine,uniform,1,32,0,0.996666669845581,0.9913333058357239,0.2521273195743561,0.9358616377010147,0.007,152.43,1.0,40047,0,0,0.1267,64.0,0.9046666622161865,0.13716141879558563,0.578000009059906,0.27799999713897705
count_sketch,linear,count_sketch,bipolar,none,raw,,,,shift,1,1024,64,30,30,cosine,uniform,1,32,0,0.9600000381469727,0.9413332939147949,0.005534617230296135,0.6469270429288454,0.008,120.25,1.0,31808,0,0,0.001,61.0,0.7906666398048401,0.0027200491167604923,0.4793333411216736,0.2826666533946991
srht,linear,srht,bipolar,none,raw,,,,shift,1,1024,64,30,30,cosine,uniform,1,32,0,0.9466667175292969,0.95333331823349,0.19646073877811432,0.6482739782115264,0.01,376.0,1.0,97280,0,0,1.0,64.0,0.7773333191871643,0.09886487573385239,0.5286666750907898,0.33666667342185974
orthogonal,linear,orthogonal,bipolar,none,raw,,,,shift,1,1024,64,30,30,cosine,uniform,1,32,0,0.9991666674613953,0.9946666359901428,0.2571920156478882,0.9603912385909575,0.009,376.0,1.0,97280,0,0,1.0,64.0,0.9426666498184204,0.15182596445083618,0.6660000085830688,0.31599998474121094
sobol,linear,sobol,bipolar,none,raw,,,,shift,1,1024,64,30,30,cosine,uniform,1,32,0,0.9975000023841858,0.9973333477973938,0.2574752867221832,0.9575346454399841,0.009,376.0,1.0,97280,0,0,1.0,64.0,0.940666675567627,0.1522957980632782,0.6673333048820496,0.32733333110809326
signrff_tuned,rff,rff,bipolar,none,raw,"{""bw_grid"": [0.05, 0.1, 0.25, 0.5, 1.0], ""bw_select"": ""val""}",,,shift,1,1024,64,30,30,cosine,uniform,1,32,0,0.9983333349227905,0.9926666617393494,0.13519887626171112,0.6495470274553127,0.029,380.0,32.0,97280,0,0,,,0.8913333415985107,0.06106029078364372,0.4740000069141388,0.12466666847467422
fpe_b1,fpe,fpe,bipolar,none,raw,"{""bw_scale"": 0.25, ""phase_bits"": 1}",,,shift,1,1024,64,30,30,cosine,uniform,1,32,0,0.9625000357627869,0.9519999623298645,0.06675177812576294,0.028165184759253423,0.026,376.12,1.0,97280,0,0,,,0.6153333187103271,0.009536724537611008,0.09200000017881393,0.04066666588187218
learned,learned,learned,bipolar,none,raw,"{""epochs"": 60}",,,shift,1,1024,64,30,30,cosine,uniform,1,32,0,1.0,0.9973333477973938,0.4280475974082947,0.7196834409029632,0.339,376.5,1.0,97408,0,0,,,0.9413332939147949,0.25050824880599976,0.6226666569709778,0.281333327293396
datainformed_k16,datainformed,datainformed,bipolar,none,raw,"{""K"": 16}",,,shift,1,1024,64,30,30,cosine,uniform,1,32,0,0.9958333373069763,0.9940000176429749,0.25204211473464966,0.9370566646278355,0.02,376.0,1.0,97280,0,0,,,0.9239999651908875,0.14898742735385895,0.6446666717529297,0.3173333406448364
gaussian,linear,gaussian,bipolar,none,raw,,,,shift,1,2048,64,30,30,cosine,uniform,1,32,0,1.0,0.9953333139419556,0.2556321918964386,0.9667889058706503,0.009,752.0,1.0,194560,0,0,1.0,64.0,0.9333333373069763,0.15003307163715363,0.6513333320617676,0.30266666412353516
rademacher,linear,rademacher,bipolar,none,raw,,,,shift,1,2048,64,30,30,cosine,uniform,1,32,0,0.9975000023841858,0.9946666359901428,0.2553027868270874,0.9665892804381613,0.009,752.0,1.0,194560,0,0,1.0,64.0,0.934666633605957,0.1477860063314438,0.6299999952316284,0.2866666615009308
very_sparse,linear,very_sparse,bipolar,none,raw,,,,shift,1,2048,64,30,30,cosine,uniform,1,32,0,0.9975000023841858,0.9926666617393494,0.2559327185153961,0.9656646580626808,0.009,304.43,1.0,79983,0,0,0.1258,64.0,0.9246666431427002,0.14635436236858368,0.6213333010673523,0.30533331632614136
count_sketch,linear,count_sketch,bipolar,none,raw,,,,shift,1,2048,64,30,30,cosine,uniform,1,32,0,0.9616667032241821,0.9480000138282776,0.0028587551787495613,0.6524861251990582,0.01,240.25,1.0,63552,0,0,0.0005,62.0,0.7960000038146973,0.001431264914572239,0.4806666672229767,0.29133331775665283
srht,linear,srht,bipolar,none,raw,,,,shift,1,2048,64,30,30,cosine,uniform,1,32,0,0.9466667175292969,0.9593333005905151,0.19719278812408447,0.654371473243519,0.011,752.0,1.0,194560,0,0,1.0,64.0,0.7786666750907898,0.09477636963129044,0.46799999475479126,0.25733333826065063
orthogonal,linear,orthogonal,bipolar,none,raw,,,,shift,1,2048,64,30,30,cosine,uniform,1,32,0,0.9991666674613953,0.9940000176429749,0.2588230073451996,0.9796739218284962,0.017,752.0,1.0,194560,0,0,1.0,64.0,0.940666675567627,0.15400397777557373,0.6726666688919067,0.3453333377838135
sobol,linear,sobol,bipolar,none,raw,,,,shift,1,2048,64,30,30,cosine,uniform,1,32,0,0.9991666674613953,0.9979999661445618,0.2589271068572998,0.9781464323591351,0.027,752.0,1.0,194560,0,0,1.0,64.0,0.9393333196640015,0.1545112431049347,0.6700000166893005,0.31466665863990784
signrff_tuned,rff,rff,bipolar,none,raw,"{""bw_grid"": [0.05, 0.1, 0.25, 0.5, 1.0], ""bw_select"": ""val""}",,,shift,1,2048,64,30,30,cosine,uniform,1,32,0,0.9991666674613953,0.9946666359901428,0.14429756999015808,0.6989812658175756,0.048,760.0,32.0,194560,0,0,,,0.9233333468437195,0.06626475602388382,0.4946666657924652,0.09066666662693024
fpe_b1,fpe,fpe,bipolar,none,raw,"{""bw_scale"": 0.25, ""phase_bits"": 1}",,,shift,1,2048,64,30,30,cosine,uniform,1,32,0,0.9816666841506958,0.9746666550636292,0.07399187237024307,0.032140310445298234,0.034,752.25,1.0,194560,0,0,,,0.7319999933242798,0.01701042242348194,0.10333333164453506,0.03866666555404663
learned,learned,learned,bipolar,none,raw,"{""epochs"": 60}",,,shift,1,2048,64,30,30,cosine,uniform,1,32,0,1.0,0.9993333220481873,0.4281836748123169,0.7267766462770344,0.317,752.5,1.0,194688,0,0,,,0.9386666417121887,0.24809037148952484,0.6053333282470703,0.2680000066757202
datainformed_k16,datainformed,datainformed,bipolar,none,raw,"{""K"": 16}",,,shift,1,2048,64,30,30,cosine,uniform,1,32,0,0.9975000023841858,0.9940000176429749,0.2569029629230499,0.9678169090167549,0.043,752.0,1.0,194560,0,0,,,0.9413332939147949,0.15366320312023163,0.6819999814033508,0.3266666531562805
gaussian,linear,gaussian,bipolar,none,raw,,,,shift,1,4096,64,30,30,cosine,uniform,1,32,0,0.9991666674613953,0.996666669845581,0.2578774392604828,0.9828754963327289,0.017,1504.0,1.0,389120,0,0,1.0,64.0,0.9473333358764648,0.15247175097465515,0.6613333225250244,0.30266666412353516
rademacher,linear,rademacher,bipolar,none,raw,,,,shift,1,4096,64,30,30,cosine,uniform,1,32,0,0.9983333349227905,0.9959999918937683,0.2580358386039734,0.9826778147136952,0.019,1504.0,1.0,389120,0,0,1.0,64.0,0.937333345413208,0.15116572380065918,0.6506666541099548,0.2993333339691162
very_sparse,linear,very_sparse,bipolar,none,raw,,,,shift,1,4096,64,30,30,cosine,uniform,1,32,0,0.9975000023841858,0.9953333139419556,0.25756338238716125,0.9811936104573347,0.016,608.57,1.0,159891,0,0,0.1256,64.0,0.940666675567627,0.15070071816444397,0.6346666812896729,0.2980000078678131
count_sketch,linear,count_sketch,bipolar,none,raw,,,,shift,1,4096,64,30,30,cosine,uniform,1,32,0,0.9641667008399963,0.9519999623298645,0.0014585262397304177,0.6573283561120802,0.016,480.25,1.0,127040,0,0,0.0002,63.0,0.8026666641235352,0.0007218044484034181,0.48399999737739563,0.28866666555404663
srht,linear,srht,bipolar,none,raw,,,,shift,1,4096,64,30,30,cosine,uniform,1,32,0,0.9458333849906921,0.95333331823349,0.20478059351444244,0.6619018012210589,0.021,1504.0,1.0,389120,0,0,1.0,64.0,0.8046666383743286,0.09815023839473724,0.4819999933242798,0.2540000081062317
orthogonal,linear,orthogonal,bipolar,none,raw,,,,shift,1,4096,64,30,30,cosine,uniform,1,32,0,0.9991666674613953,0.9959999918937683,0.2606654763221741,0.9896495241316333,0.026,1504.0,1.0,389120,0,0,1.0,64.0,0.9459999799728394,0.15493223071098328,0.6753333210945129,0.33666667342185974
sobol,linear,sobol,bipolar,none,raw,,,,shift,1,4096,64,30,30,cosine,uniform,1,32,0,0.9991666674613953,0.996666669845581,0.25925764441490173,0.9889263337237966,0.038,1504.0,1.0,389120,0,0,1.0,64.0,0.9440000057220459,0.15581795573234558,0.6813333034515381,0.3373333215713501
signrff_tuned,rff,rff,bipolar,none,raw,"{""bw_grid"": [0.05, 0.1, 0.25, 0.5, 1.0], ""bw_select"": ""val""}",,,shift,1,4096,64,30,30,cosine,uniform,1,32,0,0.9983333349227905,0.996666669845581,0.14933224022388458,0.6197166665200514,0.043,1520.0,32.0,389120,0,0,,,0.8946666717529297,0.0442611388862133,0.19733333587646484,0.041333332657814026
fpe_b1,fpe,fpe,bipolar,none,raw,"{""bw_scale"": 0.25, ""phase_bits"": 1}",,,shift,1,4096,64,30,30,cosine,uniform,1,32,0,0.9916666746139526,0.9833333492279053,0.0774909034371376,0.0336724813171082,0.034,1504.5,1.0,389120,0,0,,,0.831333339214325,0.02283533290028572,0.13199999928474426,0.03199999779462814
learned,learned,learned,bipolar,none,raw,"{""epochs"": 60}",,,shift,1,4096,64,30,30,cosine,uniform,1,32,0,1.0,0.9973333477973938,0.42735740542411804,0.7323176411232912,0.343,1504.5,1.0,389248,0,0,,,0.9466666579246521,0.24972973763942719,0.6153333187103271,0.2633333206176758
datainformed_k16,datainformed,datainformed,bipolar,none,raw,"{""K"": 16}",,,shift,1,4096,64,30,30,cosine,uniform,1,32,0,0.9975000023841858,0.9946666359901428,0.2580004930496216,0.9827209399061916,0.064,1504.0,1.0,389120,0,0,,,0.9493333101272583,0.15723012387752533,0.718666672706604,0.421999990940094
gaussian,linear,gaussian,bipolar,none,raw,,,,shift,2,32,64,30,30,cosine,uniform,1,32,0,0.5800000429153442,0.621999979019165,0.033832911401987076,0.5225919628668614,0.014,11.75,1.0,3040,0,0,1.0,32.0,0.445333331823349,-0.030780278146266937,0.29866665601730347,0.2226666659116745
rademacher,linear,rademacher,bipolar,none,raw,,,,shift,2,32,64,30,30,cosine,uniform,1,32,0,0.5883333683013916,0.5820000171661377,0.01424721535295248,0.4480606548388468,0.009,11.75,1.0,3040,0,0,1.0,32.0,0.35466665029525757,-0.07258257269859314,0.16066665947437286,0.1106666624546051
very_sparse,linear,very_sparse,bipolar,none,raw,,,,shift,2,32,64,30,30,cosine,uniform,1,32,0,0.6299999952316284,0.6106666326522827,0.03536298871040344,0.429922756853338,0.009,4.8,1.0,1262,0,0,0.1318,32.0,0.3479999899864197,-0.067296601831913,0.20733332633972168,0.1340000033378601
count_sketch,linear,count_sketch,bipolar,none,raw,,,,shift,2,32,64,30,30,cosine,uniform,1,32,0,0.5724999904632568,0.5579999685287476,0.01602667011320591,0.461376124648011,0.009,4.0,1.0,1056,0,0,0.0312,29.0,0.41600000858306885,-0.034908123314380646,0.20933333039283752,0.14666666090488434
srht,linear,srht,bipolar,none,raw,,,,shift,2,32,64,30,30,cosine,uniform,1,32,0,0.44333335757255554,0.44066667556762695,-0.046141717582941055,0.3913509979033023,0.009,11.75,1.0,3040,0,0,1.0,25.0,0.335999995470047,-0.10768900066614151,0.21466666460037231,0.14399999380111694
orthogonal,linear,orthogonal,bipolar,none,raw,,,,shift,2,32,64,30,30,cosine,uniform,1,32,0,0.659166693687439,0.668666660785675,0.0578497089445591,0.46655949821725706,0.009,11.75,1.0,3040,0,0,1.0,32.0,0.4373333156108856,-0.03200956806540489,0.2800000011920929,0.18066667020320892
sobol,linear,sobol,bipolar,none,raw,,,,shift,2,32,64,30,30,cosine,uniform,1,32,0,0.5275000333786011,0.5479999780654907,0.000556858372874558,0.4197387826394158,0.01,11.75,1.0,3040,0,0,1.0,32.0,0.414000004529953,-0.05760832503437996,0.2693333327770233,0.1733333319425583
signrff_tuned,rff,rff,bipolar,none,raw,"{""bw_grid"": [0.05, 0.1, 0.25, 0.5, 1.0], ""bw_select"": ""val""}",,,shift,2,32,64,30,30,cosine,uniform,1,32,0,0.6691666841506958,0.6459999680519104,0.018317632377147675,0.35735677727229154,0.029,11.88,32.0,3040,0,0,,,0.3413333296775818,-0.027424443513154984,0.10133333504199982,0.03399999812245369
fpe_b1,fpe,fpe,bipolar,none,raw,"{""bw_scale"": 0.25, ""phase_bits"": 1}",,,shift,2,32,64,30,30,cosine,uniform,1,32,0,0.07999999821186066,0.1093333289027214,-0.20145133137702942,0.009955201444892198,0.027,11.75,1.0,3040,0,0,,,0.04333333298563957,-0.2517281770706177,0.041333332657814026,0.03333333134651184
learned,learned,learned,bipolar,none,raw,"{""epochs"": 60}",,,shift,2,32,64,30,30,cosine,uniform,1,32,0,0.9725000262260437,0.9746666550636292,0.35862869024276733,0.5074406463235397,0.318,12.25,1.0,3168,0,0,,,0.8246666789054871,0.18257486820220947,0.5066666603088379,0.3233333230018616
datainformed_k16,datainformed,datainformed,bipolar,none,raw,"{""K"": 16}",,,shift,2,32,64,30,30,cosine,uniform,1,32,0,0.5800000429153442,0.5486666560173035,0.013506137765944004,0.44004002254543856,0.016,11.75,1.0,3040,0,0,,,0.36800000071525574,-0.07453231513500214,0.1939999908208847,0.13466666638851166
gaussian,linear,gaussian,bipolar,none,raw,,,,shift,2,64,64,30,30,cosine,uniform,1,32,0,0.8608333468437195,0.8673333525657654,0.1379118114709854,0.6088622552750045,0.012,23.5,1.0,6080,0,0,1.0,64.0,0.6840000152587891,0.055234476923942566,0.4479999840259552,0.3226666748523712
rademacher,linear,rademacher,bipolar,none,raw,,,,shift,2,64,64,30,30,cosine,uniform,1,32,0,0.8450000286102295,0.8619999885559082,0.12665687501430511,0.5672455417403429,0.015,23.5,1.0,6080,0,0,1.0,64.0,0.6286666393280029,0.034461893141269684,0.3580000102519989,0.2446666657924652
very_sparse,linear,very_sparse,bipolar,none,raw,,,,shift,2,64,64,30,30,cosine,uniform,1,32,0,0.8700000047683716,0.8733333349227905,0.1365487277507782,0.5758550651156782,0.01,9.48,1.0,2490,0,0,0.1235,64.0,0.6246666312217712,0.03674420714378357,0.35999998450279236,0.2226666659116745
count_sketch,linear,count_sketch,bipolar,none,raw,,,,shift,2,64,64,30,30,cosine,uniform,1,32,0,0.8516666889190674,0.8420000076293945,0.061664335429668427,0.5680395070962497,0.009,7.75,1.0,2048,0,0,0.0156,45.0,0.6486666798591614,0.02290830947458744,0.3646666705608368,0.2280000001192093
srht,linear,srht,bipolar,none,raw,,,,shift,2,64,64,30,30,cosine,uniform,1,32,0,0.8050000071525574,0.8059999942779541,0.1023579090833664,0.48183251731303883,0.009,23.5,1.0,6080,0,0,1.0,41.0,0.550000011920929,0.012599827721714973,0.28333333134651184,0.16599999368190765
orthogonal,linear,orthogonal,bipolar,none,raw,,,,shift,2,64,64,30,30,cosine,uniform,1,32,0,0.9500000476837158,0.9553333520889282,0.19450761377811432,0.6549444819376251,0.01,23.5,1.0,6080,0,0,1.0,64.0,0.8119999766349792,0.10395094752311707,0.5273333191871643,0.3486666679382324
sobol,linear,sobol,bipolar,none,raw,,,,shift,2,64,64,30,30,cosine,uniform,1,32,0,0.8450000286102295,0.8560000061988831,0.12931044399738312,0.5616374478576137,0.011,23.5,1.0,6080,0,0,1.0,64.0,0.5933333039283752,0.02824057824909687,0.30399999022483826,0.15199999511241913
signrff_tuned,rff,rff,bipolar,none,raw,"{""bw_grid"": [0.05, 0.1, 0.25, 0.5, 1.0], ""bw_select"": ""val""}",,,shift,2,64,64,30,30,cosine,uniform,1,32,0,0.9016667008399963,0.9046666622161865,0.050578102469444275,0.42876596410193846,0.028,23.75,32.0,6080,0,0,,,0.6520000100135803,0.018854139372706413,0.3240000009536743,0.11133333295583725
fpe_b1,fpe,fpe,bipolar,none,raw,"{""bw_scale"": 0.25, ""phase_bits"": 1}",,,shift,2,64,64,30,30,cosine,uniform,1,32,0,0.19583334028720856,0.2199999988079071,-0.06848835945129395,0.013782943853974404,0.026,23.51,1.0,6080,0,0,,,0.08799999952316284,-0.12022645771503448,0.04600000008940697,0.04066666588187218
learned,learned,learned,bipolar,none,raw,"{""epochs"": 60}",,,shift,2,64,64,30,30,cosine,uniform,1,32,0,0.9916666746139526,0.9926666617393494,0.38631191849708557,0.589231050622248,0.334,24.0,1.0,6208,0,0,,,0.8806666731834412,0.2183443158864975,0.5859999656677246,0.38466665148735046
datainformed_k16,datainformed,datainformed,bipolar,none,raw,"{""K"": 16}",,,shift,2,64,64,30,30,cosine,uniform,1,32,0,0.8650000095367432,0.8519999980926514,0.13002893328666687,0.5720405951979256,0.014,23.5,1.0,6080,0,0,,,0.7073333263397217,0.06470152735710144,0.5086666345596313,0.35466665029525757
gaussian,linear,gaussian,bipolar,none,raw,,,,shift,2,128,64,30,30,cosine,uniform,1,32,0,0.955833375453949,0.9626666307449341,0.19667606055736542,0.7144532562950657,0.006,47.0,1.0,12160,0,0,1.0,64.0,0.8466666340827942,0.11420424282550812,0.5806666612625122,0.4233333170413971
rademacher,linear,rademacher,bipolar,none,raw,,,,shift,2,128,64,30,30,cosine,uniform,1,32,0,0.9466667175292969,0.9466666579246521,0.1896851807832718,0.6884127476218482,0.006,47.0,1.0,12160,0,0,1.0,64.0,0.7879999876022339,0.09179950505495071,0.5193333029747009,0.3659999966621399
very_sparse,linear,very_sparse,bipolar,none,raw,,,,shift,2,128,64,30,30,cosine,uniform,1,32,0,0.9641667008399963,0.9493333101272583,0.1979590654373169,0.7030184409924929,0.006,18.99,1.0,4989,0,0,0.1246,64.0,0.8100000023841858,0.09907354414463043,0.5139999985694885,0.30666667222976685
count_sketch,linear,count_sketch,bipolar,none,raw,,,,shift,2,128,64,30,30,cosine,uniform,1,32,0,0.9108333587646484,0.9160000085830688,0.039829134941101074,0.6106347798915476,0.009,15.25,1.0,4032,0,0,0.0078,53.0,0.7206666469573975,0.017819304019212723,0.4193333387374878,0.25733333826065063
srht,linear,srht,bipolar,none,raw,,,,shift,2,128,64,30,30,cosine,uniform,1,32,0,0.9025000333786011,0.9126666784286499,0.1511317789554596,0.5596020553043907,0.01,47.0,1.0,12160,0,0,1.0,57.0,0.7266666293144226,0.07086356729269028,0.47999998927116394,0.3266666531562805
orthogonal,linear,orthogonal,bipolar,none,raw,,,,shift,2,128,64,30,30,cosine,uniform,1,32,0,0.9833333492279053,0.9826666712760925,0.22506169974803925,0.7766035850819448,0.006,47.0,1.0,12160,0,0,1.0,64.0,0.9026666283607483,0.13907049596309662,0.6919999718666077,0.4633333384990692
sobol,linear,sobol,bipolar,none,raw,,,,shift,2,128,64,30,30,cosine,uniform,1,32,0,0.9566667079925537,0.965999960899353,0.2067936509847641,0.7128654108614066,0.008,47.0,1.0,12160,0,0,1.0,64.0,0.8193333148956299,0.10812158137559891,0.5579999685287476,0.3466666638851166
signrff_tuned,rff,rff,bipolar,none,raw,"{""bw_grid"": [0.05, 0.1, 0.25, 0.5, 1.0], ""bw_select"": ""val""}",,,shift,2,128,64,30,30,cosine,uniform,1,32,0,0.971666693687439,0.968666672706604,0.07561816275119781,0.529895845242584,0.024,47.5,32.0,12160,0,0,,,0.797333300113678,0.03823813423514366,0.3893333375453949,0.11866666376590729
fpe_b1,fpe,fpe,bipolar,none,raw,"{""bw_scale"": 0.25, ""phase_bits"": 1}",,,shift,2,128,64,30,30,cosine,uniform,1,32,0,0.3958333432674408,0.4593333303928375,-0.006170245353132486,0.018170573499102304,0.027,47.02,1.0,12160,0,0,,,0.1446666717529297,-0.05091380700469017,0.05999999865889549,0.036666665226221085
learned,learned,learned,bipolar,none,raw,"{""epochs"": 60}",,,shift,2,128,64,30,30,cosine,uniform,1,32,0,0.9983333349227905,0.996666669845581,0.4037620425224304,0.6428172106528282,0.314,47.5,1.0,12288,0,0,,,0.8966666460037231,0.22497569024562836,0.5740000009536743,0.3386666774749756
datainformed_k16,datainformed,datainformed,bipolar,none,raw,"{""K"": 16}",,,shift,2,128,64,30,30,cosine,uniform,1,32,0,0.9641667008399963,0.9546666741371155,0.1940372735261917,0.6928583111261257,0.013,47.0,1.0,12160,0,0,,,0.8113332986831665,0.10016869753599167,0.5606666803359985,0.39933332800865173
gaussian,linear,gaussian,bipolar,none,raw,,,,shift,2,256,64,30,30,cosine,uniform,1,32,0,0.9800000190734863,0.9833333492279053,0.2218380868434906,0.8129991400320445,0.006,94.0,1.0,24320,0,0,1.0,64.0,0.9086666703224182,0.13472792506217957,0.6753333210945129,0.47866666316986084
rademacher,linear,rademacher,bipolar,none,raw,,,,shift,2,256,64,30,30,cosine,uniform,1,32,0,0.9725000262260437,0.9833333492279053,0.22149714827537537,0.7949678971848153,0.006,94.0,1.0,24320,0,0,1.0,64.0,0.8560000061988831,0.11103066802024841,0.5406666398048401,0.3473333418369293
very_sparse,linear,very_sparse,bipolar,none,raw,,,,shift,2,256,64,30,30,cosine,uniform,1,32,0,0.9800000190734863,0.9819999933242798,0.22375386953353882,0.803721579810692,0.006,38.0,1.0,9984,0,0,0.125,64.0,0.871999979019165,0.1259368509054184,0.5973333120346069,0.3959999978542328
count_sketch,linear,count_sketch,bipolar,none,raw,,,,shift,2,256,64,30,30,cosine,uniform,1,32,0,0.9316666722297668,0.9546666741371155,0.022909855470061302,0.6419817435812665,0.006,30.25,1.0,8000,0,0,0.0039,59.0,0.7786666750907898,0.0110687967389822,0.49266666173934937,0.3033333420753479
srht,linear,srht,bipolar,none,raw,,,,shift,2,256,64,30,30,cosine,uniform,1,32,0,0.9158333539962769,0.9046666622161865,0.16352082788944244,0.5839008560016296,0.008,94.0,1.0,24320,0,0,1.0,63.0,0.6973333358764648,0.0601830780506134,0.3400000035762787,0.17133332788944244
orthogonal,linear,orthogonal,bipolar,none,raw,,,,shift,2,256,64,30,30,cosine,uniform,1,32,0,0.9916666746139526,0.9900000095367432,0.24212084710597992,0.867042426103026,0.006,94.0,1.0,24320,0,0,1.0,64.0,0.9166666865348816,0.1440076231956482,0.6620000004768372,0.4313333332538605
sobol,linear,sobol,bipolar,none,raw,,,,shift,2,256,64,30,30,cosine,uniform,1,32,0,0.9891666769981384,0.9900000095367432,0.23993249237537384,0.8399380806627896,0.007,94.0,1.0,24320,0,0,1.0,64.0,0.9079999923706055,0.14297688007354736,0.6646666526794434,0.4359999895095825
signrff_tuned,rff,rff,bipolar,none,raw,"{""bw_grid"": [0.05, 0.1, 0.25, 0.5, 1.0], ""bw_select"": ""val""}",,,shift,2,256,64,30,30,cosine,uniform,1,32,0,0.9883333444595337,0.9873332977294922,0.09261079877614975,0.621159642383918,0.026,95.0,32.0,24320,0,0,,,0.8840000033378601,0.056847188621759415,0.5960000157356262,0.3006666600704193
fpe_b1,fpe,fpe,bipolar,none,raw,"{""bw_scale"": 0.25, ""phase_bits"": 1}",,,shift,2,256,64,30,30,cosine,uniform,1,32,0,0.705833375453949,0.7099999785423279,0.028831426054239273,0.022922086683361164,0.026,94.03,1.0,24320,0,0,,,0.2186666578054428,-0.03318026289343834,0.05000000074505806,0.04466666653752327
learned,learned,learned,bipolar,none,raw,"{""epochs"": 60}",,,shift,2,256,64,30,30,cosine,uniform,1,32,0,0.9983333349227905,0.9986666440963745,0.4123677909374237,0.6834933587203899,0.32,94.5,1.0,24448,0,0,,,0.9226666688919067,0.2363225668668747,0.6086666584014893,0.3453333377838135
datainformed_k16,datainformed,datainformed,bipolar,none,raw,"{""K"": 16}",,,shift,2,256,64,30,30,cosine,uniform,1,32,0,0.9858333468437195,0.9839999675750732,0.22552144527435303,0.8041518723348086,0.012,94.0,1.0,24320,0,0,,,0.8959999680519104,0.14042514562606812,0.7020000219345093,0.5066666603088379
gaussian,linear,gaussian,bipolar,none,raw,,,,shift,2,512,64,30,30,cosine,uniform,1,32,0,0.9925000071525574,0.9926666617393494,0.23915429413318634,0.8898776753142876,0.006,188.0,1.0,48640,0,0,1.0,64.0,0.9359999895095825,0.1435457468032837,0.6940000057220459,0.45399999618530273
rademacher,linear,rademacher,bipolar,none,raw,,,,shift,2,512,64,30,30,cosine,uniform,1,32,0,0.9916666746139526,0.9926666617393494,0.23957373201847076,0.8797316661200137,0.006,188.0,1.0,48640,0,0,1.0,64.0,0.9146666526794434,0.1374337077140808,0.6466666460037231,0.46799999475479126
very_sparse,linear,very_sparse,bipolar,none,raw,,,,shift,2,512,64,30,30,cosine,uniform,1,32,0,0.9941666722297668,0.9940000176429749,0.2409829944372177,0.8872795541552595,0.006,75.85,1.0,19930,0,0,0.1238,64.0,0.9246666431427002,0.1481265276670456,0.6966666579246521,0.4606666564941406
count_sketch,linear,count_sketch,bipolar,none,raw,,,,shift,2,512,64,30,30,cosine,uniform,1,32,0,0.9416666626930237,0.9599999785423279,0.011193043552339077,0.6454861719123491,0.006,60.25,1.0,15936,0,0,0.002,60.0,0.7846666574478149,0.005411968100816011,0.4919999837875366,0.31066665053367615
srht,linear,srht,bipolar,none,raw,,,,shift,2,512,64,30,30,cosine,uniform,1,32,0,0.95250004529953,0.937333345413208,0.19239814579486847,0.6292582653147013,0.009,188.0,1.0,48640,0,0,1.0,64.0,0.7753333449363708,0.09223077446222305,0.47999998927116394,0.27666667103767395
orthogonal,linear,orthogonal,bipolar,none,raw,,,,shift,2,512,64,30,30,cosine,uniform,1,32,0,0.9975000023841858,0.9973333477973938,0.253531813621521,0.9270551697523068,0.007,188.0,1.0,48640,0,0,1.0,64.0,0.9333333373069763,0.15174120664596558,0.7139999866485596,0.46266666054725647
sobol,linear,sobol,bipolar,none,raw,,,,shift,2,512,64,30,30,cosine,uniform,1,32,0,0.9941666722297668,0.9933333396911621,0.2518070340156555,0.9144703480235407,0.007,188.0,1.0,48640,0,0,1.0,64.0,0.9366666674613953,0.15284322202205658,0.6919999718666077,0.42533332109451294
signrff_tuned,rff,rff,bipolar,none,raw,"{""bw_grid"": [0.05, 0.1, 0.25, 0.5, 1.0], ""bw_select"": ""val""}",,,shift,2,512,64,30,30,cosine,uniform,1,32,0,0.9933333396911621,0.9926666617393494,0.08649817109107971,0.6135674050740744,0.025,190.0,32.0,48640,0,0,,,0.9319999814033508,0.0579412616789341,0.671999990940094,0.32999998331069946
fpe_b1,fpe,fpe,bipolar,none,raw,"{""bw_scale"": 0.25, ""phase_bits"": 1}",,,shift,2,512,64,30,30,cosine,uniform,1,32,0,0.8950000405311584,0.90666663646698,0.054740164428949356,0.03406256034451621,0.022,188.06,1.0,48640,0,0,,,0.4233333170413971,-0.006461039651185274,0.05000000074505806,0.04800000041723251
learned,learned,learned,bipolar,none,raw,"{""epochs"": 60}",,,shift,2,512,64,30,30,cosine,uniform,1,32,0,0.9991666674613953,0.996666669845581,0.41714709997177124,0.7060830461318326,0.343,188.5,1.0,48768,0,0,,,0.9246666431427002,0.24694828689098358,0.6353332996368408,0.38466665148735046
datainformed_k16,datainformed,datainformed,bipolar,none,raw,"{""K"": 16}",,,shift,2,512,64,30,30,cosine,uniform,1,32,0,0.9941666722297668,0.9953333139419556,0.24289041757583618,0.8829777090806167,0.014,188.0,1.0,48640,0,0,,,0.9073333144187927,0.1379636973142624,0.5579999685287476,0.2680000066757202
gaussian,linear,gaussian,bipolar,none,raw,,,,shift,2,1024,64,30,30,cosine,uniform,1,32,0,0.996666669845581,0.9953333139419556,0.24954192340373993,0.9378104023303181,0.007,376.0,1.0,97280,0,0,1.0,64.0,0.9359999895095825,0.14769744873046875,0.6866666674613953,0.4126666486263275
rademacher,linear,rademacher,bipolar,none,raw,,,,shift,2,1024,64,30,30,cosine,uniform,1,32,0,0.996666669845581,0.9959999918937683,0.24849016964435577,0.9357352135382265,0.007,376.0,1.0,97280,0,0,1.0,64.0,0.9333333373069763,0.14532209932804108,0.6700000166893005,0.46399998664855957
very_sparse,linear,very_sparse,bipolar,none,raw,,,,shift,2,1024,64,30,30,cosine,uniform,1,32,0,0.9950000047683716,0.9979999661445618,0.25137972831726074,0.9366292067765529,0.007,151.58,1.0,39829,0,0,0.1234,64.0,0.934666633605957,0.15101295709609985,0.6733333468437195,0.4033333361148834
count_sketch,linear,count_sketch,bipolar,none,raw,,,,shift,2,1024,64,30,30,cosine,uniform,1,32,0,0.9575000405311584,0.9646666646003723,0.005955503322184086,0.6630107908965415,0.008,120.25,1.0,31808,0,0,0.001,63.0,0.7913333177566528,0.00290139252319932,0.4973333179950714,0.31599998474121094
srht,linear,srht,bipolar,none,raw,,,,shift,2,1024,64,30,30,cosine,uniform,1,32,0,0.940833330154419,0.9493333101272583,0.2010776400566101,0.6575553878495934,0.009,376.0,1.0,97280,0,0,1.0,64.0,0.7919999957084656,0.09696172177791595,0.5053333044052124,0.3293333351612091
orthogonal,linear,orthogonal,bipolar,none,raw,,,,shift,2,1024,64,30,30,cosine,uniform,1,32,0,0.9975000023841858,0.9959999918937683,0.25500914454460144,0.9614563305578157,0.009,376.0,1.0,97280,0,0,1.0,64.0,0.9419999718666077,0.1557314395904541,0.7239999771118164,0.46133333444595337
sobol,linear,sobol,bipolar,none,raw,,,,shift,2,1024,64,30,30,cosine,uniform,1,32,0,0.9975000023841858,0.996666669845581,0.25460049510002136,0.9567510247404918,0.009,376.0,1.0,97280,0,0,1.0,64.0,0.9493333101272583,0.15548835694789886,0.7073333263397217,0.42533332109451294
signrff_tuned,rff,rff,bipolar,none,raw,"{""bw_grid"": [0.05, 0.1, 0.25, 0.5, 1.0], ""bw_select"": ""val""}",,,shift,2,1024,64,30,30,cosine,uniform,1,32,0,0.9950000047683716,0.996666669845581,0.09204123914241791,0.64341082849769,0.026,380.0,32.0,97280,0,0,,,0.9353333115577698,0.059765785932540894,0.6779999732971191,0.3766666650772095
fpe_b1,fpe,fpe,bipolar,none,raw,"{""bw_scale"": 0.25, ""phase_bits"": 1}",,,shift,2,1024,64,30,30,cosine,uniform,1,32,0,0.9566667079925537,0.9726666808128357,0.0680227279663086,0.042580935246698697,0.023,376.12,1.0,97280,0,0,,,0.6066666841506958,0.00901477038860321,0.06266666948795319,0.03799999877810478
learned,learned,learned,bipolar,none,raw,"{""epochs"": 60}",,,shift,2,1024,64,30,30,cosine,uniform,1,32,0,1.0,0.9959999918937683,0.41881081461906433,0.7187694717951977,0.289,376.5,1.0,97408,0,0,,,0.9366666674613953,0.2506689727306366,0.6486666798591614,0.40066665410995483
datainformed_k16,datainformed,datainformed,bipolar,none,raw,"{""K"": 16}",,,shift,2,1024,64,30,30,cosine,uniform,1,32,0,0.996666669845581,0.9940000176429749,0.24987410008907318,0.9364643794579691,0.02,376.0,1.0,97280,0,0,,,0.9419999718666077,0.1504993438720703,0.6739999651908875,0.4519999921321869
gaussian,linear,gaussian,bipolar,none,raw,,,,shift,2,2048,64,30,30,cosine,uniform,1,32,0,0.9975000023841858,0.9973333477973938,0.25447311997413635,0.9667379535882544,0.009,752.0,1.0,194560,0,0,1.0,64.0,0.9453333020210266,0.15637680888175964,0.7206666469573975,0.43199998140335083
rademacher,linear,rademacher,bipolar,none,raw,,,,shift,2,2048,64,30,30,cosine,uniform,1,32,0,0.9975000023841858,0.996666669845581,0.25304168462753296,0.9653502292123474,0.009,752.0,1.0,194560,0,0,1.0,64.0,0.9413332939147949,0.15144473314285278,0.6919999718666077,0.43199998140335083
very_sparse,linear,very_sparse,bipolar,none,raw,,,,shift,2,2048,64,30,30,cosine,uniform,1,32,0,0.9983333349227905,0.996666669845581,0.2543145418167114,0.9650821304121403,0.009,302.96,1.0,79606,0,0,0.123,64.0,0.9446666836738586,0.15545904636383057,0.7026666402816772,0.42133334279060364
count_sketch,linear,count_sketch,bipolar,none,raw,,,,shift,2,2048,64,30,30,cosine,uniform,1,32,0,0.9600000381469727,0.968666672706604,0.003039383562281728,0.6670415024933187,0.009,240.25,1.0,63552,0,0,0.0005,64.0,0.8019999861717224,0.00149817846249789,0.518666684627533,0.34333333373069763
srht,linear,srht,bipolar,none,raw,,,,shift,2,2048,64,30,30,cosine,uniform,1,32,0,0.9466667175292969,0.9446666836738586,0.19416816532611847,0.6575948633594622,0.01,752.0,1.0,194560,0,0,1.0,64.0,0.8113332986831665,0.10993295907974243,0.5733333230018616,0.3933333158493042
orthogonal,linear,orthogonal,bipolar,none,raw,,,,shift,2,2048,64,30,30,cosine,uniform,1,32,0,0.9991666674613953,0.9973333477973938,0.25806570053100586,0.9798957033082627,0.02,752.0,1.0,194560,0,0,1.0,64.0,0.9513333439826965,0.15897689759731293,0.7319999933242798,0.4593333303928375
sobol,linear,sobol,bipolar,none,raw,,,,shift,2,2048,64,30,30,cosine,uniform,1,32,0,0.9975000023841858,0.9959999918937683,0.25629159808158875,0.9779038379329827,0.015,752.0,1.0,194560,0,0,1.0,64.0,0.949999988079071,0.15786626935005188,0.7326666712760925,0.46666666865348816
signrff_tuned,rff,rff,bipolar,none,raw,"{""bw_grid"": [0.05, 0.1, 0.25, 0.5, 1.0], ""bw_select"": ""val""}",,,shift,2,2048,64,30,30,cosine,uniform,1,32,0,0.9983333349227905,0.9973333477973938,0.13631610572338104,0.6573640151032353,0.029,760.0,32.0,194560,0,0,,,0.9446666836738586,0.07083454728126526,0.671999990940094,0.23199999332427979
fpe_b1,fpe,fpe,bipolar,none,raw,"{""bw_scale"": 0.25, ""phase_bits"": 1}",,,shift,2,2048,64,30,30,cosine,uniform,1,32,0,0.9816666841506958,0.984666645526886,0.07479652762413025,0.04872705036343386,0.025,752.25,1.0,194560,0,0,,,0.7446666359901428,0.017463352531194687,0.0873333290219307,0.035999998450279236
learned,learned,learned,bipolar,none,raw,"{""epochs"": 60}",,,shift,2,2048,64,30,30,cosine,uniform,1,32,0,0.9983333349227905,0.9973333477973938,0.41870126128196716,0.7266070623772002,0.354,752.5,1.0,194688,0,0,,,0.9366666674613953,0.2500217854976654,0.6579999923706055,0.4039999842643738
datainformed_k16,datainformed,datainformed,bipolar,none,raw,"{""K"": 16}",,,shift,2,2048,64,30,30,cosine,uniform,1,32,0,0.9958333373069763,0.9973333477973938,0.25458765029907227,0.96702119680833,0.033,752.0,1.0,194560,0,0,,,0.9366666674613953,0.15192821621894836,0.671999990940094,0.41999998688697815
gaussian,linear,gaussian,bipolar,none,raw,,,,shift,2,4096,64,30,30,cosine,uniform,1,32,0,0.9975000023841858,0.9973333477973938,0.25736841559410095,0.982928383725162,0.016,1504.0,1.0,389120,0,0,1.0,64.0,0.9539999961853027,0.16176192462444305,0.762666642665863,0.4886666536331177
rademacher,linear,rademacher,bipolar,none,raw,,,,shift,2,4096,64,30,30,cosine,uniform,1,32,0,0.9983333349227905,0.9973333477973938,0.2560971975326538,0.9824883008959844,0.016,1504.0,1.0,389120,0,0,1.0,64.0,0.9513333439826965,0.15628308057785034,0.722000002861023,0.44999998807907104
very_sparse,linear,very_sparse,bipolar,none,raw,,,,shift,2,4096,64,30,30,cosine,uniform,1,32,0,0.9983333349227905,0.9973333477973938,0.25694912672042847,0.9808233827714359,0.019,607.18,1.0,159534,0,0,0.1242,64.0,0.949999988079071,0.15700671076774597,0.7199999690055847,0.43933331966400146
count_sketch,linear,count_sketch,bipolar,none,raw,,,,shift,2,4096,64,30,30,cosine,uniform,1,32,0,0.9616667032241821,0.9693333506584167,0.001509458408690989,0.6670415024933187,0.021,480.25,1.0,127040,0,0,0.0002,64.0,0.8013333082199097,0.00074479024624452,0.5139999985694885,0.3413333296775818
srht,linear,srht,bipolar,none,raw,,,,shift,2,4096,64,30,30,cosine,uniform,1,32,0,0.9516667127609253,0.9593333005905151,0.20305880904197693,0.6594738552557546,0.018,1504.0,1.0,389120,0,0,1.0,64.0,0.8033333420753479,0.09890125691890717,0.4440000057220459,0.27666667103767395
orthogonal,linear,orthogonal,bipolar,none,raw,,,,shift,2,4096,64,30,30,cosine,uniform,1,32,0,0.9991666674613953,0.9979999661445618,0.2580113708972931,0.9896958529894296,0.027,1504.0,1.0,389120,0,0,1.0,64.0,0.9546666741371155,0.16074112057685852,0.7493333220481873,0.4633333384990692
sobol,linear,sobol,bipolar,none,raw,,,,shift,2,4096,64,30,30,cosine,uniform,1,32,0,0.9983333349227905,0.9973333477973938,0.2570946514606476,0.989014097612927,0.035,1504.0,1.0,389120,0,0,1.0,64.0,0.9546666741371155,0.15951871871948242,0.7339999675750732,0.46533334255218506
signrff_tuned,rff,rff,bipolar,none,raw,"{""bw_grid"": [0.05, 0.1, 0.25, 0.5, 1.0], ""bw_select"": ""val""}",,,shift,2,4096,64,30,30,cosine,uniform,1,32,0,0.9991666674613953,0.9946666359901428,0.147195965051651,0.6186398573425952,0.042,1520.0,32.0,389120,0,0,,,0.9246666431427002,0.049324676394462585,0.28200000524520874,0.0573333315551281
fpe_b1,fpe,fpe,bipolar,none,raw,"{""bw_scale"": 0.25, ""phase_bits"": 1}",,,shift,2,4096,64,30,30,cosine,uniform,1,32,0,0.9900000095367432,0.9900000095367432,0.07885070145130157,0.04926025194323552,0.034,1504.5,1.0,389120,0,0,,,0.8499999642372131,0.024369850754737854,0.12533333897590637,0.03466666489839554
learned,learned,learned,bipolar,none,raw,"{""epochs"": 60}",,,shift,2,4096,64,30,30,cosine,uniform,1,32,0,0.9991666674613953,0.996666669845581,0.41594767570495605,0.7312956203827194,0.347,1504.5,1.0,389248,0,0,,,0.9353333115577698,0.24746443331241608,0.6493332982063293,0.39666667580604553
datainformed_k16,datainformed,datainformed,bipolar,none,raw,"{""K"": 16}",,,shift,2,4096,64,30,30,cosine,uniform,1,32,0,0.9983333349227905,0.9973333477973938,0.258340448141098,0.9834387206286146,0.063,1504.0,1.0,389120,0,0,,,0.9513333439826965,0.1601610779762268,0.7386666536331177,0.49933332204818726
