spec,family,rp,out,preproc,extractor,params,spec_sim,codec,task,seed,dim,F,C,epochs,sim,weight,multi,proto_bits,quant_train,val_acc,id_acc,margin_id,geom_fid,fit_s,acc_noise_0.5,acc_drop_0.2,acc_flip_0.05,mem_kb,vec_bits,ops_per_query,ext_bits,ext_ops,rp_density,rp_rank,acc_shift_6,margin_ood,acc_shift_12,acc_shift_18,nmi,ari,auroc
gauss_real,linear,gaussian,bipolar,none,raw,,,real,fine,0,4096,64,30,30,cosine,uniform,1,32,0,0.7233333587646484,0.7133333086967468,0.04650498926639557,0.9832824817403812,0.315,0.609333336353302,0.6159999966621399,0.7133333086967468,1504.0,32.0,393216,0,0,,,,,,,,,
gauss_int8,linear,gaussian,bipolar,none,raw,,,int8,fine,0,4096,64,30,30,cosine,uniform,1,32,0,0.7233333587646484,0.7133333086967468,0.04650498926639557,0.9832824817403812,0.051,0.609333336353302,0.6159999966621399,0.7133333086967468,1504.0,8.0,393216,0,0,,,,,,,,,
gauss_int4,linear,gaussian,bipolar,none,raw,,,int4,fine,0,4096,64,30,30,cosine,uniform,1,32,0,0.7233333587646484,0.7133333086967468,0.04650498926639557,0.9832824817403812,0.033,0.609333336353302,0.6159999966621399,0.7133333086967468,1504.0,4.0,393216,0,0,,,,,,,,,
gauss_int2,linear,gaussian,bipolar,none,raw,,,int2,fine,0,4096,64,30,30,cosine,uniform,1,32,0,0.7233333587646484,0.7133333086967468,0.04650498926639557,0.9832824817403812,0.033,0.609333336353302,0.6159999966621399,0.7133333086967468,1504.0,2.0,393216,0,0,,,,,,,,,
gauss_bipolar,linear,gaussian,bipolar,none,raw,,,bipolar,fine,0,4096,64,30,30,cosine,uniform,1,32,0,0.7233333587646484,0.7133333086967468,0.04650498926639557,0.9832824817403812,0.02,0.609333336353302,0.6159999966621399,0.7133333086967468,1504.0,1.0,393216,0,0,,,,,,,,,
gauss_binary01,linear,gaussian,bipolar,none,raw,,,binary01,fine,0,4096,64,30,30,cosine,uniform,1,32,0,0.7258333563804626,0.7166666388511658,0.009162056259810925,0.9758128217792771,0.019,0.6186666488647461,0.6133333444595337,0.6259999871253967,1504.0,1.0,393216,0,0,,,,,,,,,
gauss_ternary,linear,gaussian,bipolar,none,raw,,,ternary,fine,0,4096,64,30,30,cosine,uniform,1,32,0,0.7233333587646484,0.7133333086967468,0.04650498926639557,0.9832824817403812,0.052,0.609333336353302,0.6159999966621399,0.7133333086967468,1504.0,2.0,393216,0,0,,,,,,,,,
gauss_block,linear,gaussian,bipolar,none,raw,,,block,fine,0,4096,64,30,30,cosine,uniform,1,32,0,0.6666666865348816,0.6553333401679993,0.030669011175632477,0.8838066399060435,0.037,0.543999969959259,0.5519999861717224,0.625333309173584,1504.0,0.5,393216,0,0,,,,,,,,,
gauss_thermo,linear,gaussian,bipolar,none,raw,,,thermo,fine,0,4096,64,30,30,cosine,uniform,1,32,0,0.7250000238418579,0.7153333425521851,0.009253734722733498,0.9758127920085806,0.055,0.6233333349227905,0.6240000128746033,0.6786666512489319,2944.0,4.0,761856,0,0,,,,,,,,,
gauss_vq,linear,gaussian,bipolar,none,raw,,,vq,fine,0,4096,64,30,30,cosine,uniform,1,32,0,0.13083334267139435,0.12533333897590637,-0.12215335667133331,0.3014602682651248,0.057,0.1133333295583725,0.10733333230018616,0.12133333086967468,5600.0,0.0,393216,0,0,,,,,,,,,
signrff_real,rff,rff,real,none,raw,"{""bw_scale"": 0.25}",,real,fine,0,4096,64,30,30,cosine,uniform,1,32,0,0.7108333706855774,0.7059999704360962,0.016784850507974625,0.6620835047027911,0.044,0.6086666584014893,0.6033333539962769,0.6739999651908875,1520.0,32.0,393216,0,0,,,,,,,,,
signrff_int8,rff,rff,real,none,raw,"{""bw_scale"": 0.25}",,int8,fine,0,4096,64,30,30,cosine,uniform,1,32,0,0.7116667032241821,0.7059999704360962,0.016814308241009712,0.662067876553322,0.055,0.6140000224113464,0.6013333201408386,0.6753333210945129,1520.0,8.0,393216,0,0,,,,,,,,,
signrff_int4,rff,rff,real,none,raw,"{""bw_scale"": 0.25}",,int4,fine,0,4096,64,30,30,cosine,uniform,1,32,0,0.7158333659172058,0.7046666741371155,0.016697878018021584,0.6617119208458435,0.055,0.6119999885559082,0.5986666679382324,0.671999990940094,1520.0,4.0,393216,0,0,,,,,,,,,
signrff_int2,rff,rff,real,none,raw,"{""bw_scale"": 0.25}",,int2,fine,0,4096,64,30,30,cosine,uniform,1,32,0,0.70250004529953,0.7006666660308838,0.016053587198257446,0.6565752617962636,0.055,0.6086666584014893,0.5986666679382324,0.6726666688919067,1520.0,2.0,393216,0,0,,,,,,,,,
signrff_bipolar,rff,rff,real,none,raw,"{""bw_scale"": 0.25}",,bipolar,fine,0,4096,64,30,30,cosine,uniform,1,32,0,0.7125000357627869,0.6986666321754456,0.014935027807950974,0.6400728648651961,0.04,0.5920000076293945,0.5979999899864197,0.6639999747276306,1520.0,1.0,393216,0,0,,,,,,,,,
signrff_binary01,rff,rff,real,none,raw,"{""bw_scale"": 0.25}",,binary01,fine,0,4096,64,30,30,cosine,uniform,1,32,0,0.7075000405311584,0.6986666321754456,0.003536143573001027,0.6341519274971996,0.041,0.5879999995231628,0.5999999642372131,0.39800000190734863,1520.0,1.0,393216,0,0,,,,,,,,,
signrff_ternary,rff,rff,real,none,raw,"{""bw_scale"": 0.25}",,ternary,fine,0,4096,64,30,30,cosine,uniform,1,32,0,0.7008333206176758,0.7006666660308838,0.016157925128936768,0.6570133841139082,0.076,0.6066666841506958,0.5926666855812073,0.6733333468437195,1520.0,2.0,393216,0,0,,,,,,,,,
signrff_block,rff,rff,real,none,raw,"{""bw_scale"": 0.25}",,block,fine,0,4096,64,30,30,cosine,uniform,1,32,0,0.5724999904632568,0.5753333568572998,0.003286227583885193,0.39451290026818003,0.045,0.4633333384990692,0.5046666860580444,0.49666666984558105,1520.0,0.5,393216,0,0,,,,,,,,,
signrff_thermo,rff,rff,real,none,raw,"{""bw_scale"": 0.25}",,thermo,fine,0,4096,64,30,30,cosine,uniform,1,32,0,0.7125000357627869,0.7093333005905151,0.002889336319640279,0.6524452056517696,0.069,0.6046666502952576,0.6019999980926514,0.3779999911785126,2960.0,4.0,761856,0,0,,,,,,,,,
signrff_vq,rff,rff,real,none,raw,"{""bw_scale"": 0.25}",,vq,fine,0,4096,64,30,30,cosine,uniform,1,32,0,0.11833333969116211,0.10266666859388351,-0.31370964646339417,0.16003290501389647,0.073,0.09066666662693024,0.09133332967758179,0.09200000017881393,5616.0,0.0,393216,0,0,,,,,,,,,
fpe_b3_real,fpe,fpe,bipolar,none,raw,"{""bw_scale"": 0.25, ""phase_bits"": 3}",,real,fine,0,4096,64,30,30,cosine,uniform,1,32,0,0.7258333563804626,0.7093333005905151,0.01697016879916191,0.6784569914113184,0.053,0.609333336353302,0.6073333024978638,0.687333345413208,1985.5,32.0,524288,0,0,,,,,,,,,
fpe_b3_int8,fpe,fpe,bipolar,none,raw,"{""bw_scale"": 0.25, ""phase_bits"": 3}",,int8,fine,0,4096,64,30,30,cosine,uniform,1,32,0,0.7275000214576721,0.7093333005905151,0.016995543614029884,0.6784730989778284,0.081,0.6100000143051147,0.6073333024978638,0.687333345413208,1985.5,8.0,524288,0,0,,,,,,,,,
fpe_b3_int4,fpe,fpe,bipolar,none,raw,"{""bw_scale"": 0.25, ""phase_bits"": 3}",,int4,fine,0,4096,64,30,30,cosine,uniform,1,32,0,0.7266666889190674,0.7106666564941406,0.016982557252049446,0.6785052709707524,0.081,0.6106666326522827,0.6079999804496765,0.6893333196640015,1985.5,4.0,524288,0,0,,,,,,,,,
fpe_b3_int2,fpe,fpe,bipolar,none,raw,"{""bw_scale"": 0.25, ""phase_bits"": 3}",,int2,fine,0,4096,64,30,30,cosine,uniform,1,32,0,0.7225000262260437,0.7093333005905151,0.016779182478785515,0.678623480972578,0.081,0.6119999885559082,0.6053333282470703,0.6853333115577698,1985.5,2.0,524288,0,0,,,,,,,,,
fpe_b3_bipolar,fpe,fpe,bipolar,none,raw,"{""bw_scale"": 0.25, ""phase_bits"": 3}",,bipolar,fine,0,4096,64,30,30,cosine,uniform,1,32,0,0.6924999952316284,0.6859999895095825,0.014615790918469429,0.6673797998452387,0.056,0.5766666531562805,0.5986666679382324,0.6700000166893005,1985.5,1.0,524288,0,0,,,,,,,,,
fpe_b3_binary01,fpe,fpe,bipolar,none,raw,"{""bw_scale"": 0.25, ""phase_bits"": 3}",,binary01,fine,0,4096,64,30,30,cosine,uniform,1,32,0,0.6899999976158142,0.6893333196640015,0.0019520130008459091,0.33343874032514015,0.052,0.5753333568572998,0.5993333458900452,0.30666667222976685,1985.5,1.0,524288,0,0,,,,,,,,,
fpe_b3_ternary,fpe,fpe,bipolar,none,raw,"{""bw_scale"": 0.25, ""phase_bits"": 3}",,ternary,fine,0,4096,64,30,30,cosine,uniform,1,32,0,0.7225000262260437,0.7093333005905151,0.016779176890850067,0.678623481353749,0.126,0.6119999885559082,0.6053333282470703,0.6853333115577698,1985.5,2.0,524288,0,0,,,,,,,,,
fpe_b3_block,fpe,fpe,bipolar,none,raw,"{""bw_scale"": 0.25, ""phase_bits"": 3}",,block,fine,0,4096,64,30,30,cosine,uniform,1,32,0,0.6508333683013916,0.6326666474342346,0.006506540346890688,0.5227882223128164,0.065,0.5166666507720947,0.5486666560173035,0.5733333230018616,1985.5,0.5,524288,0,0,,,,,,,,,
fpe_b3_thermo,fpe,fpe,bipolar,none,raw,"{""bw_scale"": 0.25, ""phase_bits"": 3}",,thermo,fine,0,4096,64,30,30,cosine,uniform,1,32,0,0.7266666889190674,0.7093333005905151,0.002495342632755637,0.4474120685311279,0.109,0.6073333024978638,0.5999999642372131,0.5419999957084656,4865.5,4.0,1261568,0,0,,,,,,,,,
fpe_b3_vq,fpe,fpe,bipolar,none,raw,"{""bw_scale"": 0.25, ""phase_bits"": 3}",,vq,fine,0,4096,64,30,30,cosine,uniform,1,32,0,0.07250000536441803,0.06533332914113998,-0.22876523435115814,0.15079906070541163,0.121,0.058666665107011795,0.06466666609048843,0.06333333253860474,10177.5,0.0,524288,0,0,,,,,,,,,
gaussian_fp32,linear,gaussian,bipolar,none,raw,,,,fine,0,4096,64,30,30,cosine,uniform,1,32,0,0.7233333587646484,0.7133333086967468,0.04650498926639557,0.9832824817403812,0.019,0.609333336353302,0.6159999966621399,0.7133333086967468,1504.0,1.0,389120,0,0,1.0,64.0,,,,,,,
srht_fp32,linear,srht,bipolar,none,raw,,,,fine,0,4096,64,30,30,cosine,uniform,1,32,0,0.40166667103767395,0.41200000047683716,-0.0385940745472908,0.658215150449695,0.026,0.35866665840148926,0.3453333377838135,0.41200000047683716,1504.0,1.0,389120,0,0,1.0,64.0,,,,,,,
gaussian_p2_mse,linear,gaussian,bipolar,none,raw,"{""proj_bits"": 2, ""proj_scheme"": ""mse""}",,,fine,0,4096,64,30,30,cosine,uniform,1,32,0,0.7166666984558105,0.7153333425521851,0.047145333141088486,0.9824571807318715,0.02,0.6146666407585144,0.6066666841506958,0.7093333005905151,520.79,1.0,294051,0,0,0.6373,64.0,,,,,,,
gaussian_p2_max,linear,gaussian,bipolar,none,raw,"{""proj_bits"": 2, ""proj_scheme"": ""max""}",,,fine,0,4096,64,30,30,cosine,uniform,1,32,0,0.6341666579246521,0.6293333172798157,0.007491589989513159,0.812725679700467,0.019,0.5286666750907898,0.5093333125114441,0.581333339214325,481.17,1.0,131761,0,0,0.0183,64.0,,,,,,,
gaussian_p4_mse,linear,gaussian,bipolar,none,raw,"{""proj_bits"": 4, ""proj_scheme"": ""mse""}",,,fine,0,4096,64,30,30,cosine,uniform,1,32,0,0.7200000286102295,0.7213333249092102,0.04711276292800903,0.9830360406226865,0.019,0.609333336353302,0.609333336353302,0.7113333344459534,590.89,1.0,354083,0,0,0.8663,64.0,,,,,,,
gaussian_p4_max,linear,gaussian,bipolar,none,raw,"{""proj_bits"": 4, ""proj_scheme"": ""max""}",,,fine,0,4096,64,30,30,cosine,uniform,1,32,0,0.7166666984558105,0.7086666822433472,0.046721283346414566,0.9833104672824861,0.018,0.6140000224113464,0.6179999709129333,0.7106666564941406,574.3,1.0,320099,0,0,0.7367,64.0,,,,,,,
gaussian_p8_mse,linear,gaussian,bipolar,none,raw,"{""proj_bits"": 8, ""proj_scheme"": ""mse""}",,,fine,0,4096,64,30,30,cosine,uniform,1,32,0,0.7200000286102295,0.7046666741371155,0.0470934733748436,0.9833289970153778,0.02,0.6146666407585144,0.6140000224113464,0.7059999704360962,733.05,1.0,386104,0,0,0.9885,64.0,,,,,,,
gaussian_p8_max,linear,gaussian,bipolar,none,raw,"{""proj_bits"": 8, ""proj_scheme"": ""max""}",,,fine,0,4096,64,30,30,cosine,uniform,1,32,0,0.7191666960716248,0.7086666822433472,0.046712685376405716,0.9832753246697621,0.019,0.6113333106040955,0.6153333187103271,0.7093333005905151,732.3,1.0,385329,0,0,0.9855,64.0,,,,,,,
gaussian_ternary,linear,gaussian,bipolar,none,raw,"{""proj_bits"": 2, ""proj_scheme"": ""ternary""}",,,fine,0,4096,64,30,30,cosine,uniform,1,32,0,0.7100000381469727,0.7066666483879089,0.046601537615060806,0.983131896322897,0.024,0.6200000047683716,0.6140000224113464,0.70333331823349,513.51,1.0,264227,0,0,0.5236,64.0,,,,,,,
gaussian_sign,linear,gaussian,bipolar,none,raw,"{""proj_bits"": 1, ""proj_scheme"": ""sign""}",,,fine,0,4096,64,30,30,cosine,uniform,1,32,0,0.7233333587646484,0.7026666402816772,0.046351317316293716,0.9831226567696715,0.018,0.612666666507721,0.6140000224113464,0.7086666822433472,512.0,1.0,389120,0,0,1.0,64.0,,,,,,,
srht_p2_mse,linear,srht,bipolar,none,raw,"{""proj_bits"": 2, ""proj_scheme"": ""mse""}",,,fine,0,4096,64,30,30,cosine,uniform,1,32,0,0.40166667103767395,0.41200000047683716,-0.0385940745472908,0.658215150449695,0.027,0.35866665840148926,0.3453333377838135,0.41200000047683716,544.0,1.0,389120,0,0,1.0,64.0,,,,,,,
srht_p2_max,linear,srht,bipolar,none,raw,"{""proj_bits"": 2, ""proj_scheme"": ""max""}",,,fine,0,4096,64,30,30,cosine,uniform,1,32,0,0.40166667103767395,0.41200000047683716,-0.0385940745472908,0.658215150449695,0.026,0.35866665840148926,0.3453333377838135,0.41200000047683716,544.0,1.0,389120,0,0,1.0,64.0,,,,,,,
srht_p4_mse,linear,srht,bipolar,none,raw,"{""proj_bits"": 4, ""proj_scheme"": ""mse""}",,,fine,0,4096,64,30,30,cosine,uniform,1,32,0,0.40166667103767395,0.41200000047683716,-0.0385940745472908,0.658215150449695,0.027,0.35866665840148926,0.3453333377838135,0.41200000047683716,608.0,1.0,389120,0,0,1.0,64.0,,,,,,,
srht_p4_max,linear,srht,bipolar,none,raw,"{""proj_bits"": 4, ""proj_scheme"": ""max""}",,,fine,0,4096,64,30,30,cosine,uniform,1,32,0,0.40166667103767395,0.41200000047683716,-0.0385940745472908,0.658215150449695,0.026,0.35866665840148926,0.3453333377838135,0.41200000047683716,608.0,1.0,389120,0,0,1.0,64.0,,,,,,,
srht_p8_mse,linear,srht,bipolar,none,raw,"{""proj_bits"": 8, ""proj_scheme"": ""mse""}",,,fine,0,4096,64,30,30,cosine,uniform,1,32,0,0.40166667103767395,0.41200000047683716,-0.0385940745472908,0.658215150449695,0.027,0.35866665840148926,0.3453333377838135,0.41200000047683716,736.0,1.0,389120,0,0,1.0,64.0,,,,,,,
srht_p8_max,linear,srht,bipolar,none,raw,"{""proj_bits"": 8, ""proj_scheme"": ""max""}",,,fine,0,4096,64,30,30,cosine,uniform,1,32,0,0.40166667103767395,0.41200000047683716,-0.0385940745472908,0.658215150449695,0.025,0.35866665840148926,0.3453333377838135,0.41200000047683716,736.0,1.0,389120,0,0,1.0,64.0,,,,,,,
srht_ternary,linear,srht,bipolar,none,raw,"{""proj_bits"": 2, ""proj_scheme"": ""ternary""}",,,fine,0,4096,64,30,30,cosine,uniform,1,32,0,0.40166667103767395,0.41200000047683716,-0.0385940745472908,0.658215150449695,0.029,0.35866665840148926,0.3453333377838135,0.41200000047683716,544.0,1.0,389120,0,0,1.0,64.0,,,,,,,
srht_sign,linear,srht,bipolar,none,raw,"{""proj_bits"": 1, ""proj_scheme"": ""sign""}",,,fine,0,4096,64,30,30,cosine,uniform,1,32,0,0.40166667103767395,0.41200000047683716,-0.0385940745472908,0.658215150449695,0.026,0.35866665840148926,0.3453333377838135,0.41200000047683716,512.0,1.0,389120,0,0,1.0,64.0,,,,,,,
proto2_ptq,linear,gaussian,bipolar,none,raw,,,,fine,0,4096,64,30,30,cosine,uniform,1,2,0,0.7066667079925537,0.7053333520889282,0.0431118868291378,0.9832824817403812,0.018,0.6106666326522827,0.609333336353302,0.7046666741371155,1054.0,1.0,389120,0,0,1.0,64.0,,,,,,,
proto2_qat,linear,gaussian,bipolar,none,raw,,,,fine,0,4096,64,30,30,cosine,uniform,1,2,1,0.7366666793823242,0.722000002861023,0.052364520728588104,0.9832824817403812,0.036,0.6319999694824219,0.6166666746139526,0.7239999771118164,1054.0,1.0,389120,0,0,1.0,64.0,,,,,,,
proto3_ptq,linear,gaussian,bipolar,none,raw,,,,fine,0,4096,64,30,30,cosine,uniform,1,3,0,0.7125000357627869,0.7086666822433472,0.04537436366081238,0.9832824817403812,0.019,0.6119999885559082,0.6066666841506958,0.7139999866485596,1069.0,1.0,389120,0,0,1.0,64.0,,,,,,,
proto3_qat,linear,gaussian,bipolar,none,raw,,,,fine,0,4096,64,30,30,cosine,uniform,1,3,1,0.7333333492279053,0.7226666808128357,0.05152051895856857,0.9832824817403812,0.036,0.6266666650772095,0.6206666827201843,0.7193333506584167,1069.0,1.0,389120,0,0,1.0,64.0,,,,,,,
proto4_ptq,linear,gaussian,bipolar,none,raw,,,,fine,0,4096,64,30,30,cosine,uniform,1,4,0,0.7241666913032532,0.7059999704360962,0.04637956619262695,0.9832824817403812,0.019,0.6086666584014893,0.6153333187103271,0.7139999866485596,1084.0,1.0,389120,0,0,1.0,64.0,,,,,,,
proto4_qat,linear,gaussian,bipolar,none,raw,,,,fine,0,4096,64,30,30,cosine,uniform,1,4,1,0.7241666913032532,0.7126666307449341,0.047166209667921066,0.9832824817403812,0.041,0.6166666746139526,0.6113333106040955,0.7146666646003723,1084.0,1.0,389120,0,0,1.0,64.0,,,,,,,
gauss_real,linear,gaussian,bipolar,none,raw,,,real,fine,1,4096,64,30,30,cosine,uniform,1,32,0,0.7266666889190674,0.7253333330154419,0.0467531643807888,0.9826924739446199,0.018,0.6213333010673523,0.6019999980926514,0.722000002861023,1504.0,32.0,393216,0,0,,,,,,,,,
gauss_int8,linear,gaussian,bipolar,none,raw,,,int8,fine,1,4096,64,30,30,cosine,uniform,1,32,0,0.7266666889190674,0.7253333330154419,0.0467531643807888,0.9826924739446199,0.032,0.6213333010673523,0.6019999980926514,0.722000002861023,1504.0,8.0,393216,0,0,,,,,,,,,
gauss_int4,linear,gaussian,bipolar,none,raw,,,int4,fine,1,4096,64,30,30,cosine,uniform,1,32,0,0.7266666889190674,0.7253333330154419,0.0467531643807888,0.9826924739446199,0.032,0.6213333010673523,0.6019999980926514,0.722000002861023,1504.0,4.0,393216,0,0,,,,,,,,,
gauss_int2,linear,gaussian,bipolar,none,raw,,,int2,fine,1,4096,64,30,30,cosine,uniform,1,32,0,0.7266666889190674,0.7253333330154419,0.0467531643807888,0.9826924739446199,0.032,0.6213333010673523,0.6019999980926514,0.722000002861023,1504.0,2.0,393216,0,0,,,,,,,,,
gauss_bipolar,linear,gaussian,bipolar,none,raw,,,bipolar,fine,1,4096,64,30,30,cosine,uniform,1,32,0,0.7266666889190674,0.7253333330154419,0.0467531643807888,0.9826924739446199,0.022,0.6213333010673523,0.6019999980926514,0.722000002861023,1504.0,1.0,393216,0,0,,,,,,,,,
gauss_binary01,linear,gaussian,bipolar,none,raw,,,binary01,fine,1,4096,64,30,30,cosine,uniform,1,32,0,0.7275000214576721,0.7319999933242798,0.009078972972929478,0.9742303796592383,0.018,0.6359999775886536,0.5926666855812073,0.6046666502952576,1504.0,1.0,393216,0,0,,,,,,,,,
gauss_ternary,linear,gaussian,bipolar,none,raw,,,ternary,fine,1,4096,64,30,30,cosine,uniform,1,32,0,0.7266666889190674,0.7253333330154419,0.0467531643807888,0.9826924739446199,0.05,0.6213333010673523,0.6019999980926514,0.722000002861023,1504.0,2.0,393216,0,0,,,,,,,,,
gauss_block,linear,gaussian,bipolar,none,raw,,,block,fine,1,4096,64,30,30,cosine,uniform,1,32,0,0.6583333611488342,0.6526666879653931,0.031054366379976273,0.8791167021923516,0.027,0.5653333067893982,0.547333300113678,0.6213333010673523,1504.0,0.5,393216,0,0,,,,,,,,,
gauss_thermo,linear,gaussian,bipolar,none,raw,,,thermo,fine,1,4096,64,30,30,cosine,uniform,1,32,0,0.7300000190734863,0.7293333411216736,0.00910624023526907,0.9742303588987404,0.051,0.6346666812896729,0.6033333539962769,0.7053333520889282,2944.0,4.0,761856,0,0,,,,,,,,,
gauss_vq,linear,gaussian,bipolar,none,raw,,,vq,fine,1,4096,64,30,30,cosine,uniform,1,32,0,0.14666667580604553,0.11599999666213989,-0.1396550089120865,0.2747167411269957,0.051,0.1106666624546051,0.10866666585206985,0.11533333361148834,5600.0,0.0,393216,0,0,,,,,,,,,
signrff_real,rff,rff,real,none,raw,"{""bw_scale"": 0.25}",,real,fine,1,4096,64,30,30,cosine,uniform,1,32,0,0.7200000286102295,0.7166666388511658,0.016836311668157578,0.6512236079188223,0.038,0.6013333201408386,0.6100000143051147,0.6746666431427002,1520.0,32.0,393216,0,0,,,,,,,,,
signrff_int8,rff,rff,real,none,raw,"{""bw_scale"": 0.25}",,int8,fine,1,4096,64,30,30,cosine,uniform,1,32,0,0.7158333659172058,0.7146666646003723,0.01679043099284172,0.6512213717316911,0.048,0.5993333458900452,0.6100000143051147,0.6726666688919067,1520.0,8.0,393216,0,0,,,,,,,,,
signrff_int4,rff,rff,real,none,raw,"{""bw_scale"": 0.25}",,int4,fine,1,4096,64,30,30,cosine,uniform,1,32,0,0.7175000309944153,0.7133333086967468,0.0169011652469635,0.6510904075750985,0.047,0.593999981880188,0.6113333106040955,0.6806666851043701,1520.0,4.0,393216,0,0,,,,,,,,,
signrff_int2,rff,rff,real,none,raw,"{""bw_scale"": 0.25}",,int2,fine,1,4096,64,30,30,cosine,uniform,1,32,0,0.7191666960716248,0.7146666646003723,0.01623944565653801,0.6467271495084133,0.048,0.5986666679382324,0.6026666760444641,0.6726666688919067,1520.0,2.0,393216,0,0,,,,,,,,,
signrff_bipolar,rff,rff,real,none,raw,"{""bw_scale"": 0.25}",,bipolar,fine,1,4096,64,30,30,cosine,uniform,1,32,0,0.7100000381469727,0.7120000123977661,0.015125651843845844,0.6320010696388549,0.033,0.590666651725769,0.6006666421890259,0.6613333225250244,1520.0,1.0,393216,0,0,,,,,,,,,
signrff_binary01,rff,rff,real,none,raw,"{""bw_scale"": 0.25}",,binary01,fine,1,4096,64,30,30,cosine,uniform,1,32,0,0.7100000381469727,0.7166666388511658,0.003579969983547926,0.6258374097923247,0.034,0.5886666774749756,0.6053333282470703,0.3606666624546051,1520.0,1.0,393216,0,0,,,,,,,,,
signrff_ternary,rff,rff,real,none,raw,"{""bw_scale"": 0.25}",,ternary,fine,1,4096,64,30,30,cosine,uniform,1,32,0,0.71833336353302,0.7093333005905151,0.016280438750982285,0.6477756534567801,0.069,0.5979999899864197,0.6013333201408386,0.6706666350364685,1520.0,2.0,393216,0,0,,,,,,,,,
signrff_block,rff,rff,real,none,raw,"{""bw_scale"": 0.25}",,block,fine,1,4096,64,30,30,cosine,uniform,1,32,0,0.5866667032241821,0.5746666789054871,0.0030714613385498524,0.38157679284963647,0.039,0.46266666054725647,0.5059999823570251,0.4753333330154419,1520.0,0.5,393216,0,0,,,,,,,,,
signrff_thermo,rff,rff,real,none,raw,"{""bw_scale"": 0.25}",,thermo,fine,1,4096,64,30,30,cosine,uniform,1,32,0,0.7233333587646484,0.7246666550636292,0.002858877880498767,0.6423121802193401,0.062,0.6073333024978638,0.6046666502952576,0.4959999918937683,2960.0,4.0,761856,0,0,,,,,,,,,
signrff_vq,rff,rff,real,none,raw,"{""bw_scale"": 0.25}",,vq,fine,1,4096,64,30,30,cosine,uniform,1,32,0,0.10500000417232513,0.10266666859388351,-0.2811172902584076,0.1245255256993152,0.068,0.09133332967758179,0.0846666693687439,0.09066666662693024,5616.0,0.0,393216,0,0,,,,,,,,,
fpe_b3_real,fpe,fpe,bipolar,none,raw,"{""bw_scale"": 0.25, ""phase_bits"": 3}",,real,fine,1,4096,64,30,30,cosine,uniform,1,32,0,0.721666693687439,0.7306666374206543,0.017406413331627846,0.6676451422685784,0.046,0.6340000033378601,0.6166666746139526,0.7206666469573975,1985.5,32.0,524288,0,0,,,,,,,,,
fpe_b3_int8,fpe,fpe,bipolar,none,raw,"{""bw_scale"": 0.25, ""phase_bits"": 3}",,int8,fine,1,4096,64,30,30,cosine,uniform,1,32,0,0.7208333611488342,0.7306666374206543,0.017406027764081955,0.6676516483012354,0.075,0.6340000033378601,0.6166666746139526,0.7206666469573975,1985.5,8.0,524288,0,0,,,,,,,,,
fpe_b3_int4,fpe,fpe,bipolar,none,raw,"{""bw_scale"": 0.25, ""phase_bits"": 3}",,int4,fine,1,4096,64,30,30,cosine,uniform,1,32,0,0.7208333611488342,0.7326666712760925,0.017402321100234985,0.6676496421446215,0.075,0.637333333492279,0.6140000224113464,0.7193333506584167,1985.5,4.0,524288,0,0,,,,,,,,,
fpe_b3_int2,fpe,fpe,bipolar,none,raw,"{""bw_scale"": 0.25, ""phase_bits"": 3}",,int2,fine,1,4096,64,30,30,cosine,uniform,1,32,0,0.7208333611488342,0.7300000190734863,0.017107101157307625,0.6662810908089136,0.073,0.6326666474342346,0.6200000047683716,0.7226666808128357,1985.5,2.0,524288,0,0,,,,,,,,,
fpe_b3_bipolar,fpe,fpe,bipolar,none,raw,"{""bw_scale"": 0.25, ""phase_bits"": 3}",,bipolar,fine,1,4096,64,30,30,cosine,uniform,1,32,0,0.705833375453949,0.7113333344459534,0.014912355691194534,0.6565819728366362,0.045,0.6033333539962769,0.6033333539962769,0.690666675567627,1985.5,1.0,524288,0,0,,,,,,,,,
fpe_b3_binary01,fpe,fpe,bipolar,none,raw,"{""bw_scale"": 0.25, ""phase_bits"": 3}",,binary01,fine,1,4096,64,30,30,cosine,uniform,1,32,0,0.7041667103767395,0.7106666564941406,0.001947431592270732,0.3217654408388612,0.044,0.6026666760444641,0.6106666326522827,0.31333333253860474,1985.5,1.0,524288,0,0,,,,,,,,,
fpe_b3_ternary,fpe,fpe,bipolar,none,raw,"{""bw_scale"": 0.25, ""phase_bits"": 3}",,ternary,fine,1,4096,64,30,30,cosine,uniform,1,32,0,0.7191666960716248,0.7306666374206543,0.01711883395910263,0.666281115192911,0.119,0.6326666474342346,0.6193333268165588,0.7213333249092102,1985.5,2.0,524288,0,0,,,,,,,,,
fpe_b3_block,fpe,fpe,bipolar,none,raw,"{""bw_scale"": 0.25, ""phase_bits"": 3}",,block,fine,1,4096,64,30,30,cosine,uniform,1,32,0,0.6475000381469727,0.6513333320617676,0.006759313400834799,0.5241507111845054,0.059,0.5006666779518127,0.5566666722297668,0.5746666789054871,1985.5,0.5,524288,0,0,,,,,,,,,
fpe_b3_thermo,fpe,fpe,bipolar,none,raw,"{""bw_scale"": 0.25, ""phase_bits"": 3}",,thermo,fine,1,4096,64,30,30,cosine,uniform,1,32,0,0.7233333587646484,0.7239999771118164,0.0025163614191114902,0.4320827113431598,0.103,0.6200000047683716,0.6259999871253967,0.5306666493415833,4865.5,4.0,1261568,0,0,,,,,,,,,
fpe_b3_vq,fpe,fpe,bipolar,none,raw,"{""bw_scale"": 0.25, ""phase_bits"": 3}",,vq,fine,1,4096,64,30,30,cosine,uniform,1,32,0,0.09333333373069763,0.0846666693687439,-0.32246825098991394,0.13010540634802198,0.118,0.07533333450555801,0.07066666334867477,0.0820000022649765,10177.5,0.0,524288,0,0,,,,,,,,,
gaussian_fp32,linear,gaussian,bipolar,none,raw,,,,fine,1,4096,64,30,30,cosine,uniform,1,32,0,0.7266666889190674,0.7253333330154419,0.0467531643807888,0.9826924739446199,0.018,0.6213333010673523,0.6019999980926514,0.722000002861023,1504.0,1.0,389120,0,0,1.0,64.0,,,,,,,
srht_fp32,linear,srht,bipolar,none,raw,,,,fine,1,4096,64,30,30,cosine,uniform,1,32,0,0.4283333420753479,0.4206666648387909,-0.03364560753107071,0.6493199434567193,0.026,0.3553333282470703,0.3453333377838135,0.4153333306312561,1504.0,1.0,389120,0,0,1.0,64.0,,,,,,,
gaussian_p2_mse,linear,gaussian,bipolar,none,raw,"{""proj_bits"": 2, ""proj_scheme"": ""mse""}",,,fine,1,4096,64,30,30,cosine,uniform,1,32,0,0.7158333659172058,0.7146666646003723,0.04718654975295067,0.9815498492802663,0.02,0.621999979019165,0.6073333024978638,0.7173333168029785,522.13,1.0,299542,0,0,0.6583,64.0,,,,,,,
gaussian_p2_max,linear,gaussian,bipolar,none,raw,"{""proj_bits"": 2, ""proj_scheme"": ""max""}",,,fine,1,4096,64,30,30,cosine,uniform,1,32,0,0.6700000166893005,0.6653333306312561,0.01617768593132496,0.8729252790404941,0.019,0.5693333148956299,0.5333333015441895,0.6333333253860474,481.78,1.0,134252,0,0,0.0278,64.0,,,,,,,
gaussian_p4_mse,linear,gaussian,bipolar,none,raw,"{""proj_bits"": 4, ""proj_scheme"": ""mse""}",,,fine,1,4096,64,30,30,cosine,uniform,1,32,0,0.7325000166893005,0.7279999852180481,0.04721325263381004,0.9827616325923031,0.019,0.6273333430290222,0.6006666421890259,0.7266666293144226,591.96,1.0,356263,0,0,0.8747,64.0,,,,,,,
gaussian_p4_max,linear,gaussian,bipolar,none,raw,"{""proj_bits"": 4, ""proj_scheme"": ""max""}",,,fine,1,4096,64,30,30,cosine,uniform,1,32,0,0.7316666841506958,0.734666645526886,0.047117654234170914,0.9828679591111565,0.018,0.6259999871253967,0.6053333282470703,0.7206666469573975,576.31,1.0,324224,0,0,0.7524,64.0,,,,,,,
gaussian_p8_mse,linear,gaussian,bipolar,none,raw,"{""proj_bits"": 8, ""proj_scheme"": ""mse""}",,,fine,1,4096,64,30,30,cosine,uniform,1,32,0,0.7250000238418579,0.7226666808128357,0.04654470831155777,0.9827354733994872,0.019,0.6179999709129333,0.6086666584014893,0.7246666550636292,732.87,1.0,385916,0,0,0.9878,64.0,,,,,,,
gaussian_p8_max,linear,gaussian,bipolar,none,raw,"{""proj_bits"": 8, ""proj_scheme"": ""max""}",,,fine,1,4096,64,30,30,cosine,uniform,1,32,0,0.7275000214576721,0.7239999771118164,0.04667619243264198,0.98269282780475,0.018,0.6246666312217712,0.5973333120346069,0.7239999771118164,732.54,1.0,385580,0,0,0.9865,64.0,,,,,,,
gaussian_ternary,linear,gaussian,bipolar,none,raw,"{""proj_bits"": 2, ""proj_scheme"": ""ternary""}",,,fine,1,4096,64,30,30,cosine,uniform,1,32,0,0.7316666841506958,0.7126666307449341,0.04640176519751549,0.982549462512166,0.023,0.6359999775886536,0.6026666760444641,0.7086666822433472,513.45,1.0,263985,0,0,0.5226,64.0,,,,,,,
gaussian_sign,linear,gaussian,bipolar,none,raw,"{""proj_bits"": 1, ""proj_scheme"": ""sign""}",,,fine,1,4096,64,30,30,cosine,uniform,1,32,0,0.7316666841506958,0.7166666388511658,0.04721715301275253,0.9826492593856763,0.018,0.6319999694824219,0.6039999723434448,0.7120000123977661,512.0,1.0,389120,0,0,1.0,64.0,,,,,,,
srht_p2_mse,linear,srht,bipolar,none,raw,"{""proj_bits"": 2, ""proj_scheme"": ""mse""}",,,fine,1,4096,64,30,30,cosine,uniform,1,32,0,0.4283333420753479,0.4206666648387909,-0.03364560753107071,0.6493199434567193,0.026,0.3553333282470703,0.3453333377838135,0.4153333306312561,544.0,1.0,389120,0,0,1.0,64.0,,,,,,,
srht_p2_max,linear,srht,bipolar,none,raw,"{""proj_bits"": 2, ""proj_scheme"": ""max""}",,,fine,1,4096,64,30,30,cosine,uniform,1,32,0,0.4283333420753479,0.4206666648387909,-0.03364560753107071,0.6493199434567193,0.025,0.3553333282470703,0.3453333377838135,0.4153333306312561,544.0,1.0,389120,0,0,1.0,64.0,,,,,,,
srht_p4_mse,linear,srht,bipolar,none,raw,"{""proj_bits"": 4, ""proj_scheme"": ""mse""}",,,fine,1,4096,64,30,30,cosine,uniform,1,32,0,0.4283333420753479,0.4206666648387909,-0.03364560753107071,0.6493199434567193,0.027,0.3553333282470703,0.3453333377838135,0.4153333306312561,608.0,1.0,389120,0,0,1.0,64.0,,,,,,,
srht_p4_max,linear,srht,bipolar,none,raw,"{""proj_bits"": 4, ""proj_scheme"": ""max""}",,,fine,1,4096,64,30,30,cosine,uniform,1,32,0,0.4283333420753479,0.4206666648387909,-0.03364560753107071,0.6493199434567193,0.025,0.3553333282470703,0.3453333377838135,0.4153333306312561,608.0,1.0,389120,0,0,1.0,64.0,,,,,,,
srht_p8_mse,linear,srht,bipolar,none,raw,"{""proj_bits"": 8, ""proj_scheme"": ""mse""}",,,fine,1,4096,64,30,30,cosine,uniform,1,32,0,0.4283333420753479,0.4206666648387909,-0.03364560753107071,0.6493199434567193,0.027,0.3553333282470703,0.3453333377838135,0.4153333306312561,736.0,1.0,389120,0,0,1.0,64.0,,,,,,,
srht_p8_max,linear,srht,bipolar,none,raw,"{""proj_bits"": 8, ""proj_scheme"": ""max""}",,,fine,1,4096,64,30,30,cosine,uniform,1,32,0,0.4283333420753479,0.4206666648387909,-0.03364560753107071,0.6493199434567193,0.025,0.3553333282470703,0.3453333377838135,0.4153333306312561,736.0,1.0,389120,0,0,1.0,64.0,,,,,,,
srht_ternary,linear,srht,bipolar,none,raw,"{""proj_bits"": 2, ""proj_scheme"": ""ternary""}",,,fine,1,4096,64,30,30,cosine,uniform,1,32,0,0.4283333420753479,0.4206666648387909,-0.03364560753107071,0.6493199434567193,0.029,0.3553333282470703,0.3453333377838135,0.4153333306312561,544.0,1.0,389120,0,0,1.0,64.0,,,,,,,
srht_sign,linear,srht,bipolar,none,raw,"{""proj_bits"": 1, ""proj_scheme"": ""sign""}",,,fine,1,4096,64,30,30,cosine,uniform,1,32,0,0.4283333420753479,0.4206666648387909,-0.03364560753107071,0.6493199434567193,0.025,0.3553333282470703,0.3453333377838135,0.4153333306312561,512.0,1.0,389120,0,0,1.0,64.0,,,,,,,
proto2_ptq,linear,gaussian,bipolar,none,raw,,,,fine,1,4096,64,30,30,cosine,uniform,1,2,0,0.7225000262260437,0.7266666293144226,0.04237813130021095,0.9826924739446199,0.018,0.6240000128746033,0.6039999723434448,0.7133333086967468,1054.0,1.0,389120,0,0,1.0,64.0,,,,,,,
proto2_qat,linear,gaussian,bipolar,none,raw,,,,fine,1,4096,64,30,30,cosine,uniform,1,2,1,0.7416666746139526,0.734666645526886,0.051745057106018066,0.9826924739446199,0.036,0.6346666812896729,0.6179999709129333,0.7286666631698608,1054.0,1.0,389120,0,0,1.0,64.0,,,,,,,
proto3_ptq,linear,gaussian,bipolar,none,raw,,,,fine,1,4096,64,30,30,cosine,uniform,1,3,0,0.7233333587646484,0.7239999771118164,0.04580965265631676,0.9826924739446199,0.017,0.6173333525657654,0.6033333539962769,0.722000002861023,1069.0,1.0,389120,0,0,1.0,64.0,,,,,,,
proto3_qat,linear,gaussian,bipolar,none,raw,,,,fine,1,4096,64,30,30,cosine,uniform,1,3,1,0.7308333516120911,0.7206666469573975,0.04272114858031273,0.9826924739446199,0.035,0.621999979019165,0.6033333539962769,0.7246666550636292,1069.0,1.0,389120,0,0,1.0,64.0,,,,,,,
proto4_ptq,linear,gaussian,bipolar,none,raw,,,,fine,1,4096,64,30,30,cosine,uniform,1,4,0,0.7241666913032532,0.7266666293144226,0.04645214229822159,0.9826924739446199,0.018,0.6200000047683716,0.6033333539962769,0.7206666469573975,1084.0,1.0,389120,0,0,1.0,64.0,,,,,,,
proto4_qat,linear,gaussian,bipolar,none,raw,,,,fine,1,4096,64,30,30,cosine,uniform,1,4,1,0.7250000238418579,0.722000002861023,0.04662533104419708,0.9826924739446199,0.034,0.6233333349227905,0.6119999885559082,0.7133333086967468,1084.0,1.0,389120,0,0,1.0,64.0,,,,,,,
gauss_real,linear,gaussian,bipolar,none,raw,,,real,fine,2,4096,64,30,30,cosine,uniform,1,32,0,0.7125000357627869,0.7273333072662354,0.048547547310590744,0.9827869294110249,0.019,0.6319999694824219,0.6226666569709778,0.722000002861023,1504.0,32.0,393216,0,0,,,,,,,,,
gauss_int8,linear,gaussian,bipolar,none,raw,,,int8,fine,2,4096,64,30,30,cosine,uniform,1,32,0,0.7125000357627869,0.7273333072662354,0.048547547310590744,0.9827869294110249,0.032,0.6319999694824219,0.6226666569709778,0.722000002861023,1504.0,8.0,393216,0,0,,,,,,,,,
gauss_int4,linear,gaussian,bipolar,none,raw,,,int4,fine,2,4096,64,30,30,cosine,uniform,1,32,0,0.7125000357627869,0.7273333072662354,0.048547547310590744,0.9827869294110249,0.033,0.6319999694824219,0.6226666569709778,0.722000002861023,1504.0,4.0,393216,0,0,,,,,,,,,
gauss_int2,linear,gaussian,bipolar,none,raw,,,int2,fine,2,4096,64,30,30,cosine,uniform,1,32,0,0.7125000357627869,0.7273333072662354,0.048547547310590744,0.9827869294110249,0.032,0.6319999694824219,0.6226666569709778,0.722000002861023,1504.0,2.0,393216,0,0,,,,,,,,,
gauss_bipolar,linear,gaussian,bipolar,none,raw,,,bipolar,fine,2,4096,64,30,30,cosine,uniform,1,32,0,0.7125000357627869,0.7273333072662354,0.048547547310590744,0.9827869294110249,0.022,0.6319999694824219,0.6226666569709778,0.722000002861023,1504.0,1.0,393216,0,0,,,,,,,,,
gauss_binary01,linear,gaussian,bipolar,none,raw,,,binary01,fine,2,4096,64,30,30,cosine,uniform,1,32,0,0.7275000214576721,0.7273333072662354,0.009381981566548347,0.9732561592013282,0.023,0.640666663646698,0.6293333172798157,0.6446666717529297,1504.0,1.0,393216,0,0,,,,,,,,,
gauss_ternary,linear,gaussian,bipolar,none,raw,,,ternary,fine,2,4096,64,30,30,cosine,uniform,1,32,0,0.7125000357627869,0.7273333072662354,0.048547547310590744,0.9827869294110249,0.051,0.6319999694824219,0.6226666569709778,0.722000002861023,1504.0,2.0,393216,0,0,,,,,,,,,
gauss_block,linear,gaussian,bipolar,none,raw,,,block,fine,2,4096,64,30,30,cosine,uniform,1,32,0,0.6625000238418579,0.6626666784286499,0.031475190073251724,0.8849424963469786,0.028,0.5693333148956299,0.5699999928474426,0.6380000114440918,1504.0,0.5,393216,0,0,,,,,,,,,
gauss_thermo,linear,gaussian,bipolar,none,raw,,,thermo,fine,2,4096,64,30,30,cosine,uniform,1,32,0,0.7316666841506958,0.722000002861023,0.009290521033108234,0.9732561071325104,0.048,0.6306666731834412,0.628000020980835,0.6980000138282776,2944.0,4.0,761856,0,0,,,,,,,,,
gauss_vq,linear,gaussian,bipolar,none,raw,,,vq,fine,2,4096,64,30,30,cosine,uniform,1,32,0,0.13750000298023224,0.14999999105930328,-0.12685640156269073,0.2715305460022041,0.051,0.1393333375453949,0.12466666847467422,0.15066666901111603,5600.0,0.0,393216,0,0,,,,,,,,,
signrff_real,rff,rff,real,none,raw,"{""bw_scale"": 0.25}",,real,fine,2,4096,64,30,30,cosine,uniform,1,32,0,0.6983333230018616,0.7066666483879089,0.017231596633791924,0.6375033653715767,0.042,0.6140000224113464,0.6200000047683716,0.6826666593551636,1520.0,32.0,393216,0,0,,,,,,,,,
signrff_int8,rff,rff,real,none,raw,"{""bw_scale"": 0.25}",,int8,fine,2,4096,64,30,30,cosine,uniform,1,32,0,0.6974999904632568,0.7059999704360962,0.01720569096505642,0.6374993586436497,0.057,0.6146666407585144,0.6106666326522827,0.6826666593551636,1520.0,8.0,393216,0,0,,,,,,,,,
signrff_int4,rff,rff,real,none,raw,"{""bw_scale"": 0.25}",,int4,fine,2,4096,64,30,30,cosine,uniform,1,32,0,0.6983333230018616,0.7066666483879089,0.017224913462996483,0.6372960345389396,0.056,0.6100000143051147,0.6193333268165588,0.6853333115577698,1520.0,4.0,393216,0,0,,,,,,,,,
signrff_int2,rff,rff,real,none,raw,"{""bw_scale"": 0.25}",,int2,fine,2,4096,64,30,30,cosine,uniform,1,32,0,0.6941666603088379,0.699999988079071,0.01627534255385399,0.6309258550048552,0.055,0.6100000143051147,0.6206666827201843,0.6813333034515381,1520.0,2.0,393216,0,0,,,,,,,,,
signrff_bipolar,rff,rff,real,none,raw,"{""bw_scale"": 0.25}",,bipolar,fine,2,4096,64,30,30,cosine,uniform,1,32,0,0.6866666674613953,0.6913333535194397,0.015050293877720833,0.6246552529034531,0.045,0.6026666760444641,0.6019999980926514,0.6813333034515381,1520.0,1.0,393216,0,0,,,,,,,,,
signrff_binary01,rff,rff,real,none,raw,"{""bw_scale"": 0.25}",,binary01,fine,2,4096,64,30,30,cosine,uniform,1,32,0,0.6875,0.6940000057220459,0.00350583391264081,0.5934319697246387,0.041,0.5946666598320007,0.6086666584014893,0.35999998450279236,1520.0,1.0,393216,0,0,,,,,,,,,
signrff_ternary,rff,rff,real,none,raw,"{""bw_scale"": 0.25}",,ternary,fine,2,4096,64,30,30,cosine,uniform,1,32,0,0.690833330154419,0.7006666660308838,0.016381334513425827,0.6321473271994669,0.079,0.6033333539962769,0.6173333525657654,0.6806666851043701,1520.0,2.0,393216,0,0,,,,,,,,,
signrff_block,rff,rff,real,none,raw,"{""bw_scale"": 0.25}",,block,fine,2,4096,64,30,30,cosine,uniform,1,32,0,0.57833331823349,0.5766666531562805,0.003549886867403984,0.3938773207652923,0.048,0.4699999988079071,0.5026666522026062,0.5073333382606506,1520.0,0.5,393216,0,0,,,,,,,,,
signrff_thermo,rff,rff,real,none,raw,"{""bw_scale"": 0.25}",,thermo,fine,2,4096,64,30,30,cosine,uniform,1,32,0,0.6883333325386047,0.7006666660308838,0.002853819401934743,0.6018861598844848,0.07,0.6113333106040955,0.6166666746139526,0.4440000057220459,2960.0,4.0,761856,0,0,,,,,,,,,
signrff_vq,rff,rff,real,none,raw,"{""bw_scale"": 0.25}",,vq,fine,2,4096,64,30,30,cosine,uniform,1,32,0,0.10166666656732559,0.09333333373069763,-0.24490812420845032,0.1316896115378344,0.076,0.08266666531562805,0.08666666597127914,0.09266666322946548,5616.0,0.0,393216,0,0,,,,,,,,,
fpe_b3_real,fpe,fpe,bipolar,none,raw,"{""bw_scale"": 0.25, ""phase_bits"": 3}",,real,fine,2,4096,64,30,30,cosine,uniform,1,32,0,0.7091667056083679,0.718666672706604,0.017349354922771454,0.63634644571557,0.052,0.6333333253860474,0.6273333430290222,0.7199999690055847,1985.5,32.0,524288,0,0,,,,,,,,,
fpe_b3_int8,fpe,fpe,bipolar,none,raw,"{""bw_scale"": 0.25, ""phase_bits"": 3}",,int8,fine,2,4096,64,30,30,cosine,uniform,1,32,0,0.7108333706855774,0.7213333249092102,0.017342189326882362,0.6363536450097762,0.081,0.6299999952316284,0.6286666393280029,0.7139999866485596,1985.5,8.0,524288,0,0,,,,,,,,,
fpe_b3_int4,fpe,fpe,bipolar,none,raw,"{""bw_scale"": 0.25, ""phase_bits"": 3}",,int4,fine,2,4096,64,30,30,cosine,uniform,1,32,0,0.7091667056083679,0.7206666469573975,0.01733061671257019,0.6363555784785165,0.081,0.6326666474342346,0.6273333430290222,0.7153333425521851,1985.5,4.0,524288,0,0,,,,,,,,,
fpe_b3_int2,fpe,fpe,bipolar,none,raw,"{""bw_scale"": 0.25, ""phase_bits"": 3}",,int2,fine,2,4096,64,30,30,cosine,uniform,1,32,0,0.7041667103767395,0.718666672706604,0.017107263207435608,0.6353014630871864,0.08,0.6346666812896729,0.6306666731834412,0.7133333086967468,1985.5,2.0,524288,0,0,,,,,,,,,
fpe_b3_bipolar,fpe,fpe,bipolar,none,raw,"{""bw_scale"": 0.25, ""phase_bits"": 3}",,bipolar,fine,2,4096,64,30,30,cosine,uniform,1,32,0,0.6808333396911621,0.687333345413208,0.014524201862514019,0.6353214423727724,0.053,0.5979999899864197,0.6133333444595337,0.6660000085830688,1985.5,1.0,524288,0,0,,,,,,,,,
fpe_b3_binary01,fpe,fpe,bipolar,none,raw,"{""bw_scale"": 0.25, ""phase_bits"": 3}",,binary01,fine,2,4096,64,30,30,cosine,uniform,1,32,0,0.6800000071525574,0.6953333020210266,0.0019302396103739738,0.30290669452046765,0.053,0.5946666598320007,0.6153333187103271,0.30933332443237305,1985.5,1.0,524288,0,0,,,,,,,,,
fpe_b3_ternary,fpe,fpe,bipolar,none,raw,"{""bw_scale"": 0.25, ""phase_bits"": 3}",,ternary,fine,2,4096,64,30,30,cosine,uniform,1,32,0,0.7041667103767395,0.718666672706604,0.01710726134479046,0.6353014478388231,0.129,0.6346666812896729,0.6306666731834412,0.7133333086967468,1985.5,2.0,524288,0,0,,,,,,,,,
fpe_b3_block,fpe,fpe,bipolar,none,raw,"{""bw_scale"": 0.25, ""phase_bits"": 3}",,block,fine,2,4096,64,30,30,cosine,uniform,1,32,0,0.6141666769981384,0.6333333253860474,0.006979017052799463,0.5127339460419938,0.07,0.5273333191871643,0.5666666626930237,0.5946666598320007,1985.5,0.5,524288,0,0,,,,,,,,,
fpe_b3_thermo,fpe,fpe,bipolar,none,raw,"{""bw_scale"": 0.25, ""phase_bits"": 3}",,thermo,fine,2,4096,64,30,30,cosine,uniform,1,32,0,0.7016667127609253,0.7206666469573975,0.0025173972826451063,0.40507702942567925,0.113,0.6299999952316284,0.6333333253860474,0.47999998927116394,4865.5,4.0,1261568,0,0,,,,,,,,,
fpe_b3_vq,fpe,fpe,bipolar,none,raw,"{""bw_scale"": 0.25, ""phase_bits"": 3}",,vq,fine,2,4096,64,30,30,cosine,uniform,1,32,0,0.07750000059604645,0.0806666687130928,-0.27199438214302063,0.11691686501174851,0.125,0.07133333384990692,0.07533333450555801,0.07999999821186066,10177.5,0.0,524288,0,0,,,,,,,,,
gaussian_fp32,linear,gaussian,bipolar,none,raw,,,,fine,2,4096,64,30,30,cosine,uniform,1,32,0,0.7125000357627869,0.7273333072662354,0.048547547310590744,0.9827869294110249,0.023,0.6319999694824219,0.6226666569709778,0.722000002861023,1504.0,1.0,389120,0,0,1.0,64.0,,,,,,,
srht_fp32,linear,srht,bipolar,none,raw,,,,fine,2,4096,64,30,30,cosine,uniform,1,32,0,0.4266666769981384,0.4333333373069763,-0.028949905186891556,0.6478604360200678,0.026,0.36933332681655884,0.35733333230018616,0.43066665530204773,1504.0,1.0,389120,0,0,1.0,64.0,,,,,,,
gaussian_p2_mse,linear,gaussian,bipolar,none,raw,"{""proj_bits"": 2, ""proj_scheme"": ""mse""}",,,fine,2,4096,64,30,30,cosine,uniform,1,32,0,0.7191666960716248,0.7233332991600037,0.04800598695874214,0.9819716831761253,0.028,0.6246666312217712,0.6166666746139526,0.722000002861023,519.78,1.0,289896,0,0,0.6215,64.0,,,,,,,
gaussian_p2_max,linear,gaussian,bipolar,none,raw,"{""proj_bits"": 2, ""proj_scheme"": ""max""}",,,fine,2,4096,64,30,30,cosine,uniform,1,32,0,0.49916666746139526,0.5133333206176758,-0.005485269706696272,0.7744669036939255,0.021,0.4399999976158142,0.42533332109451294,0.46799999475479126,480.9,1.0,130668,0,0,0.0141,64.0,,,,,,,
gaussian_p4_mse,linear,gaussian,bipolar,none,raw,"{""proj_bits"": 4, ""proj_scheme"": ""mse""}",,,fine,2,4096,64,30,30,cosine,uniform,1,32,0,0.7150000333786011,0.7306666374206543,0.04833897948265076,0.9826980469762937,0.019,0.625333309173584,0.6246666312217712,0.7293333411216736,590.13,1.0,352521,0,0,0.8604,64.0,,,,,,,
gaussian_p4_max,linear,gaussian,bipolar,none,raw,"{""proj_bits"": 4, ""proj_scheme"": ""max""}",,,fine,2,4096,64,30,30,cosine,uniform,1,32,0,0.7091667056083679,0.7226666808128357,0.04833473265171051,0.9827105879595353,0.018,0.6226666569709778,0.625333309173584,0.7226666808128357,572.72,1.0,316873,0,0,0.7244,64.0,,,,,,,
gaussian_p8_mse,linear,gaussian,bipolar,none,raw,"{""proj_bits"": 8, ""proj_scheme"": ""mse""}",,,fine,2,4096,64,30,30,cosine,uniform,1,32,0,0.7100000381469727,0.7253333330154419,0.04851798340678215,0.9828004575488642,0.019,0.6333333253860474,0.6226666569709778,0.7206666469573975,732.7,1.0,385745,0,0,0.9871,64.0,,,,,,,
gaussian_p8_max,linear,gaussian,bipolar,none,raw,"{""proj_bits"": 8, ""proj_scheme"": ""max""}",,,fine,2,4096,64,30,30,cosine,uniform,1,32,0,0.7191666960716248,0.7293333411216736,0.04805658757686615,0.9827788699725841,0.018,0.6340000033378601,0.6213333010673523,0.7300000190734863,731.91,1.0,384936,0,0,0.984,64.0,,,,,,,
gaussian_ternary,linear,gaussian,bipolar,none,raw,"{""proj_bits"": 2, ""proj_scheme"": ""ternary""}",,,fine,2,4096,64,30,30,cosine,uniform,1,32,0,0.7158333659172058,0.7193333506584167,0.0470409020781517,0.9829618429868214,0.024,0.6166666746139526,0.625333309173584,0.7199999690055847,513.47,1.0,264068,0,0,0.523,64.0,,,,,,,
gaussian_sign,linear,gaussian,bipolar,none,raw,"{""proj_bits"": 1, ""proj_scheme"": ""sign""}",,,fine,2,4096,64,30,30,cosine,uniform,1,32,0,0.705833375453949,0.7239999771118164,0.04743017628788948,0.9827687102824362,0.018,0.6233333349227905,0.6106666326522827,0.7160000205039978,512.0,1.0,389120,0,0,1.0,64.0,,,,,,,
srht_p2_mse,linear,srht,bipolar,none,raw,"{""proj_bits"": 2, ""proj_scheme"": ""mse""}",,,fine,2,4096,64,30,30,cosine,uniform,1,32,0,0.4266666769981384,0.4333333373069763,-0.028949905186891556,0.6478604360200678,0.027,0.36933332681655884,0.35733333230018616,0.43066665530204773,544.0,1.0,389120,0,0,1.0,64.0,,,,,,,
srht_p2_max,linear,srht,bipolar,none,raw,"{""proj_bits"": 2, ""proj_scheme"": ""max""}",,,fine,2,4096,64,30,30,cosine,uniform,1,32,0,0.4266666769981384,0.4333333373069763,-0.028949905186891556,0.6478604360200678,0.026,0.36933332681655884,0.35733333230018616,0.43066665530204773,544.0,1.0,389120,0,0,1.0,64.0,,,,,,,
srht_p4_mse,linear,srht,bipolar,none,raw,"{""proj_bits"": 4, ""proj_scheme"": ""mse""}",,,fine,2,4096,64,30,30,cosine,uniform,1,32,0,0.4266666769981384,0.4333333373069763,-0.028949905186891556,0.6478604360200678,0.027,0.36933332681655884,0.35733333230018616,0.43066665530204773,608.0,1.0,389120,0,0,1.0,64.0,,,,,,,
srht_p4_max,linear,srht,bipolar,none,raw,"{""proj_bits"": 4, ""proj_scheme"": ""max""}",,,fine,2,4096,64,30,30,cosine,uniform,1,32,0,0.4266666769981384,0.4333333373069763,-0.028949905186891556,0.6478604360200678,0.025,0.36933332681655884,0.35733333230018616,0.43066665530204773,608.0,1.0,389120,0,0,1.0,64.0,,,,,,,
srht_p8_mse,linear,srht,bipolar,none,raw,"{""proj_bits"": 8, ""proj_scheme"": ""mse""}",,,fine,2,4096,64,30,30,cosine,uniform,1,32,0,0.4266666769981384,0.4333333373069763,-0.028949905186891556,0.6478604360200678,0.027,0.36933332681655884,0.35733333230018616,0.43066665530204773,736.0,1.0,389120,0,0,1.0,64.0,,,,,,,
srht_p8_max,linear,srht,bipolar,none,raw,"{""proj_bits"": 8, ""proj_scheme"": ""max""}",,,fine,2,4096,64,30,30,cosine,uniform,1,32,0,0.4266666769981384,0.4333333373069763,-0.028949905186891556,0.6478604360200678,0.025,0.36933332681655884,0.35733333230018616,0.43066665530204773,736.0,1.0,389120,0,0,1.0,64.0,,,,,,,
srht_ternary,linear,srht,bipolar,none,raw,"{""proj_bits"": 2, ""proj_scheme"": ""ternary""}",,,fine,2,4096,64,30,30,cosine,uniform,1,32,0,0.4266666769981384,0.4333333373069763,-0.028949905186891556,0.6478604360200678,0.029,0.36933332681655884,0.35733333230018616,0.43066665530204773,544.0,1.0,389120,0,0,1.0,64.0,,,,,,,
srht_sign,linear,srht,bipolar,none,raw,"{""proj_bits"": 1, ""proj_scheme"": ""sign""}",,,fine,2,4096,64,30,30,cosine,uniform,1,32,0,0.4266666769981384,0.4333333373069763,-0.028949905186891556,0.6478604360200678,0.025,0.36933332681655884,0.35733333230018616,0.43066665530204773,512.0,1.0,389120,0,0,1.0,64.0,,,,,,,
proto2_ptq,linear,gaussian,bipolar,none,raw,,,,fine,2,4096,64,30,30,cosine,uniform,1,2,0,0.7125000357627869,0.7226666808128357,0.04471920058131218,0.9827869294110249,0.018,0.625333309173584,0.6226666569709778,0.7146666646003723,1054.0,1.0,389120,0,0,1.0,64.0,,,,,,,
proto2_qat,linear,gaussian,bipolar,none,raw,,,,fine,2,4096,64,30,30,cosine,uniform,1,2,1,0.7250000238418579,0.7226666808128357,0.05293484404683113,0.9827869294110249,0.035,0.6433333158493042,0.6340000033378601,0.7286666631698608,1054.0,1.0,389120,0,0,1.0,64.0,,,,,,,
proto3_ptq,linear,gaussian,bipolar,none,raw,,,,fine,2,4096,64,30,30,cosine,uniform,1,3,0,0.7125000357627869,0.7246666550636292,0.047743894159793854,0.9827869294110249,0.021,0.6333333253860474,0.6206666827201843,0.7179999947547913,1069.0,1.0,389120,0,0,1.0,64.0,,,,,,,
proto3_qat,linear,gaussian,bipolar,none,raw,,,,fine,2,4096,64,30,30,cosine,uniform,1,3,1,0.7208333611488342,0.7279999852180481,0.04884335398674011,0.9827869294110249,0.037,0.6319999694824219,0.625333309173584,0.7266666293144226,1069.0,1.0,389120,0,0,1.0,64.0,,,,,,,
proto4_ptq,linear,gaussian,bipolar,none,raw,,,,fine,2,4096,64,30,30,cosine,uniform,1,4,0,0.7116667032241821,0.7266666293144226,0.048206914216279984,0.9827869294110249,0.019,0.6346666812896729,0.621999979019165,0.7199999690055847,1084.0,1.0,389120,0,0,1.0,64.0,,,,,,,
proto4_qat,linear,gaussian,bipolar,none,raw,,,,fine,2,4096,64,30,30,cosine,uniform,1,4,1,0.7158333659172058,0.7286666631698608,0.04794439673423767,0.9827869294110249,0.036,0.6319999694824219,0.6240000128746033,0.7266666293144226,1084.0,1.0,389120,0,0,1.0,64.0,,,,,,,
gauss_real,linear,gaussian,bipolar,none,raw,,,real,heavy_tail,0,4096,64,30,30,cosine,uniform,1,32,0,0.9491667151451111,0.949999988079071,0.18894673883914948,0.9787859686617021,0.025,0.934666633605957,0.9139999747276306,0.949999988079071,1504.0,32.0,393216,0,0,,,,,,,,,
gauss_int8,linear,gaussian,bipolar,none,raw,,,int8,heavy_tail,0,4096,64,30,30,cosine,uniform,1,32,0,0.9491667151451111,0.949999988079071,0.18894673883914948,0.9787859686617021,0.032,0.934666633605957,0.9139999747276306,0.949999988079071,1504.0,8.0,393216,0,0,,,,,,,,,
gauss_int4,linear,gaussian,bipolar,none,raw,,,int4,heavy_tail,0,4096,64,30,30,cosine,uniform,1,32,0,0.9491667151451111,0.949999988079071,0.18894673883914948,0.9787859686617021,0.033,0.934666633605957,0.9139999747276306,0.949999988079071,1504.0,4.0,393216,0,0,,,,,,,,,
gauss_int2,linear,gaussian,bipolar,none,raw,,,int2,heavy_tail,0,4096,64,30,30,cosine,uniform,1,32,0,0.9491667151451111,0.949999988079071,0.18894673883914948,0.9787859686617021,0.032,0.934666633605957,0.9139999747276306,0.949999988079071,1504.0,2.0,393216,0,0,,,,,,,,,
gauss_bipolar,linear,gaussian,bipolar,none,raw,,,bipolar,heavy_tail,0,4096,64,30,30,cosine,uniform,1,32,0,0.9491667151451111,0.949999988079071,0.18894673883914948,0.9787859686617021,0.019,0.934666633605957,0.9139999747276306,0.949999988079071,1504.0,1.0,393216,0,0,,,,,,,,,
gauss_binary01,linear,gaussian,bipolar,none,raw,,,binary01,heavy_tail,0,4096,64,30,30,cosine,uniform,1,32,0,0.9508333802223206,0.95333331823349,0.049795933067798615,0.9700281567562792,0.019,0.9399999976158142,0.9146666526794434,0.9366666674613953,1504.0,1.0,393216,0,0,,,,,,,,,
gauss_ternary,linear,gaussian,bipolar,none,raw,,,ternary,heavy_tail,0,4096,64,30,30,cosine,uniform,1,32,0,0.9491667151451111,0.949999988079071,0.18894673883914948,0.9787859686617021,0.051,0.934666633605957,0.9139999747276306,0.949999988079071,1504.0,2.0,393216,0,0,,,,,,,,,
gauss_block,linear,gaussian,bipolar,none,raw,,,block,heavy_tail,0,4096,64,30,30,cosine,uniform,1,32,0,0.9266666769981384,0.9319999814033508,0.1724132001399994,0.864358664488379,0.027,0.9113333225250244,0.8819999694824219,0.9206666350364685,1504.0,0.5,393216,0,0,,,,,,,,,
gauss_thermo,linear,gaussian,bipolar,none,raw,,,thermo,heavy_tail,0,4096,64,30,30,cosine,uniform,1,32,0,0.9508333802223206,0.95333331823349,0.04979591816663742,0.9700282420713252,0.046,0.9399999976158142,0.9146666526794434,0.9493333101272583,2944.0,4.0,761856,0,0,,,,,,,,,
gauss_vq,linear,gaussian,bipolar,none,raw,,,vq,heavy_tail,0,4096,64,30,30,cosine,uniform,1,32,0,0.4466666877269745,0.4300000071525574,0.0011988868936896324,0.3218409722361556,0.04,0.43799999356269836,0.3700000047683716,0.44999998807907104,5600.0,0.0,393216,0,0,,,,,,,,,
signrff_real,rff,rff,real,none,raw,"{""bw_scale"": 0.25}",,real,heavy_tail,0,4096,64,30,30,cosine,uniform,1,32,0,0.6974999904632568,0.7086666822433472,0.05558505281805992,0.14331468819954682,0.033,0.6673333048820496,0.7306666374206543,0.687333345413208,1520.0,32.0,393216,0,0,,,,,,,,,
signrff_int8,rff,rff,real,none,raw,"{""bw_scale"": 0.25}",,int8,heavy_tail,0,4096,64,30,30,cosine,uniform,1,32,0,0.699999988079071,0.7120000123977661,0.05557676777243614,0.14330595084042666,0.047,0.668666660785675,0.7300000190734863,0.6886666417121887,1520.0,8.0,393216,0,0,,,,,,,,,
signrff_int4,rff,rff,real,none,raw,"{""bw_scale"": 0.25}",,int4,heavy_tail,0,4096,64,30,30,cosine,uniform,1,32,0,0.6949999928474426,0.7113333344459534,0.05548851564526558,0.14315325889679337,0.047,0.668666660785675,0.7306666374206543,0.6866666674613953,1520.0,4.0,393216,0,0,,,,,,,,,
signrff_int2,rff,rff,real,none,raw,"{""bw_scale"": 0.25}",,int2,heavy_tail,0,4096,64,30,30,cosine,uniform,1,32,0,0.6991666555404663,0.7066666483879089,0.051938291639089584,0.13786822664001275,0.047,0.6546666622161865,0.7226666808128357,0.6739999651908875,1520.0,2.0,393216,0,0,,,,,,,,,
signrff_bipolar,rff,rff,real,none,raw,"{""bw_scale"": 0.25}",,bipolar,heavy_tail,0,4096,64,30,30,cosine,uniform,1,32,0,0.6816666722297668,0.6886666417121887,0.04675821214914322,0.13560642982380283,0.033,0.6346666812896729,0.7053333520889282,0.6679999828338623,1520.0,1.0,393216,0,0,,,,,,,,,
signrff_binary01,rff,rff,real,none,raw,"{""bw_scale"": 0.25}",,binary01,heavy_tail,0,4096,64,30,30,cosine,uniform,1,32,0,0.6741666793823242,0.6826666593551636,0.005623259581625462,0.13225861225189237,0.033,0.6366666555404663,0.7080000042915344,0.33399999141693115,1520.0,1.0,393216,0,0,,,,,,,,,
signrff_ternary,rff,rff,real,none,raw,"{""bw_scale"": 0.25}",,ternary,heavy_tail,0,4096,64,30,30,cosine,uniform,1,32,0,0.6916666626930237,0.7039999961853027,0.05184393376111984,0.1390337473514127,0.069,0.653333306312561,0.7199999690055847,0.6726666688919067,1520.0,2.0,393216,0,0,,,,,,,,,
signrff_block,rff,rff,real,none,raw,"{""bw_scale"": 0.25}",,block,heavy_tail,0,4096,64,30,30,cosine,uniform,1,32,0,0.5200000405311584,0.5040000081062317,0.0065779369324445724,0.06402351320276357,0.037,0.45266667008399963,0.531333327293396,0.4819999933242798,1520.0,0.5,393216,0,0,,,,,,,,,
signrff_thermo,rff,rff,real,none,raw,"{""bw_scale"": 0.25}",,thermo,heavy_tail,0,4096,64,30,30,cosine,uniform,1,32,0,0.6949999928474426,0.7039999961853027,0.0046264901757240295,0.13647298876871025,0.062,0.6579999923706055,0.7206666469573975,0.37599998712539673,2960.0,4.0,761856,0,0,,,,,,,,,
signrff_vq,rff,rff,real,none,raw,"{""bw_scale"": 0.25}",,vq,heavy_tail,0,4096,64,30,30,cosine,uniform,1,32,0,0.28083333373069763,0.2666666507720947,-0.1706005185842514,0.017152426826834263,0.06,0.21133333444595337,0.335999995470047,0.26866665482521057,5616.0,0.0,393216,0,0,,,,,,,,,
fpe_b3_real,fpe,fpe,bipolar,none,raw,"{""bw_scale"": 0.25, ""phase_bits"": 3}",,real,heavy_tail,0,4096,64,30,30,cosine,uniform,1,32,0,0.7333333492279053,0.7513332962989807,0.059791237115859985,0.15952350527311804,0.044,0.7146666646003723,0.7726666331291199,0.734666645526886,1985.5,32.0,524288,0,0,,,,,,,,,
fpe_b3_int8,fpe,fpe,bipolar,none,raw,"{""bw_scale"": 0.25, ""phase_bits"": 3}",,int8,heavy_tail,0,4096,64,30,30,cosine,uniform,1,32,0,0.7333333492279053,0.7513332962989807,0.05979149788618088,0.15952264939949637,0.073,0.7139999866485596,0.7726666331291199,0.734666645526886,1985.5,8.0,524288,0,0,,,,,,,,,
fpe_b3_int4,fpe,fpe,bipolar,none,raw,"{""bw_scale"": 0.25, ""phase_bits"": 3}",,int4,heavy_tail,0,4096,64,30,30,cosine,uniform,1,32,0,0.7333333492279053,0.7506666779518127,0.05979841202497482,0.15951525108286013,0.074,0.7133333086967468,0.7713333368301392,0.7333333492279053,1985.5,4.0,524288,0,0,,,,,,,,,
fpe_b3_int2,fpe,fpe,bipolar,none,raw,"{""bw_scale"": 0.25, ""phase_bits"": 3}",,int2,heavy_tail,0,4096,64,30,30,cosine,uniform,1,32,0,0.7308333516120911,0.746666669845581,0.05862363055348396,0.15806424079516956,0.073,0.7146666646003723,0.7680000066757202,0.7300000190734863,1985.5,2.0,524288,0,0,,,,,,,,,
fpe_b3_bipolar,fpe,fpe,bipolar,none,raw,"{""bw_scale"": 0.25, ""phase_bits"": 3}",,bipolar,heavy_tail,0,4096,64,30,30,cosine,uniform,1,32,0,0.5699999928474426,0.5606666803359985,0.021737975999712944,0.06701636266486213,0.046,0.4886666536331177,0.6119999885559082,0.5346666574478149,1985.5,1.0,524288,0,0,,,,,,,,,
fpe_b3_binary01,fpe,fpe,bipolar,none,raw,"{""bw_scale"": 0.25, ""phase_bits"": 3}",,binary01,heavy_tail,0,4096,64,30,30,cosine,uniform,1,32,0,0.5708333253860474,0.5653333067893982,0.00217927573248744,0.02142063171046659,0.045,0.4880000054836273,0.6079999804496765,0.1979999989271164,1985.5,1.0,524288,0,0,,,,,,,,,
fpe_b3_ternary,fpe,fpe,bipolar,none,raw,"{""bw_scale"": 0.25, ""phase_bits"": 3}",,ternary,heavy_tail,0,4096,64,30,30,cosine,uniform,1,32,0,0.7308333516120911,0.746666669845581,0.05862363055348396,0.15806410804154694,0.119,0.7146666646003723,0.7680000066757202,0.7300000190734863,1985.5,2.0,524288,0,0,,,,,,,,,
fpe_b3_block,fpe,fpe,bipolar,none,raw,"{""bw_scale"": 0.25, ""phase_bits"": 3}",,block,heavy_tail,0,4096,64,30,30,cosine,uniform,1,32,0,0.5641666650772095,0.5606666803359985,0.01414064783602953,0.07311823960729119,0.058,0.4860000014305115,0.5839999914169312,0.5253333449363708,1985.5,0.5,524288,0,0,,,,,,,,,
fpe_b3_thermo,fpe,fpe,bipolar,none,raw,"{""bw_scale"": 0.25, ""phase_bits"": 3}",,thermo,heavy_tail,0,4096,64,30,30,cosine,uniform,1,32,0,0.721666693687439,0.7366666793823242,0.004967628978192806,0.053069601870348336,0.1,0.699999988079071,0.7673333287239075,0.512666642665863,4865.5,4.0,1261568,0,0,,,,,,,,,
fpe_b3_vq,fpe,fpe,bipolar,none,raw,"{""bw_scale"": 0.25, ""phase_bits"": 3}",,vq,heavy_tail,0,4096,64,30,30,cosine,uniform,1,32,0,0.335833340883255,0.3386666774749756,-0.13834108412265778,0.007112607865078928,0.1,0.26466667652130127,0.4113333225250244,0.33533331751823425,10177.5,0.0,524288,0,0,,,,,,,,,
gaussian_fp32,linear,gaussian,bipolar,none,raw,,,,heavy_tail,0,4096,64,30,30,cosine,uniform,1,32,0,0.9491667151451111,0.949999988079071,0.18894673883914948,0.9787859686617021,0.018,0.934666633605957,0.9139999747276306,0.949999988079071,1504.0,1.0,389120,0,0,1.0,64.0,,,,,,,
srht_fp32,linear,srht,bipolar,none,raw,,,,heavy_tail,0,4096,64,30,30,cosine,uniform,1,32,0,0.7233333587646484,0.7360000014305115,0.0770777091383934,0.6302019293685828,0.02,0.7093333005905151,0.6653333306312561,0.7393333315849304,1504.0,1.0,389120,0,0,1.0,64.0,,,,,,,
gaussian_p2_mse,linear,gaussian,bipolar,none,raw,"{""proj_bits"": 2, ""proj_scheme"": ""mse""}",,,heavy_tail,0,4096,64,30,30,cosine,uniform,1,32,0,0.9424999952316284,0.9459999799728394,0.18390198051929474,0.9776469298680349,0.018,0.9279999732971191,0.906000018119812,0.9459999799728394,520.79,1.0,294051,0,0,0.6373,64.0,,,,,,,
gaussian_p2_max,linear,gaussian,bipolar,none,raw,"{""proj_bits"": 2, ""proj_scheme"": ""max""}",,,heavy_tail,0,4096,64,30,30,cosine,uniform,1,32,0,0.9975000023841858,0.996666669845581,0.16967979073524475,0.6189472388008362,0.017,0.9853333234786987,0.9893333315849304,0.9973333477973938,481.17,1.0,131761,0,0,0.0183,64.0,,,,,,,
gaussian_p4_mse,linear,gaussian,bipolar,none,raw,"{""proj_bits"": 4, ""proj_scheme"": ""mse""}",,,heavy_tail,0,4096,64,30,30,cosine,uniform,1,32,0,0.9475000500679016,0.9519999623298645,0.18793347477912903,0.9785052035156341,0.021,0.9340000152587891,0.9126666784286499,0.9506666660308838,590.89,1.0,354083,0,0,0.8663,64.0,,,,,,,
gaussian_p4_max,linear,gaussian,bipolar,none,raw,"{""proj_bits"": 4, ""proj_scheme"": ""max""}",,,heavy_tail,0,4096,64,30,30,cosine,uniform,1,32,0,0.9500000476837158,0.95333331823349,0.19002047181129456,0.9785136766989786,0.018,0.9366666674613953,0.9120000004768372,0.9513333439826965,574.3,1.0,320099,0,0,0.7367,64.0,,,,,,,
gaussian_p8_mse,linear,gaussian,bipolar,none,raw,"{""proj_bits"": 8, ""proj_scheme"": ""mse""}",,,heavy_tail,0,4096,64,30,30,cosine,uniform,1,32,0,0.9500000476837158,0.9506666660308838,0.18903116881847382,0.9787977963931657,0.019,0.9366666674613953,0.9133332967758179,0.9493333101272583,733.05,1.0,386104,0,0,0.9885,64.0,,,,,,,
gaussian_p8_max,linear,gaussian,bipolar,none,raw,"{""proj_bits"": 8, ""proj_scheme"": ""max""}",,,heavy_tail,0,4096,64,30,30,cosine,uniform,1,32,0,0.9491667151451111,0.9506666660308838,0.1893513947725296,0.9788200514356363,0.018,0.9359999895095825,0.9139999747276306,0.9519999623298645,732.3,1.0,385329,0,0,0.9855,64.0,,,,,,,
gaussian_ternary,linear,gaussian,bipolar,none,raw,"{""proj_bits"": 2, ""proj_scheme"": ""ternary""}",,,heavy_tail,0,4096,64,30,30,cosine,uniform,1,32,0,0.9466667175292969,0.9473333358764648,0.18564845621585846,0.9773796957911024,0.023,0.934666633605957,0.9113333225250244,0.9480000138282776,513.51,1.0,264227,0,0,0.5236,64.0,,,,,,,
gaussian_sign,linear,gaussian,bipolar,none,raw,"{""proj_bits"": 1, ""proj_scheme"": ""sign""}",,,heavy_tail,0,4096,64,30,30,cosine,uniform,1,32,0,0.8941667079925537,0.8853332996368408,0.1386564075946808,0.9592435427672207,0.02,0.8726666569709778,0.8446666598320007,0.8813333511352539,512.0,1.0,389120,0,0,1.0,64.0,,,,,,,
srht_p2_mse,linear,srht,bipolar,none,raw,"{""proj_bits"": 2, ""proj_scheme"": ""mse""}",,,heavy_tail,0,4096,64,30,30,cosine,uniform,1,32,0,0.7233333587646484,0.7360000014305115,0.0770777091383934,0.6302019293685828,0.021,0.7093333005905151,0.6653333306312561,0.7393333315849304,544.0,1.0,389120,0,0,1.0,64.0,,,,,,,
srht_p2_max,linear,srht,bipolar,none,raw,"{""proj_bits"": 2, ""proj_scheme"": ""max""}",,,heavy_tail,0,4096,64,30,30,cosine,uniform,1,32,0,0.7233333587646484,0.7360000014305115,0.0770777091383934,0.6302019293685828,0.02,0.7093333005905151,0.6653333306312561,0.7393333315849304,544.0,1.0,389120,0,0,1.0,64.0,,,,,,,
srht_p4_mse,linear,srht,bipolar,none,raw,"{""proj_bits"": 4, ""proj_scheme"": ""mse""}",,,heavy_tail,0,4096,64,30,30,cosine,uniform,1,32,0,0.7233333587646484,0.7360000014305115,0.0770777091383934,0.6302019293685828,0.021,0.7093333005905151,0.6653333306312561,0.7393333315849304,608.0,1.0,389120,0,0,1.0,64.0,,,,,,,
srht_p4_max,linear,srht,bipolar,none,raw,"{""proj_bits"": 4, ""proj_scheme"": ""max""}",,,heavy_tail,0,4096,64,30,30,cosine,uniform,1,32,0,0.7233333587646484,0.7360000014305115,0.0770777091383934,0.6302019293685828,0.02,0.7093333005905151,0.6653333306312561,0.7393333315849304,608.0,1.0,389120,0,0,1.0,64.0,,,,,,,
srht_p8_mse,linear,srht,bipolar,none,raw,"{""proj_bits"": 8, ""proj_scheme"": ""mse""}",,,heavy_tail,0,4096,64,30,30,cosine,uniform,1,32,0,0.7233333587646484,0.7360000014305115,0.0770777091383934,0.6302019293685828,0.021,0.7093333005905151,0.6653333306312561,0.7393333315849304,736.0,1.0,389120,0,0,1.0,64.0,,,,,,,
srht_p8_max,linear,srht,bipolar,none,raw,"{""proj_bits"": 8, ""proj_scheme"": ""max""}",,,heavy_tail,0,4096,64,30,30,cosine,uniform,1,32,0,0.7233333587646484,0.7360000014305115,0.0770777091383934,0.6302019293685828,0.02,0.7093333005905151,0.6653333306312561,0.7393333315849304,736.0,1.0,389120,0,0,1.0,64.0,,,,,,,
srht_ternary,linear,srht,bipolar,none,raw,"{""proj_bits"": 2, ""proj_scheme"": ""ternary""}",,,heavy_tail,0,4096,64,30,30,cosine,uniform,1,32,0,0.7233333587646484,0.7360000014305115,0.0770777091383934,0.6302019293685828,0.024,0.7093333005905151,0.6653333306312561,0.7393333315849304,544.0,1.0,389120,0,0,1.0,64.0,,,,,,,
srht_sign,linear,srht,bipolar,none,raw,"{""proj_bits"": 1, ""proj_scheme"": ""sign""}",,,heavy_tail,0,4096,64,30,30,cosine,uniform,1,32,0,0.7233333587646484,0.7360000014305115,0.0770777091383934,0.6302019293685828,0.02,0.7093333005905151,0.6653333306312561,0.7393333315849304,512.0,1.0,389120,0,0,1.0,64.0,,,,,,,
proto2_ptq,linear,gaussian,bipolar,none,raw,,,,heavy_tail,0,4096,64,30,30,cosine,uniform,1,2,0,0.9491667151451111,0.9526666402816772,0.1787068247795105,0.9787859686617021,0.018,0.937333345413208,0.9126666784286499,0.9513333439826965,1054.0,1.0,389120,0,0,1.0,64.0,,,,,,,
proto2_qat,linear,gaussian,bipolar,none,raw,,,,heavy_tail,0,4096,64,30,30,cosine,uniform,1,2,1,0.9475000500679016,0.9553333520889282,0.18373091518878937,0.9787859686617021,0.035,0.9386666417121887,0.9086666703224182,0.95333331823349,1054.0,1.0,389120,0,0,1.0,64.0,,,,,,,
proto3_ptq,linear,gaussian,bipolar,none,raw,,,,heavy_tail,0,4096,64,30,30,cosine,uniform,1,3,0,0.9500000476837158,0.9493333101272583,0.18723644316196442,0.9787859686617021,0.018,0.9359999895095825,0.9139999747276306,0.9519999623298645,1069.0,1.0,389120,0,0,1.0,64.0,,,,,,,
proto3_qat,linear,gaussian,bipolar,none,raw,,,,heavy_tail,0,4096,64,30,30,cosine,uniform,1,3,1,0.9500000476837158,0.9546666741371155,0.1927775889635086,0.9787859686617021,0.035,0.9366666674613953,0.9079999923706055,0.9539999961853027,1069.0,1.0,389120,0,0,1.0,64.0,,,,,,,
proto4_ptq,linear,gaussian,bipolar,none,raw,,,,heavy_tail,0,4096,64,30,30,cosine,uniform,1,4,0,0.9491667151451111,0.9506666660308838,0.18870261311531067,0.9787859686617021,0.018,0.9353333115577698,0.9146666526794434,0.9506666660308838,1084.0,1.0,389120,0,0,1.0,64.0,,,,,,,
proto4_qat,linear,gaussian,bipolar,none,raw,,,,heavy_tail,0,4096,64,30,30,cosine,uniform,1,4,1,0.9483333826065063,0.95333331823349,0.1927626132965088,0.9787859686617021,0.035,0.940666675567627,0.9086666703224182,0.949999988079071,1084.0,1.0,389120,0,0,1.0,64.0,,,,,,,
gauss_real,linear,gaussian,bipolar,none,raw,,,real,heavy_tail,1,4096,64,30,30,cosine,uniform,1,32,0,0.9491667151451111,0.9526666402816772,0.19288451969623566,0.9787654116563916,0.018,0.9440000057220459,0.9206666350364685,0.9513333439826965,1504.0,32.0,393216,0,0,,,,,,,,,
gauss_int8,linear,gaussian,bipolar,none,raw,,,int8,heavy_tail,1,4096,64,30,30,cosine,uniform,1,32,0,0.9491667151451111,0.9526666402816772,0.19288451969623566,0.9787654116563916,0.032,0.9440000057220459,0.9206666350364685,0.9513333439826965,1504.0,8.0,393216,0,0,,,,,,,,,
gauss_int4,linear,gaussian,bipolar,none,raw,,,int4,heavy_tail,1,4096,64,30,30,cosine,uniform,1,32,0,0.9491667151451111,0.9526666402816772,0.19288451969623566,0.9787654116563916,0.032,0.9440000057220459,0.9206666350364685,0.9513333439826965,1504.0,4.0,393216,0,0,,,,,,,,,
gauss_int2,linear,gaussian,bipolar,none,raw,,,int2,heavy_tail,1,4096,64,30,30,cosine,uniform,1,32,0,0.9491667151451111,0.9526666402816772,0.19288451969623566,0.9787654116563916,0.032,0.9440000057220459,0.9206666350364685,0.9513333439826965,1504.0,2.0,393216,0,0,,,,,,,,,
gauss_bipolar,linear,gaussian,bipolar,none,raw,,,bipolar,heavy_tail,1,4096,64,30,30,cosine,uniform,1,32,0,0.9491667151451111,0.9526666402816772,0.19288451969623566,0.9787654116563916,0.018,0.9440000057220459,0.9206666350364685,0.9513333439826965,1504.0,1.0,393216,0,0,,,,,,,,,
gauss_binary01,linear,gaussian,bipolar,none,raw,,,binary01,heavy_tail,1,4096,64,30,30,cosine,uniform,1,32,0,0.9508333802223206,0.9526666402816772,0.051247093826532364,0.9666470271681508,0.018,0.9440000057220459,0.9266666769981384,0.9340000152587891,1504.0,1.0,393216,0,0,,,,,,,,,
gauss_ternary,linear,gaussian,bipolar,none,raw,,,ternary,heavy_tail,1,4096,64,30,30,cosine,uniform,1,32,0,0.9491667151451111,0.9526666402816772,0.19288451969623566,0.9787654116563916,0.051,0.9440000057220459,0.9206666350364685,0.9513333439826965,1504.0,2.0,393216,0,0,,,,,,,,,
gauss_block,linear,gaussian,bipolar,none,raw,,,block,heavy_tail,1,4096,64,30,30,cosine,uniform,1,32,0,0.925000011920929,0.9353333115577698,0.17739257216453552,0.8599288071568196,0.028,0.921999990940094,0.8999999761581421,0.9306666851043701,1504.0,0.5,393216,0,0,,,,,,,,,
gauss_thermo,linear,gaussian,bipolar,none,raw,,,thermo,heavy_tail,1,4096,64,30,30,cosine,uniform,1,32,0,0.9508333802223206,0.9526666402816772,0.051247090101242065,0.9666470584924636,0.047,0.9440000057220459,0.9266666769981384,0.9459999799728394,2944.0,4.0,761856,0,0,,,,,,,,,
gauss_vq,linear,gaussian,bipolar,none,raw,,,vq,heavy_tail,1,4096,64,30,30,cosine,uniform,1,32,0,0.48250001668930054,0.4906666576862335,0.010595835745334625,0.3294418727471738,0.04,0.4833333194255829,0.4059999883174896,0.49000000953674316,5600.0,0.0,393216,0,0,,,,,,,,,
signrff_real,rff,rff,real,none,raw,"{""bw_scale"": 0.25}",,real,heavy_tail,1,4096,64,30,30,cosine,uniform,1,32,0,0.7108333706855774,0.7113333344459534,0.057660847902297974,0.13438016449490717,0.037,0.6700000166893005,0.7493333220481873,0.6866666674613953,1520.0,32.0,393216,0,0,,,,,,,,,
signrff_int8,rff,rff,real,none,raw,"{""bw_scale"": 0.25}",,int8,heavy_tail,1,4096,64,30,30,cosine,uniform,1,32,0,0.7100000381469727,0.7113333344459534,0.05764811486005783,0.1344084577600072,0.05,0.6693333387374878,0.7486666440963745,0.6853333115577698,1520.0,8.0,393216,0,0,,,,,,,,,
signrff_int4,rff,rff,real,none,raw,"{""bw_scale"": 0.25}",,int4,heavy_tail,1,4096,64,30,30,cosine,uniform,1,32,0,0.7108333706855774,0.7106666564941406,0.05737488344311714,0.13440548939968663,0.051,0.6693333387374878,0.75,0.6866666674613953,1520.0,4.0,393216,0,0,,,,,,,,,
signrff_int2,rff,rff,real,none,raw,"{""bw_scale"": 0.25}",,int2,heavy_tail,1,4096,64,30,30,cosine,uniform,1,32,0,0.70250004529953,0.7059999704360962,0.0538429357111454,0.13166571788824646,0.051,0.6579999923706055,0.7453333139419556,0.6773333549499512,1520.0,2.0,393216,0,0,,,,,,,,,
signrff_bipolar,rff,rff,real,none,raw,"{""bw_scale"": 0.25}",,bipolar,heavy_tail,1,4096,64,30,30,cosine,uniform,1,32,0,0.6883333325386047,0.6986666321754456,0.04883941635489464,0.1220524278963018,0.037,0.6526666879653931,0.7266666293144226,0.6800000071525574,1520.0,1.0,393216,0,0,,,,,,,,,
signrff_binary01,rff,rff,real,none,raw,"{""bw_scale"": 0.25}",,binary01,heavy_tail,1,4096,64,30,30,cosine,uniform,1,32,0,0.6783333420753479,0.6913333535194397,0.005873325280845165,0.11517027883639022,0.037,0.6346666812896729,0.7179999947547913,0.3086666762828827,1520.0,1.0,393216,0,0,,,,,,,,,
signrff_ternary,rff,rff,real,none,raw,"{""bw_scale"": 0.25}",,ternary,heavy_tail,1,4096,64,30,30,cosine,uniform,1,32,0,0.7041667103767395,0.7059999704360962,0.053878407925367355,0.1308826514198054,0.073,0.6586666703224182,0.7459999918937683,0.6753333210945129,1520.0,2.0,393216,0,0,,,,,,,,,
signrff_block,rff,rff,real,none,raw,"{""bw_scale"": 0.25}",,block,heavy_tail,1,4096,64,30,30,cosine,uniform,1,32,0,0.5275000333786011,0.5199999809265137,0.0080555509775877,0.06118695466449498,0.041,0.4426666498184204,0.562666654586792,0.47999998927116394,1520.0,0.5,393216,0,0,,,,,,,,,
signrff_thermo,rff,rff,real,none,raw,"{""bw_scale"": 0.25}",,thermo,heavy_tail,1,4096,64,30,30,cosine,uniform,1,32,0,0.7016667127609253,0.70333331823349,0.0047771683894097805,0.1266206487732777,0.064,0.6606666445732117,0.7419999837875366,0.4580000042915344,2960.0,4.0,761856,0,0,,,,,,,,,
signrff_vq,rff,rff,real,none,raw,"{""bw_scale"": 0.25}",,vq,heavy_tail,1,4096,64,30,30,cosine,uniform,1,32,0,0.3616666793823242,0.3373333215713501,-0.14732792973518372,0.027454307681412292,0.061,0.273333340883255,0.44200000166893005,0.33533331751823425,5616.0,0.0,393216,0,0,,,,,,,,,
fpe_b3_real,fpe,fpe,bipolar,none,raw,"{""bw_scale"": 0.25, ""phase_bits"": 3}",,real,heavy_tail,1,4096,64,30,30,cosine,uniform,1,32,0,0.7400000095367432,0.7459999918937683,0.06125475466251373,0.15004644446445403,0.047,0.7080000042915344,0.7739999890327454,0.731333315372467,1985.5,32.0,524288,0,0,,,,,,,,,
fpe_b3_int8,fpe,fpe,bipolar,none,raw,"{""bw_scale"": 0.25, ""phase_bits"": 3}",,int8,heavy_tail,1,4096,64,30,30,cosine,uniform,1,32,0,0.7400000095367432,0.7459999918937683,0.061254821717739105,0.150051704101085,0.076,0.7080000042915344,0.7739999890327454,0.731333315372467,1985.5,8.0,524288,0,0,,,,,,,,,
fpe_b3_int4,fpe,fpe,bipolar,none,raw,"{""bw_scale"": 0.25, ""phase_bits"": 3}",,int4,heavy_tail,1,4096,64,30,30,cosine,uniform,1,32,0,0.7408333420753479,0.7459999918937683,0.06126021221280098,0.15006181879408856,0.076,0.7073333263397217,0.7726666331291199,0.731333315372467,1985.5,4.0,524288,0,0,,,,,,,,,
fpe_b3_int2,fpe,fpe,bipolar,none,raw,"{""bw_scale"": 0.25, ""phase_bits"": 3}",,int2,heavy_tail,1,4096,64,30,30,cosine,uniform,1,32,0,0.737500011920929,0.7459999918937683,0.06003173440694809,0.14921561700392363,0.076,0.7039999961853027,0.7713333368301392,0.7246666550636292,1985.5,2.0,524288,0,0,,,,,,,,,
fpe_b3_bipolar,fpe,fpe,bipolar,none,raw,"{""bw_scale"": 0.25, ""phase_bits"": 3}",,bipolar,heavy_tail,1,4096,64,30,30,cosine,uniform,1,32,0,0.5575000047683716,0.5693333148956299,0.022737424820661545,0.060638517976475945,0.048,0.49533331394195557,0.6313333511352539,0.5400000214576721,1985.5,1.0,524288,0,0,,,,,,,,,
fpe_b3_binary01,fpe,fpe,bipolar,none,raw,"{""bw_scale"": 0.25, ""phase_bits"": 3}",,binary01,heavy_tail,1,4096,64,30,30,cosine,uniform,1,32,0,0.5575000047683716,0.5680000185966492,0.0022837503347545862,0.005949947264390836,0.048,0.4973333179950714,0.6380000114440918,0.21933333575725555,1985.5,1.0,524288,0,0,,,,,,,,,
fpe_b3_ternary,fpe,fpe,bipolar,none,raw,"{""bw_scale"": 0.25, ""phase_bits"": 3}",,ternary,heavy_tail,1,4096,64,30,30,cosine,uniform,1,32,0,0.737500011920929,0.7459999918937683,0.06003173813223839,0.14921498772346034,0.122,0.7039999961853027,0.7713333368301392,0.7246666550636292,1985.5,2.0,524288,0,0,,,,,,,,,
fpe_b3_block,fpe,fpe,bipolar,none,raw,"{""bw_scale"": 0.25, ""phase_bits"": 3}",,block,heavy_tail,1,4096,64,30,30,cosine,uniform,1,32,0,0.5525000095367432,0.5673333406448364,0.014030634425580502,0.06876142042493101,0.062,0.4959999918937683,0.6019999980926514,0.5333333015441895,1985.5,0.5,524288,0,0,,,,,,,,,
fpe_b3_thermo,fpe,fpe,bipolar,none,raw,"{""bw_scale"": 0.25, ""phase_bits"": 3}",,thermo,heavy_tail,1,4096,64,30,30,cosine,uniform,1,32,0,0.71833336353302,0.734666645526886,0.005051847547292709,0.03785525398264881,0.104,0.6840000152587891,0.7646666765213013,0.503333330154419,4865.5,4.0,1261568,0,0,,,,,,,,,
fpe_b3_vq,fpe,fpe,bipolar,none,raw,"{""bw_scale"": 0.25, ""phase_bits"": 3}",,vq,heavy_tail,1,4096,64,30,30,cosine,uniform,1,32,0,0.35583335161209106,0.3466666638851166,-0.15679728984832764,0.022212268962178875,0.107,0.28200000524520874,0.46000000834465027,0.3466666638851166,10177.5,0.0,524288,0,0,,,,,,,,,
gaussian_fp32,linear,gaussian,bipolar,none,raw,,,,heavy_tail,1,4096,64,30,30,cosine,uniform,1,32,0,0.9491667151451111,0.9526666402816772,0.19288451969623566,0.9787654116563916,0.018,0.9440000057220459,0.9206666350364685,0.9513333439826965,1504.0,1.0,389120,0,0,1.0,64.0,,,,,,,
srht_fp32,linear,srht,bipolar,none,raw,,,,heavy_tail,1,4096,64,30,30,cosine,uniform,1,32,0,0.75,0.753333330154419,0.07739799469709396,0.6293145022315498,0.02,0.70333331823349,0.6779999732971191,0.746666669845581,1504.0,1.0,389120,0,0,1.0,64.0,,,,,,,
gaussian_p2_mse,linear,gaussian,bipolar,none,raw,"{""proj_bits"": 2, ""proj_scheme"": ""mse""}",,,heavy_tail,1,4096,64,30,30,cosine,uniform,1,32,0,0.9391666650772095,0.9419999718666077,0.18718387186527252,0.9765114900905544,0.019,0.9419999718666077,0.9139999747276306,0.9446666836738586,522.13,1.0,299542,0,0,0.6583,64.0,,,,,,,
gaussian_p2_max,linear,gaussian,bipolar,none,raw,"{""proj_bits"": 2, ""proj_scheme"": ""max""}",,,heavy_tail,1,4096,64,30,30,cosine,uniform,1,32,0,0.9975000023841858,0.9973333477973938,0.22756327688694,0.6893747995756094,0.016,0.9879999756813049,0.9913333058357239,0.9979999661445618,481.78,1.0,134252,0,0,0.0278,64.0,,,,,,,
gaussian_p4_mse,linear,gaussian,bipolar,none,raw,"{""proj_bits"": 4, ""proj_scheme"": ""mse""}",,,heavy_tail,1,4096,64,30,30,cosine,uniform,1,32,0,0.9441666603088379,0.9506666660308838,0.19168654084205627,0.9787801843184923,0.019,0.9446666836738586,0.9160000085830688,0.9519999623298645,591.96,1.0,356263,0,0,0.8747,64.0,,,,,,,
gaussian_p4_max,linear,gaussian,bipolar,none,raw,"{""proj_bits"": 4, ""proj_scheme"": ""max""}",,,heavy_tail,1,4096,64,30,30,cosine,uniform,1,32,0,0.9508333802223206,0.9513333439826965,0.19313476979732513,0.9792254364142332,0.018,0.9386666417121887,0.9246666431427002,0.9526666402816772,576.31,1.0,324224,0,0,0.7524,64.0,,,,,,,
gaussian_p8_mse,linear,gaussian,bipolar,none,raw,"{""proj_bits"": 8, ""proj_scheme"": ""mse""}",,,heavy_tail,1,4096,64,30,30,cosine,uniform,1,32,0,0.9466667175292969,0.9506666660308838,0.19265423715114594,0.9788221902783941,0.019,0.9433333277702332,0.9213333129882812,0.9519999623298645,732.87,1.0,385916,0,0,0.9878,64.0,,,,,,,
gaussian_p8_max,linear,gaussian,bipolar,none,raw,"{""proj_bits"": 8, ""proj_scheme"": ""max""}",,,heavy_tail,1,4096,64,30,30,cosine,uniform,1,32,0,0.9483333826065063,0.9513333439826965,0.19285355508327484,0.9788357444955998,0.017,0.9433333277702332,0.9206666350364685,0.9519999623298645,732.54,1.0,385580,0,0,0.9865,64.0,,,,,,,
gaussian_ternary,linear,gaussian,bipolar,none,raw,"{""proj_bits"": 2, ""proj_scheme"": ""ternary""}",,,heavy_tail,1,4096,64,30,30,cosine,uniform,1,32,0,0.9466667175292969,0.9466666579246521,0.18788838386535645,0.9769897880908371,0.024,0.9419999718666077,0.9166666865348816,0.9486666321754456,513.45,1.0,263985,0,0,0.5226,64.0,,,,,,,
gaussian_sign,linear,gaussian,bipolar,none,raw,"{""proj_bits"": 1, ""proj_scheme"": ""sign""}",,,heavy_tail,1,4096,64,30,30,cosine,uniform,1,32,0,0.8883333802223206,0.8980000019073486,0.1448238492012024,0.9636076957043217,0.02,0.8913333415985107,0.8460000157356262,0.8966666460037231,512.0,1.0,389120,0,0,1.0,64.0,,,,,,,
srht_p2_mse,linear,srht,bipolar,none,raw,"{""proj_bits"": 2, ""proj_scheme"": ""mse""}",,,heavy_tail,1,4096,64,30,30,cosine,uniform,1,32,0,0.75,0.753333330154419,0.07739799469709396,0.6293145022315498,0.021,0.70333331823349,0.6779999732971191,0.746666669845581,544.0,1.0,389120,0,0,1.0,64.0,,,,,,,
srht_p2_max,linear,srht,bipolar,none,raw,"{""proj_bits"": 2, ""proj_scheme"": ""max""}",,,heavy_tail,1,4096,64,30,30,cosine,uniform,1,32,0,0.75,0.753333330154419,0.07739799469709396,0.6293145022315498,0.02,0.70333331823349,0.6779999732971191,0.746666669845581,544.0,1.0,389120,0,0,1.0,64.0,,,,,,,
srht_p4_mse,linear,srht,bipolar,none,raw,"{""proj_bits"": 4, ""proj_scheme"": ""mse""}",,,heavy_tail,1,4096,64,30,30,cosine,uniform,1,32,0,0.75,0.753333330154419,0.07739799469709396,0.6293145022315498,0.021,0.70333331823349,0.6779999732971191,0.746666669845581,608.0,1.0,389120,0,0,1.0,64.0,,,,,,,
srht_p4_max,linear,srht,bipolar,none,raw,"{""proj_bits"": 4, ""proj_scheme"": ""max""}",,,heavy_tail,1,4096,64,30,30,cosine,uniform,1,32,0,0.75,0.753333330154419,0.07739799469709396,0.6293145022315498,0.02,0.70333331823349,0.6779999732971191,0.746666669845581,608.0,1.0,389120,0,0,1.0,64.0,,,,,,,
srht_p8_mse,linear,srht,bipolar,none,raw,"{""proj_bits"": 8, ""proj_scheme"": ""mse""}",,,heavy_tail,1,4096,64,30,30,cosine,uniform,1,32,0,0.75,0.753333330154419,0.07739799469709396,0.6293145022315498,0.021,0.70333331823349,0.6779999732971191,0.746666669845581,736.0,1.0,389120,0,0,1.0,64.0,,,,,,,
srht_p8_max,linear,srht,bipolar,none,raw,"{""proj_bits"": 8, ""proj_scheme"": ""max""}",,,heavy_tail,1,4096,64,30,30,cosine,uniform,1,32,0,0.75,0.753333330154419,0.07739799469709396,0.6293145022315498,0.02,0.70333331823349,0.6779999732971191,0.746666669845581,736.0,1.0,389120,0,0,1.0,64.0,,,,,,,
srht_ternary,linear,srht,bipolar,none,raw,"{""proj_bits"": 2, ""proj_scheme"": ""ternary""}",,,heavy_tail,1,4096,64,30,30,cosine,uniform,1,32,0,0.75,0.753333330154419,0.07739799469709396,0.6293145022315498,0.023,0.70333331823349,0.6779999732971191,0.746666669845581,544.0,1.0,389120,0,0,1.0,64.0,,,,,,,
srht_sign,linear,srht,bipolar,none,raw,"{""proj_bits"": 1, ""proj_scheme"": ""sign""}",,,heavy_tail,1,4096,64,30,30,cosine,uniform,1,32,0,0.75,0.753333330154419,0.07739799469709396,0.6293145022315498,0.02,0.70333331823349,0.6779999732971191,0.746666669845581,512.0,1.0,389120,0,0,1.0,64.0,,,,,,,
proto2_ptq,linear,gaussian,bipolar,none,raw,,,,heavy_tail,1,4096,64,30,30,cosine,uniform,1,2,0,0.9508333802223206,0.9506666660308838,0.18235045671463013,0.9787654116563916,0.018,0.9399999976158142,0.9246666431427002,0.9519999623298645,1054.0,1.0,389120,0,0,1.0,64.0,,,,,,,
proto2_qat,linear,gaussian,bipolar,none,raw,,,,heavy_tail,1,4096,64,30,30,cosine,uniform,1,2,1,0.9508333802223206,0.9506666660308838,0.18618418276309967,0.9787654116563916,0.035,0.9393333196640015,0.9200000166893005,0.9526666402816772,1054.0,1.0,389120,0,0,1.0,64.0,,,,,,,
proto3_ptq,linear,gaussian,bipolar,none,raw,,,,heavy_tail,1,4096,64,30,30,cosine,uniform,1,3,0,0.9500000476837158,0.9526666402816772,0.1914365142583847,0.9787654116563916,0.018,0.9426666498184204,0.9239999651908875,0.95333331823349,1069.0,1.0,389120,0,0,1.0,64.0,,,,,,,
proto3_qat,linear,gaussian,bipolar,none,raw,,,,heavy_tail,1,4096,64,30,30,cosine,uniform,1,3,1,0.9533333778381348,0.9539999961853027,0.19537200033664703,0.9787654116563916,0.035,0.937999963760376,0.921999990940094,0.95333331823349,1069.0,1.0,389120,0,0,1.0,64.0,,,,,,,
proto4_ptq,linear,gaussian,bipolar,none,raw,,,,heavy_tail,1,4096,64,30,30,cosine,uniform,1,4,0,0.9491667151451111,0.9519999623298645,0.19228406250476837,0.9787654116563916,0.018,0.9440000057220459,0.921999990940094,0.9526666402816772,1084.0,1.0,389120,0,0,1.0,64.0,,,,,,,
proto4_qat,linear,gaussian,bipolar,none,raw,,,,heavy_tail,1,4096,64,30,30,cosine,uniform,1,4,1,0.95250004529953,0.9546666741371155,0.19388805329799652,0.9787654116563916,0.035,0.9426666498184204,0.9239999651908875,0.95333331823349,1084.0,1.0,389120,0,0,1.0,64.0,,,,,,,
gauss_real,linear,gaussian,bipolar,none,raw,,,real,heavy_tail,2,4096,64,30,30,cosine,uniform,1,32,0,0.955833375453949,0.9419999718666077,0.18982340395450592,0.9777645820129753,0.023,0.9359999895095825,0.906000018119812,0.9399999976158142,1504.0,32.0,393216,0,0,,,,,,,,,
gauss_int8,linear,gaussian,bipolar,none,raw,,,int8,heavy_tail,2,4096,64,30,30,cosine,uniform,1,32,0,0.955833375453949,0.9419999718666077,0.18982340395450592,0.9777645820129753,0.03,0.9359999895095825,0.906000018119812,0.9399999976158142,1504.0,8.0,393216,0,0,,,,,,,,,
gauss_int4,linear,gaussian,bipolar,none,raw,,,int4,heavy_tail,2,4096,64,30,30,cosine,uniform,1,32,0,0.955833375453949,0.9419999718666077,0.18982340395450592,0.9777645820129753,0.034,0.9359999895095825,0.906000018119812,0.9399999976158142,1504.0,4.0,393216,0,0,,,,,,,,,
gauss_int2,linear,gaussian,bipolar,none,raw,,,int2,heavy_tail,2,4096,64,30,30,cosine,uniform,1,32,0,0.955833375453949,0.9419999718666077,0.18982340395450592,0.9777645820129753,0.031,0.9359999895095825,0.906000018119812,0.9399999976158142,1504.0,2.0,393216,0,0,,,,,,,,,
gauss_bipolar,linear,gaussian,bipolar,none,raw,,,bipolar,heavy_tail,2,4096,64,30,30,cosine,uniform,1,32,0,0.955833375453949,0.9419999718666077,0.18982340395450592,0.9777645820129753,0.018,0.9359999895095825,0.906000018119812,0.9399999976158142,1504.0,1.0,393216,0,0,,,,,,,,,
gauss_binary01,linear,gaussian,bipolar,none,raw,,,binary01,heavy_tail,2,4096,64,30,30,cosine,uniform,1,32,0,0.9583333730697632,0.940666675567627,0.0501386933028698,0.9680137582331683,0.018,0.934666633605957,0.9099999666213989,0.9279999732971191,1504.0,1.0,393216,0,0,,,,,,,,,
gauss_ternary,linear,gaussian,bipolar,none,raw,,,ternary,heavy_tail,2,4096,64,30,30,cosine,uniform,1,32,0,0.955833375453949,0.9419999718666077,0.18982340395450592,0.9777645820129753,0.05,0.9359999895095825,0.906000018119812,0.9399999976158142,1504.0,2.0,393216,0,0,,,,,,,,,
gauss_block,linear,gaussian,bipolar,none,raw,,,block,heavy_tail,2,4096,64,30,30,cosine,uniform,1,32,0,0.9275000095367432,0.9193333387374878,0.17550547420978546,0.8548228056807433,0.027,0.9099999666213989,0.8833333253860474,0.9106666445732117,1504.0,0.5,393216,0,0,,,,,,,,,
gauss_thermo,linear,gaussian,bipolar,none,raw,,,thermo,heavy_tail,2,4096,64,30,30,cosine,uniform,1,32,0,0.9583333730697632,0.940666675567627,0.050138697028160095,0.9680137480103541,0.047,0.934666633605957,0.9099999666213989,0.9386666417121887,2944.0,4.0,761856,0,0,,,,,,,,,
gauss_vq,linear,gaussian,bipolar,none,raw,,,vq,heavy_tail,2,4096,64,30,30,cosine,uniform,1,32,0,0.49166667461395264,0.4919999837875366,0.013335006311535835,0.30841229169150425,0.04,0.4946666657924652,0.4166666567325592,0.48266667127609253,5600.0,0.0,393216,0,0,,,,,,,,,
signrff_real,rff,rff,real,none,raw,"{""bw_scale"": 0.25}",,real,heavy_tail,2,4096,64,30,30,cosine,uniform,1,32,0,0.7225000262260437,0.6959999799728394,0.05777019262313843,0.14410642081364305,0.033,0.6599999666213989,0.7253333330154419,0.6840000152587891,1520.0,32.0,393216,0,0,,,,,,,,,
signrff_int8,rff,rff,real,none,raw,"{""bw_scale"": 0.25}",,int8,heavy_tail,2,4096,64,30,30,cosine,uniform,1,32,0,0.7225000262260437,0.6973333358764648,0.05772722139954567,0.1441160558388894,0.047,0.6613333225250244,0.7260000109672546,0.684666633605957,1520.0,8.0,393216,0,0,,,,,,,,,
signrff_int4,rff,rff,real,none,raw,"{""bw_scale"": 0.25}",,int4,heavy_tail,2,4096,64,30,30,cosine,uniform,1,32,0,0.721666693687439,0.6959999799728394,0.057641904801130295,0.14398952489912736,0.047,0.6606666445732117,0.7253333330154419,0.687999963760376,1520.0,4.0,393216,0,0,,,,,,,,,
signrff_int2,rff,rff,real,none,raw,"{""bw_scale"": 0.25}",,int2,heavy_tail,2,4096,64,30,30,cosine,uniform,1,32,0,0.7083333730697632,0.6886666417121887,0.0540025532245636,0.13953860694534165,0.047,0.6579999923706055,0.7213333249092102,0.6700000166893005,1520.0,2.0,393216,0,0,,,,,,,,,
signrff_bipolar,rff,rff,real,none,raw,"{""bw_scale"": 0.25}",,bipolar,heavy_tail,2,4096,64,30,30,cosine,uniform,1,32,0,0.7033333778381348,0.6813333034515381,0.04899749159812927,0.13454992628059026,0.033,0.6333333253860474,0.7026666402816772,0.6586666703224182,1520.0,1.0,393216,0,0,,,,,,,,,
signrff_binary01,rff,rff,real,none,raw,"{""bw_scale"": 0.25}",,binary01,heavy_tail,2,4096,64,30,30,cosine,uniform,1,32,0,0.7033333778381348,0.6800000071525574,0.005884343292564154,0.12112987157035413,0.033,0.6306666731834412,0.6980000138282776,0.37599998712539673,1520.0,1.0,393216,0,0,,,,,,,,,
signrff_ternary,rff,rff,real,none,raw,"{""bw_scale"": 0.25}",,ternary,heavy_tail,2,4096,64,30,30,cosine,uniform,1,32,0,0.7075000405311584,0.6886666417121887,0.054042987525463104,0.1390174487544135,0.069,0.6520000100135803,0.7213333249092102,0.6739999651908875,1520.0,2.0,393216,0,0,,,,,,,,,
signrff_block,rff,rff,real,none,raw,"{""bw_scale"": 0.25}",,block,heavy_tail,2,4096,64,30,30,cosine,uniform,1,32,0,0.5208333730697632,0.5106666684150696,0.0073616295121610165,0.0698252444230561,0.037,0.4546666741371155,0.5479999780654907,0.476666659116745,1520.0,0.5,393216,0,0,,,,,,,,,
signrff_thermo,rff,rff,real,none,raw,"{""bw_scale"": 0.25}",,thermo,heavy_tail,2,4096,64,30,30,cosine,uniform,1,32,0,0.7075000405311584,0.6993333101272583,0.004798499867320061,0.12755454198837574,0.062,0.6579999923706055,0.7173333168029785,0.43799999356269836,2960.0,4.0,761856,0,0,,,,,,,,,
signrff_vq,rff,rff,real,none,raw,"{""bw_scale"": 0.25}",,vq,heavy_tail,2,4096,64,30,30,cosine,uniform,1,32,0,0.3333333432674408,0.3400000035762787,-0.11715193837881088,0.025033979198306067,0.059,0.27533334493637085,0.421999990940094,0.3373333215713501,5616.0,0.0,393216,0,0,,,,,,,,,
fpe_b3_real,fpe,fpe,bipolar,none,raw,"{""bw_scale"": 0.25, ""phase_bits"": 3}",,real,heavy_tail,2,4096,64,30,30,cosine,uniform,1,32,0,0.7675000429153442,0.7273333072662354,0.060959674417972565,0.15156846456528597,0.044,0.7059999704360962,0.7566666603088379,0.7120000123977661,1985.5,32.0,524288,0,0,,,,,,,,,
fpe_b3_int8,fpe,fpe,bipolar,none,raw,"{""bw_scale"": 0.25, ""phase_bits"": 3}",,int8,heavy_tail,2,4096,64,30,30,cosine,uniform,1,32,0,0.7675000429153442,0.7273333072662354,0.06095995381474495,0.15156984880111943,0.072,0.7059999704360962,0.7566666603088379,0.7120000123977661,1985.5,8.0,524288,0,0,,,,,,,,,
fpe_b3_int4,fpe,fpe,bipolar,none,raw,"{""bw_scale"": 0.25, ""phase_bits"": 3}",,int4,heavy_tail,2,4096,64,30,30,cosine,uniform,1,32,0,0.768333375453949,0.7266666293144226,0.06096016988158226,0.1515628072811248,0.072,0.7046666741371155,0.7566666603088379,0.7120000123977661,1985.5,4.0,524288,0,0,,,,,,,,,
fpe_b3_int2,fpe,fpe,bipolar,none,raw,"{""bw_scale"": 0.25, ""phase_bits"": 3}",,int2,heavy_tail,2,4096,64,30,30,cosine,uniform,1,32,0,0.7633333802223206,0.7206666469573975,0.05969502776861191,0.15007334743521217,0.071,0.6980000138282776,0.7580000162124634,0.7099999785423279,1985.5,2.0,524288,0,0,,,,,,,,,
fpe_b3_bipolar,fpe,fpe,bipolar,none,raw,"{""bw_scale"": 0.25, ""phase_bits"": 3}",,bipolar,heavy_tail,2,4096,64,30,30,cosine,uniform,1,32,0,0.5674999952316284,0.5633333325386047,0.02206943742930889,0.06235129293362822,0.043,0.49799999594688416,0.6286666393280029,0.5366666316986084,1985.5,1.0,524288,0,0,,,,,,,,,
fpe_b3_binary01,fpe,fpe,bipolar,none,raw,"{""bw_scale"": 0.25, ""phase_bits"": 3}",,binary01,heavy_tail,2,4096,64,30,30,cosine,uniform,1,32,0,0.5733333230018616,0.5613332986831665,0.0021877000108361244,0.015068987101064192,0.043,0.5,0.6353332996368408,0.22333332896232605,1985.5,1.0,524288,0,0,,,,,,,,,
fpe_b3_ternary,fpe,fpe,bipolar,none,raw,"{""bw_scale"": 0.25, ""phase_bits"": 3}",,ternary,heavy_tail,2,4096,64,30,30,cosine,uniform,1,32,0,0.7633333802223206,0.7206666469573975,0.05969502776861191,0.15007422924832992,0.114,0.6980000138282776,0.7580000162124634,0.7099999785423279,1985.5,2.0,524288,0,0,,,,,,,,,
fpe_b3_block,fpe,fpe,bipolar,none,raw,"{""bw_scale"": 0.25, ""phase_bits"": 3}",,block,heavy_tail,2,4096,64,30,30,cosine,uniform,1,32,0,0.5633333325386047,0.5513333082199097,0.01427979301661253,0.06983607887897782,0.056,0.49533331394195557,0.6079999804496765,0.5139999985694885,1985.5,0.5,524288,0,0,,,,,,,,,
fpe_b3_thermo,fpe,fpe,bipolar,none,raw,"{""bw_scale"": 0.25, ""phase_bits"": 3}",,thermo,heavy_tail,2,4096,64,30,30,cosine,uniform,1,32,0,0.7625000476837158,0.7160000205039978,0.0049892025999724865,0.046226641685372875,0.098,0.690666675567627,0.7519999742507935,0.46799999475479126,4865.5,4.0,1261568,0,0,,,,,,,,,
fpe_b3_vq,fpe,fpe,bipolar,none,raw,"{""bw_scale"": 0.25, ""phase_bits"": 3}",,vq,heavy_tail,2,4096,64,30,30,cosine,uniform,1,32,0,0.3216666877269745,0.31933334469795227,-0.19959643483161926,0.01675158525364105,0.098,0.24266666173934937,0.39933332800865173,0.31933334469795227,10177.5,0.0,524288,0,0,,,,,,,,,
gaussian_fp32,linear,gaussian,bipolar,none,raw,,,,heavy_tail,2,4096,64,30,30,cosine,uniform,1,32,0,0.955833375453949,0.9419999718666077,0.18982340395450592,0.9777645820129753,0.017,0.9359999895095825,0.906000018119812,0.9399999976158142,1504.0,1.0,389120,0,0,1.0,64.0,,,,,,,
srht_fp32,linear,srht,bipolar,none,raw,,,,heavy_tail,2,4096,64,30,30,cosine,uniform,1,32,0,0.737500011920929,0.7266666293144226,0.07295121997594833,0.6263177291323428,0.019,0.7080000042915344,0.6526666879653931,0.7193333506584167,1504.0,1.0,389120,0,0,1.0,64.0,,,,,,,
gaussian_p2_mse,linear,gaussian,bipolar,none,raw,"{""proj_bits"": 2, ""proj_scheme"": ""mse""}",,,heavy_tail,2,4096,64,30,30,cosine,uniform,1,32,0,0.9441666603088379,0.9366666674613953,0.1857983022928238,0.9764756546479902,0.018,0.9286666512489319,0.9020000100135803,0.9359999895095825,519.78,1.0,289896,0,0,0.6215,64.0,,,,,,,
gaussian_p2_max,linear,gaussian,bipolar,none,raw,"{""proj_bits"": 2, ""proj_scheme"": ""max""}",,,heavy_tail,2,4096,64,30,30,cosine,uniform,1,32,0,0.996666669845581,0.9979999661445618,0.13152679800987244,0.5759901543153942,0.016,0.9919999837875366,0.9893333315849304,0.9973333477973938,480.9,1.0,130668,0,0,0.0141,64.0,,,,,,,
gaussian_p4_mse,linear,gaussian,bipolar,none,raw,"{""proj_bits"": 4, ""proj_scheme"": ""mse""}",,,heavy_tail,2,4096,64,30,30,cosine,uniform,1,32,0,0.9541667103767395,0.937333345413208,0.18952269852161407,0.9781600020481809,0.018,0.934666633605957,0.9039999842643738,0.937999963760376,590.13,1.0,352521,0,0,0.8604,64.0,,,,,,,
gaussian_p4_max,linear,gaussian,bipolar,none,raw,"{""proj_bits"": 4, ""proj_scheme"": ""max""}",,,heavy_tail,2,4096,64,30,30,cosine,uniform,1,32,0,0.9550000429153442,0.940666675567627,0.1905781775712967,0.9775773419238323,0.017,0.934666633605957,0.9099999666213989,0.937999963760376,572.72,1.0,316873,0,0,0.7244,64.0,,,,,,,
gaussian_p8_mse,linear,gaussian,bipolar,none,raw,"{""proj_bits"": 8, ""proj_scheme"": ""mse""}",,,heavy_tail,2,4096,64,30,30,cosine,uniform,1,32,0,0.9541667103767395,0.940666675567627,0.18978209793567657,0.9777347633667273,0.018,0.9333333373069763,0.90666663646698,0.9393333196640015,732.7,1.0,385745,0,0,0.9871,64.0,,,,,,,
gaussian_p8_max,linear,gaussian,bipolar,none,raw,"{""proj_bits"": 8, ""proj_scheme"": ""max""}",,,heavy_tail,2,4096,64,30,30,cosine,uniform,1,32,0,0.9566667079925537,0.9419999718666077,0.18999218940734863,0.9778279020540785,0.018,0.934666633605957,0.9073333144187927,0.9393333196640015,731.91,1.0,384936,0,0,0.984,64.0,,,,,,,
gaussian_ternary,linear,gaussian,bipolar,none,raw,"{""proj_bits"": 2, ""proj_scheme"": ""ternary""}",,,heavy_tail,2,4096,64,30,30,cosine,uniform,1,32,0,0.9483333826065063,0.937999963760376,0.18636704981327057,0.976324913781758,0.023,0.9340000152587891,0.909333348274231,0.9399999976158142,513.47,1.0,264068,0,0,0.523,64.0,,,,,,,
gaussian_sign,linear,gaussian,bipolar,none,raw,"{""proj_bits"": 1, ""proj_scheme"": ""sign""}",,,heavy_tail,2,4096,64,30,30,cosine,uniform,1,32,0,0.893333375453949,0.8866666555404663,0.14269065856933594,0.9588531383716498,0.02,0.8826666474342346,0.8346666693687439,0.8893333077430725,512.0,1.0,389120,0,0,1.0,64.0,,,,,,,
srht_p2_mse,linear,srht,bipolar,none,raw,"{""proj_bits"": 2, ""proj_scheme"": ""mse""}",,,heavy_tail,2,4096,64,30,30,cosine,uniform,1,32,0,0.737500011920929,0.7266666293144226,0.07295121997594833,0.6263177291323428,0.021,0.7080000042915344,0.6526666879653931,0.7193333506584167,544.0,1.0,389120,0,0,1.0,64.0,,,,,,,
srht_p2_max,linear,srht,bipolar,none,raw,"{""proj_bits"": 2, ""proj_scheme"": ""max""}",,,heavy_tail,2,4096,64,30,30,cosine,uniform,1,32,0,0.737500011920929,0.7266666293144226,0.07295121997594833,0.6263177291323428,0.02,0.7080000042915344,0.6526666879653931,0.7193333506584167,544.0,1.0,389120,0,0,1.0,64.0,,,,,,,
srht_p4_mse,linear,srht,bipolar,none,raw,"{""proj_bits"": 4, ""proj_scheme"": ""mse""}",,,heavy_tail,2,4096,64,30,30,cosine,uniform,1,32,0,0.737500011920929,0.7266666293144226,0.07295121997594833,0.6263177291323428,0.022,0.7080000042915344,0.6526666879653931,0.7193333506584167,608.0,1.0,389120,0,0,1.0,64.0,,,,,,,
srht_p4_max,linear,srht,bipolar,none,raw,"{""proj_bits"": 4, ""proj_scheme"": ""max""}",,,heavy_tail,2,4096,64,30,30,cosine,uniform,1,32,0,0.737500011920929,0.7266666293144226,0.07295121997594833,0.6263177291323428,0.02,0.7080000042915344,0.6526666879653931,0.7193333506584167,608.0,1.0,389120,0,0,1.0,64.0,,,,,,,
srht_p8_mse,linear,srht,bipolar,none,raw,"{""proj_bits"": 8, ""proj_scheme"": ""mse""}",,,heavy_tail,2,4096,64,30,30,cosine,uniform,1,32,0,0.737500011920929,0.7266666293144226,0.07295121997594833,0.6263177291323428,0.022,0.7080000042915344,0.6526666879653931,0.7193333506584167,736.0,1.0,389120,0,0,1.0,64.0,,,,,,,
srht_p8_max,linear,srht,bipolar,none,raw,"{""proj_bits"": 8, ""proj_scheme"": ""max""}",,,heavy_tail,2,4096,64,30,30,cosine,uniform,1,32,0,0.737500011920929,0.7266666293144226,0.07295121997594833,0.6263177291323428,0.021,0.7080000042915344,0.6526666879653931,0.7193333506584167,736.0,1.0,389120,0,0,1.0,64.0,,,,,,,
srht_ternary,linear,srht,bipolar,none,raw,"{""proj_bits"": 2, ""proj_scheme"": ""ternary""}",,,heavy_tail,2,4096,64,30,30,cosine,uniform,1,32,0,0.737500011920929,0.7266666293144226,0.07295121997594833,0.6263177291323428,0.024,0.7080000042915344,0.6526666879653931,0.7193333506584167,544.0,1.0,389120,0,0,1.0,64.0,,,,,,,
srht_sign,linear,srht,bipolar,none,raw,"{""proj_bits"": 1, ""proj_scheme"": ""sign""}",,,heavy_tail,2,4096,64,30,30,cosine,uniform,1,32,0,0.737500011920929,0.7266666293144226,0.07295121997594833,0.6263177291323428,0.02,0.7080000042915344,0.6526666879653931,0.7193333506584167,512.0,1.0,389120,0,0,1.0,64.0,,,,,,,
proto2_ptq,linear,gaussian,bipolar,none,raw,,,,heavy_tail,2,4096,64,30,30,cosine,uniform,1,2,0,0.9516667127609253,0.9386666417121887,0.1798311173915863,0.9777645820129753,0.018,0.9313333034515381,0.906000018119812,0.937999963760376,1054.0,1.0,389120,0,0,1.0,64.0,,,,,,,
proto2_qat,linear,gaussian,bipolar,none,raw,,,,heavy_tail,2,4096,64,30,30,cosine,uniform,1,2,1,0.9550000429153442,0.9399999976158142,0.18446406722068787,0.9777645820129753,0.036,0.9333333373069763,0.903333306312561,0.9399999976158142,1054.0,1.0,389120,0,0,1.0,64.0,,,,,,,
proto3_ptq,linear,gaussian,bipolar,none,raw,,,,heavy_tail,2,4096,64,30,30,cosine,uniform,1,3,0,0.9516667127609253,0.9399999976158142,0.1886574625968933,0.9777645820129753,0.017,0.937333345413208,0.9053333401679993,0.9386666417121887,1069.0,1.0,389120,0,0,1.0,64.0,,,,,,,
proto3_qat,linear,gaussian,bipolar,none,raw,,,,heavy_tail,2,4096,64,30,30,cosine,uniform,1,3,1,0.9550000429153442,0.9393333196640015,0.1937711089849472,0.9777645820129753,0.036,0.9340000152587891,0.90666663646698,0.9393333196640015,1069.0,1.0,389120,0,0,1.0,64.0,,,,,,,
proto4_ptq,linear,gaussian,bipolar,none,raw,,,,heavy_tail,2,4096,64,30,30,cosine,uniform,1,4,0,0.955833375453949,0.9426666498184204,0.18938814103603363,0.9777645820129753,0.018,0.9359999895095825,0.90666663646698,0.9399999976158142,1084.0,1.0,389120,0,0,1.0,64.0,,,,,,,
proto4_qat,linear,gaussian,bipolar,none,raw,,,,heavy_tail,2,4096,64,30,30,cosine,uniform,1,4,1,0.9550000429153442,0.9399999976158142,0.19260567426681519,0.9777645820129753,0.035,0.9326666593551636,0.9053333401679993,0.937333345413208,1084.0,1.0,389120,0,0,1.0,64.0,,,,,,,
gauss_real,linear,gaussian,bipolar,none,raw,,,real,shift,0,4096,64,30,30,cosine,uniform,1,32,0,0.996666669845581,0.9959999918937683,0.260096937417984,0.9832167550986861,0.021,0.9866666793823242,0.9833333492279053,0.9959999918937683,1504.0,32.0,393216,0,0,,,0.9286666512489319,0.15376679599285126,0.6466666460037231,0.4493333399295807,,,
gauss_int8,linear,gaussian,bipolar,none,raw,,,int8,shift,0,4096,64,30,30,cosine,uniform,1,32,0,0.996666669845581,0.9959999918937683,0.260096937417984,0.9832167550986861,0.032,0.9866666793823242,0.9833333492279053,0.9959999918937683,1504.0,8.0,393216,0,0,,,0.9286666512489319,0.15376679599285126,0.6466666460037231,0.4493333399295807,,,
gauss_int4,linear,gaussian,bipolar,none,raw,,,int4,shift,0,4096,64,30,30,cosine,uniform,1,32,0,0.996666669845581,0.9959999918937683,0.260096937417984,0.9832167550986861,0.036,0.9866666793823242,0.9833333492279053,0.9959999918937683,1504.0,4.0,393216,0,0,,,0.9286666512489319,0.15376679599285126,0.6466666460037231,0.4493333399295807,,,
gauss_int2,linear,gaussian,bipolar,none,raw,,,int2,shift,0,4096,64,30,30,cosine,uniform,1,32,0,0.996666669845581,0.9959999918937683,0.260096937417984,0.9832167550986861,0.031,0.9866666793823242,0.9833333492279053,0.9959999918937683,1504.0,2.0,393216,0,0,,,0.9286666512489319,0.15376679599285126,0.6466666460037231,0.4493333399295807,,,
gauss_bipolar,linear,gaussian,bipolar,none,raw,,,bipolar,shift,0,4096,64,30,30,cosine,uniform,1,32,0,0.996666669845581,0.9959999918937683,0.260096937417984,0.9832167550986861,0.021,0.9866666793823242,0.9833333492279053,0.9959999918937683,1504.0,1.0,393216,0,0,,,0.9286666512489319,0.15376679599285126,0.6466666460037231,0.4493333399295807,,,
gauss_binary01,linear,gaussian,bipolar,none,raw,,,binary01,shift,0,4096,64,30,30,cosine,uniform,1,32,0,0.996666669845581,0.9973333477973938,0.07723116129636765,0.9760313566601759,0.019,0.9893333315849304,0.9839999675750732,0.9959999918937683,1504.0,1.0,393216,0,0,,,0.9366666674613953,0.046569570899009705,0.6706666350364685,0.4659999907016754,,,
gauss_ternary,linear,gaussian,bipolar,none,raw,,,ternary,shift,0,4096,64,30,30,cosine,uniform,1,32,0,0.996666669845581,0.9959999918937683,0.260096937417984,0.9832167550986861,0.049,0.9866666793823242,0.9833333492279053,0.9959999918937683,1504.0,2.0,393216,0,0,,,0.9286666512489319,0.15376679599285126,0.6466666460037231,0.4493333399295807,,,
gauss_block,linear,gaussian,bipolar,none,raw,,,block,shift,0,4096,64,30,30,cosine,uniform,1,32,0,0.9908333420753479,0.9919999837875366,0.24462169408798218,0.8845337147748217,0.025,0.9773333072662354,0.9733332991600037,0.9913333058357239,1504.0,0.5,393216,0,0,,,0.8939999938011169,0.13831382989883423,0.5993333458900452,0.3853333294391632,,,
gauss_thermo,linear,gaussian,bipolar,none,raw,,,thermo,shift,0,4096,64,30,30,cosine,uniform,1,32,0,0.996666669845581,0.9973333477973938,0.07723116129636765,0.9760314247183279,0.046,0.9893333315849304,0.9839999675750732,0.996666669845581,2944.0,4.0,761856,0,0,,,0.9366666674613953,0.0465695858001709,0.6706666350364685,0.4659999907016754,,,
gauss_vq,linear,gaussian,bipolar,none,raw,,,vq,shift,0,4096,64,30,30,cosine,uniform,1,32,0,0.9775000214576721,0.9773333072662354,0.39799413084983826,0.39512352226178216,0.035,0.9613333344459534,0.9586666822433472,0.9766666293144226,5600.0,0.0,393216,0,0,,,0.8953333497047424,0.32490071654319763,0.6240000128746033,0.44066667556762695,,,
signrff_real,rff,rff,real,none,raw,"{""bw_scale"": 0.25}",,real,shift,0,4096,64,30,30,cosine,uniform,1,32,0,0.9983333349227905,0.9946666359901428,0.1477498710155487,0.6231679497592589,0.037,0.984666645526886,0.9800000190734863,0.9953333139419556,1520.0,32.0,393216,0,0,,,0.9046666622161865,0.04985066130757332,0.21466666460037231,0.04266666620969772,,,
signrff_int8,rff,rff,real,none,raw,"{""bw_scale"": 0.25}",,int8,shift,0,4096,64,30,30,cosine,uniform,1,32,0,0.9983333349227905,0.9946666359901428,0.14774884283542633,0.6231834456112393,0.053,0.984666645526886,0.9800000190734863,0.9953333139419556,1520.0,8.0,393216,0,0,,,0.9046666622161865,0.049849964678287506,0.21533332765102386,0.041999999433755875,,,
signrff_int4,rff,rff,real,none,raw,"{""bw_scale"": 0.25}",,int4,shift,0,4096,64,30,30,cosine,uniform,1,32,0,0.9983333349227905,0.9946666359901428,0.14750224351882935,0.6227267565078962,0.058,0.984666645526886,0.9806666374206543,0.9959999918937683,1520.0,4.0,393216,0,0,,,0.903333306312561,0.04972559213638306,0.21133333444595337,0.041999999433755875,,,
signrff_int2,rff,rff,real,none,raw,"{""bw_scale"": 0.25}",,int2,shift,0,4096,64,30,30,cosine,uniform,1,32,0,0.9983333349227905,0.9953333139419556,0.14143648743629456,0.6113902669066557,0.054,0.9833333492279053,0.9806666374206543,0.996666669845581,1520.0,2.0,393216,0,0,,,0.9020000100135803,0.04707751423120499,0.19333332777023315,0.04266666620969772,,,
signrff_bipolar,rff,rff,real,none,raw,"{""bw_scale"": 0.25}",,bipolar,shift,0,4096,64,30,30,cosine,uniform,1,32,0,0.9975000023841858,0.9953333139419556,0.13143318891525269,0.5907287549726445,0.042,0.9839999675750732,0.9773333072662354,0.9959999918937683,1520.0,1.0,393216,0,0,,,0.8939999938011169,0.04353169724345207,0.17999999225139618,0.041333332657814026,,,
signrff_binary01,rff,rff,real,none,raw,"{""bw_scale"": 0.25}",,binary01,shift,0,4096,64,30,30,cosine,uniform,1,32,0,0.9975000023841858,0.9946666359901428,0.030907053500413895,0.5704296736906371,0.039,0.9826666712760925,0.9766666293144226,0.9580000042915344,1520.0,1.0,393216,0,0,,,0.887333333492279,0.009994721971452236,0.17000000178813934,0.041333332657814026,,,
signrff_ternary,rff,rff,real,none,raw,"{""bw_scale"": 0.25}",,ternary,shift,0,4096,64,30,30,cosine,uniform,1,32,0,0.9983333349227905,0.9953333139419556,0.1413014978170395,0.6115789711086917,0.073,0.9833333492279053,0.9819999933242798,0.9953333139419556,1520.0,2.0,393216,0,0,,,0.9039999842643738,0.047220468521118164,0.1926666647195816,0.03933333232998848,,,
signrff_block,rff,rff,real,none,raw,"{""bw_scale"": 0.25}",,block,shift,0,4096,64,30,30,cosine,uniform,1,32,0,0.9825000166893005,0.984666645526886,0.060628075152635574,0.30993813756050215,0.043,0.9606666564941406,0.9539999961853027,0.9766666293144226,1520.0,0.5,393216,0,0,,,0.7333333492279053,0.013048834167420864,0.09066666662693024,0.03399999812245369,,,
signrff_thermo,rff,rff,real,none,raw,"{""bw_scale"": 0.25}",,thermo,shift,0,4096,64,30,30,cosine,uniform,1,32,0,0.9983333349227905,0.9953333139419556,0.02416571043431759,0.5956383983054181,0.067,0.984666645526886,0.9806666374206543,0.9766666293144226,2960.0,4.0,761856,0,0,,,0.8966666460037231,0.007859839126467705,0.19200000166893005,0.036666665226221085,,,
signrff_vq,rff,rff,real,none,raw,"{""bw_scale"": 0.25}",,vq,shift,0,4096,64,30,30,cosine,uniform,1,32,0,0.9483333826065063,0.9486666321754456,0.21739697456359863,0.2724684639973262,0.063,0.9300000071525574,0.921999990940094,0.9473333358764648,5616.0,0.0,393216,0,0,,,0.8180000185966492,0.14043310284614563,0.11533333361148834,0.03133333474397659,,,
fpe_b3_real,fpe,fpe,bipolar,none,raw,"{""bw_scale"": 0.25, ""phase_bits"": 3}",,real,shift,0,4096,64,30,30,cosine,uniform,1,32,0,0.9991666674613953,0.996666669845581,0.14472128450870514,0.6531609312575489,0.051,0.9860000014305115,0.9800000190734863,0.9959999918937683,1985.5,32.0,524288,0,0,,,0.9313333034515381,0.051566608250141144,0.29600000381469727,0.046666666865348816,,,
fpe_b3_int8,fpe,fpe,bipolar,none,raw,"{""bw_scale"": 0.25, ""phase_bits"": 3}",,int8,shift,0,4096,64,30,30,cosine,uniform,1,32,0,0.9991666674613953,0.996666669845581,0.14472152292728424,0.6531704843922831,0.077,0.9860000014305115,0.9800000190734863,0.9959999918937683,1985.5,8.0,524288,0,0,,,0.9313333034515381,0.051567189395427704,0.2953333258628845,0.046666666865348816,,,
fpe_b3_int4,fpe,fpe,bipolar,none,raw,"{""bw_scale"": 0.25, ""phase_bits"": 3}",,int4,shift,0,4096,64,30,30,cosine,uniform,1,32,0,0.9991666674613953,0.996666669845581,0.14472079277038574,0.6531725367786174,0.078,0.9860000014305115,0.9800000190734863,0.9959999918937683,1985.5,4.0,524288,0,0,,,0.9313333034515381,0.051568735390901566,0.2953333258628845,0.046666666865348816,,,
fpe_b3_int2,fpe,fpe,bipolar,none,raw,"{""bw_scale"": 0.25, ""phase_bits"": 3}",,int2,shift,0,4096,64,30,30,cosine,uniform,1,32,0,0.9991666674613953,0.9959999918937683,0.1425432562828064,0.6507463574632777,0.078,0.9866666793823242,0.9806666374206543,0.996666669845581,1985.5,2.0,524288,0,0,,,0.9306666851043701,0.05077332630753517,0.2926666736602783,0.04933333396911621,,,
fpe_b3_bipolar,fpe,fpe,bipolar,none,raw,"{""bw_scale"": 0.25, ""phase_bits"": 3}",,bipolar,shift,0,4096,64,30,30,cosine,uniform,1,32,0,0.9991666674613953,0.9959999918937683,0.11437908560037613,0.5344604925639783,0.048,0.9826666712760925,0.9779999852180481,0.9959999918937683,1985.5,1.0,524288,0,0,,,0.8333333134651184,0.025418203324079514,0.023333333432674408,0.018666666001081467,,,
fpe_b3_binary01,fpe,fpe,bipolar,none,raw,"{""bw_scale"": 0.25, ""phase_bits"": 3}",,binary01,shift,0,4096,64,30,30,cosine,uniform,1,32,0,0.9991666674613953,0.9946666359901428,0.017343126237392426,0.2510978928719243,0.049,0.9786666631698608,0.9800000190734863,0.9393333196640015,1985.5,1.0,524288,0,0,,,0.8159999847412109,0.0036652430426329374,0.020666666328907013,0.01599999889731407,,,
fpe_b3_ternary,fpe,fpe,bipolar,none,raw,"{""bw_scale"": 0.25, ""phase_bits"": 3}",,ternary,shift,0,4096,64,30,30,cosine,uniform,1,32,0,0.9991666674613953,0.9959999918937683,0.1425432413816452,0.6507463468348366,0.122,0.9866666793823242,0.9806666374206543,0.996666669845581,1985.5,2.0,524288,0,0,,,0.9306666851043701,0.05077332630753517,0.2926666736602783,0.04933333396911621,,,
fpe_b3_block,fpe,fpe,bipolar,none,raw,"{""bw_scale"": 0.25, ""phase_bits"": 3}",,block,shift,0,4096,64,30,30,cosine,uniform,1,32,0,0.9941666722297668,0.9900000095367432,0.07338196784257889,0.39553802202808275,0.062,0.9693333506584167,0.968666672706604,0.9879999756813049,1985.5,0.5,524288,0,0,,,0.765999972820282,0.016850311309099197,0.0820000022649765,0.02866666577756405,,,
fpe_b3_thermo,fpe,fpe,bipolar,none,raw,"{""bw_scale"": 0.25, ""phase_bits"": 3}",,thermo,shift,0,4096,64,30,30,cosine,uniform,1,32,0,0.9991666674613953,0.9953333139419556,0.021903447806835175,0.38133110788799895,0.105,0.984666645526886,0.9819999933242798,0.9866666793823242,4865.5,4.0,1261568,0,0,,,0.9266666769981384,0.00782001856714487,0.22066666185855865,0.03466666489839554,,,
fpe_b3_vq,fpe,fpe,bipolar,none,raw,"{""bw_scale"": 0.25, ""phase_bits"": 3}",,vq,shift,0,4096,64,30,30,cosine,uniform,1,32,0,0.9675000309944153,0.9566666483879089,0.2038479447364807,0.2789344455154847,0.08,0.9333333373069763,0.9313333034515381,0.9539999961853027,10177.5,0.0,524288,0,0,,,0.8153333067893982,0.13532406091690063,0.09399999678134918,0.03266666457056999,,,
gaussian_fp32,linear,gaussian,bipolar,none,raw,,,,shift,0,4096,64,30,30,cosine,uniform,1,32,0,0.996666669845581,0.9959999918937683,0.260096937417984,0.9832167550986861,0.017,0.9866666793823242,0.9833333492279053,0.9959999918937683,1504.0,1.0,389120,0,0,1.0,64.0,0.9286666512489319,0.15376679599285126,0.6466666460037231,0.4493333399295807,,,
srht_fp32,linear,srht,bipolar,none,raw,,,,shift,0,4096,64,30,30,cosine,uniform,1,32,0,0.9575000405311584,0.9440000057220459,0.19914083182811737,0.6603194492505442,0.017,0.9146666526794434,0.8846666812896729,0.9446666836738586,1504.0,1.0,389120,0,0,1.0,64.0,0.7793333530426025,0.10447792708873749,0.5226666331291199,0.36666667461395264,,,
gaussian_p2_mse,linear,gaussian,bipolar,none,raw,"{""proj_bits"": 2, ""proj_scheme"": ""mse""}",,,shift,0,4096,64,30,30,cosine,uniform,1,32,0,0.996666669845581,0.9953333139419556,0.26017406582832336,0.982091817148646,0.018,0.9833333492279053,0.9833333492279053,0.9959999918937683,520.79,1.0,294051,0,0,0.6373,64.0,0.9340000152587891,0.1555672436952591,0.6606666445732117,0.45666664838790894,,,
gaussian_p2_max,linear,gaussian,bipolar,none,raw,"{""proj_bits"": 2, ""proj_scheme"": ""max""}",,,shift,0,4096,64,30,30,cosine,uniform,1,32,0,0.9916666746139526,0.9900000095367432,0.11326608806848526,0.8145621951786159,0.017,0.968666672706604,0.9559999704360962,0.9873332977294922,481.17,1.0,131761,0,0,0.0183,64.0,0.8786666393280029,0.0657879188656807,0.6186666488647461,0.3973333239555359,,,
gaussian_p4_mse,linear,gaussian,bipolar,none,raw,"{""proj_bits"": 4, ""proj_scheme"": ""mse""}",,,shift,0,4096,64,30,30,cosine,uniform,1,32,0,0.996666669845581,0.9953333139419556,0.26009494066238403,0.9830342325740576,0.017,0.9853333234786987,0.9833333492279053,0.996666669845581,590.89,1.0,354083,0,0,0.8663,64.0,0.9246666431427002,0.15388865768909454,0.6486666798591614,0.4493333399295807,,,
gaussian_p4_max,linear,gaussian,bipolar,none,raw,"{""proj_bits"": 4, ""proj_scheme"": ""max""}",,,shift,0,4096,64,30,30,cosine,uniform,1,32,0,0.996666669845581,0.9946666359901428,0.25976911187171936,0.9831088043903848,0.016,0.9860000014305115,0.9839999675750732,0.9959999918937683,574.3,1.0,320099,0,0,0.7367,64.0,0.9293333292007446,0.15389904379844666,0.6446666717529297,0.45133331418037415,,,
gaussian_p8_mse,linear,gaussian,bipolar,none,raw,"{""proj_bits"": 8, ""proj_scheme"": ""mse""}",,,shift,0,4096,64,30,30,cosine,uniform,1,32,0,0.996666669845581,0.9959999918937683,0.26012176275253296,0.9831364538677656,0.017,0.9866666793823242,0.9826666712760925,0.9959999918937683,733.05,1.0,386104,0,0,0.9885,64.0,0.9273332953453064,0.1537735015153885,0.6466666460037231,0.44999998807907104,,,
gaussian_p8_max,linear,gaussian,bipolar,none,raw,"{""proj_bits"": 8, ""proj_scheme"": ""max""}",,,shift,0,4096,64,30,30,cosine,uniform,1,32,0,0.996666669845581,0.9959999918937683,0.26015299558639526,0.9831558206070774,0.016,0.9853333234786987,0.9833333492279053,0.9959999918937683,732.3,1.0,385329,0,0,0.9855,64.0,0.9293333292007446,0.15373775362968445,0.6480000019073486,0.445333331823349,,,
gaussian_ternary,linear,gaussian,bipolar,none,raw,"{""proj_bits"": 2, ""proj_scheme"": ""ternary""}",,,shift,0,4096,64,30,30,cosine,uniform,1,32,0,0.996666669845581,0.996666669845581,0.25996869802474976,0.9827509648402187,0.021,0.9853333234786987,0.9826666712760925,0.9959999918937683,513.51,1.0,264227,0,0,0.5236,64.0,0.9306666851043701,0.15312626957893372,0.6453333497047424,0.44333332777023315,,,
gaussian_sign,linear,gaussian,bipolar,none,raw,"{""proj_bits"": 1, ""proj_scheme"": ""sign""}",,,shift,0,4096,64,30,30,cosine,uniform,1,32,0,0.9983333349227905,0.9953333139419556,0.25990626215934753,0.9830921374548259,0.016,0.984666645526886,0.984666645526886,0.9953333139419556,512.0,1.0,389120,0,0,1.0,64.0,0.9333333373069763,0.15736240148544312,0.6639999747276306,0.4793333411216736,,,
srht_p2_mse,linear,srht,bipolar,none,raw,"{""proj_bits"": 2, ""proj_scheme"": ""mse""}",,,shift,0,4096,64,30,30,cosine,uniform,1,32,0,0.9575000405311584,0.9440000057220459,0.19914083182811737,0.6603194492505442,0.018,0.9146666526794434,0.8846666812896729,0.9446666836738586,544.0,1.0,389120,0,0,1.0,64.0,0.7793333530426025,0.10447792708873749,0.5226666331291199,0.36666667461395264,,,
srht_p2_max,linear,srht,bipolar,none,raw,"{""proj_bits"": 2, ""proj_scheme"": ""max""}",,,shift,0,4096,64,30,30,cosine,uniform,1,32,0,0.9575000405311584,0.9440000057220459,0.19914083182811737,0.6603194492505442,0.017,0.9146666526794434,0.8846666812896729,0.9446666836738586,544.0,1.0,389120,0,0,1.0,64.0,0.7793333530426025,0.10447792708873749,0.5226666331291199,0.36666667461395264,,,
srht_p4_mse,linear,srht,bipolar,none,raw,"{""proj_bits"": 4, ""proj_scheme"": ""mse""}",,,shift,0,4096,64,30,30,cosine,uniform,1,32,0,0.9575000405311584,0.9440000057220459,0.19914083182811737,0.6603194492505442,0.018,0.9146666526794434,0.8846666812896729,0.9446666836738586,608.0,1.0,389120,0,0,1.0,64.0,0.7793333530426025,0.10447792708873749,0.5226666331291199,0.36666667461395264,,,
srht_p4_max,linear,srht,bipolar,none,raw,"{""proj_bits"": 4, ""proj_scheme"": ""max""}",,,shift,0,4096,64,30,30,cosine,uniform,1,32,0,0.9575000405311584,0.9440000057220459,0.19914083182811737,0.6603194492505442,0.017,0.9146666526794434,0.8846666812896729,0.9446666836738586,608.0,1.0,389120,0,0,1.0,64.0,0.7793333530426025,0.10447792708873749,0.5226666331291199,0.36666667461395264,,,
srht_p8_mse,linear,srht,bipolar,none,raw,"{""proj_bits"": 8, ""proj_scheme"": ""mse""}",,,shift,0,4096,64,30,30,cosine,uniform,1,32,0,0.9575000405311584,0.9440000057220459,0.19914083182811737,0.6603194492505442,0.018,0.9146666526794434,0.8846666812896729,0.9446666836738586,736.0,1.0,389120,0,0,1.0,64.0,0.7793333530426025,0.10447792708873749,0.5226666331291199,0.36666667461395264,,,
srht_p8_max,linear,srht,bipolar,none,raw,"{""proj_bits"": 8, ""proj_scheme"": ""max""}",,,shift,0,4096,64,30,30,cosine,uniform,1,32,0,0.9575000405311584,0.9440000057220459,0.19914083182811737,0.6603194492505442,0.017,0.9146666526794434,0.8846666812896729,0.9446666836738586,736.0,1.0,389120,0,0,1.0,64.0,0.7793333530426025,0.10447792708873749,0.5226666331291199,0.36666667461395264,,,
srht_ternary,linear,srht,bipolar,none,raw,"{""proj_bits"": 2, ""proj_scheme"": ""ternary""}",,,shift,0,4096,64,30,30,cosine,uniform,1,32,0,0.9575000405311584,0.9440000057220459,0.19914083182811737,0.6603194492505442,0.02,0.9146666526794434,0.8846666812896729,0.9446666836738586,544.0,1.0,389120,0,0,1.0,64.0,0.7793333530426025,0.10447792708873749,0.5226666331291199,0.36666667461395264,,,
srht_sign,linear,srht,bipolar,none,raw,"{""proj_bits"": 1, ""proj_scheme"": ""sign""}",,,shift,0,4096,64,30,30,cosine,uniform,1,32,0,0.9575000405311584,0.9440000057220459,0.19914083182811737,0.6603194492505442,0.017,0.9146666526794434,0.8846666812896729,0.9446666836738586,512.0,1.0,389120,0,0,1.0,64.0,0.7793333530426025,0.10447792708873749,0.5226666331291199,0.36666667461395264,,,
proto2_ptq,linear,gaussian,bipolar,none,raw,,,,shift,0,4096,64,30,30,cosine,uniform,1,2,0,0.996666669845581,0.9953333139419556,0.2462230622768402,0.9832167550986861,0.016,0.9860000014305115,0.9826666712760925,0.9959999918937683,1054.0,1.0,389120,0,0,1.0,64.0,0.9279999732971191,0.14542680978775024,0.6520000100135803,0.4546666741371155,,,
proto2_qat,linear,gaussian,bipolar,none,raw,,,,shift,0,4096,64,30,30,cosine,uniform,1,2,1,0.996666669845581,0.9946666359901428,0.24552026391029358,0.9832167550986861,0.033,0.9853333234786987,0.9833333492279053,0.9959999918937683,1054.0,1.0,389120,0,0,1.0,64.0,0.9279999732971191,0.14405006170272827,0.6446666717529297,0.44466665387153625,,,
proto3_ptq,linear,gaussian,bipolar,none,raw,,,,shift,0,4096,64,30,30,cosine,uniform,1,3,0,0.9958333373069763,0.9959999918937683,0.2573639154434204,0.9832167550986861,0.016,0.9860000014305115,0.9839999675750732,0.9959999918937683,1069.0,1.0,389120,0,0,1.0,64.0,0.9293333292007446,0.1517394781112671,0.6466666460037231,0.4506666660308838,,,
proto3_qat,linear,gaussian,bipolar,none,raw,,,,shift,0,4096,64,30,30,cosine,uniform,1,3,1,0.9958333373069763,0.9959999918937683,0.25807085633277893,0.9832167550986861,0.032,0.9866666793823242,0.9833333492279053,0.9959999918937683,1069.0,1.0,389120,0,0,1.0,64.0,0.9279999732971191,0.15157954394817352,0.6439999938011169,0.44733333587646484,,,
proto4_ptq,linear,gaussian,bipolar,none,raw,,,,shift,0,4096,64,30,30,cosine,uniform,1,4,0,0.996666669845581,0.9959999918937683,0.2595497965812683,0.9832167550986861,0.016,0.9866666793823242,0.9826666712760925,0.9959999918937683,1084.0,1.0,389120,0,0,1.0,64.0,0.9286666512489319,0.15344266593456268,0.6486666798591614,0.45266667008399963,,,
proto4_qat,linear,gaussian,bipolar,none,raw,,,,shift,0,4096,64,30,30,cosine,uniform,1,4,1,0.996666669845581,0.9959999918937683,0.26007601618766785,0.9832167550986861,0.033,0.9866666793823242,0.9833333492279053,0.9959999918937683,1084.0,1.0,389120,0,0,1.0,64.0,0.9279999732971191,0.15320031344890594,0.6446666717529297,0.44600000977516174,,,
gauss_real,linear,gaussian,bipolar,none,raw,,,real,shift,1,4096,64,30,30,cosine,uniform,1,32,0,0.9991666674613953,0.996666669845581,0.2578774392604828,0.9828754963327289,0.02,0.9900000095367432,0.9793333411216736,0.9959999918937683,1504.0,32.0,393216,0,0,,,0.9473333358764648,0.15247175097465515,0.6613333225250244,0.30266666412353516,,,
gauss_int8,linear,gaussian,bipolar,none,raw,,,int8,shift,1,4096,64,30,30,cosine,uniform,1,32,0,0.9991666674613953,0.996666669845581,0.2578774392604828,0.9828754963327289,0.03,0.9900000095367432,0.9793333411216736,0.9959999918937683,1504.0,8.0,393216,0,0,,,0.9473333358764648,0.15247175097465515,0.6613333225250244,0.30266666412353516,,,
gauss_int4,linear,gaussian,bipolar,none,raw,,,int4,shift,1,4096,64,30,30,cosine,uniform,1,32,0,0.9991666674613953,0.996666669845581,0.2578774392604828,0.9828754963327289,0.029,0.9900000095367432,0.9793333411216736,0.9959999918937683,1504.0,4.0,393216,0,0,,,0.9473333358764648,0.15247175097465515,0.6613333225250244,0.30266666412353516,,,
gauss_int2,linear,gaussian,bipolar,none,raw,,,int2,shift,1,4096,64,30,30,cosine,uniform,1,32,0,0.9991666674613953,0.996666669845581,0.2578774392604828,0.9828754963327289,0.029,0.9900000095367432,0.9793333411216736,0.9959999918937683,1504.0,2.0,393216,0,0,,,0.9473333358764648,0.15247175097465515,0.6613333225250244,0.30266666412353516,,,
gauss_bipolar,linear,gaussian,bipolar,none,raw,,,bipolar,shift,1,4096,64,30,30,cosine,uniform,1,32,0,0.9991666674613953,0.996666669845581,0.2578774392604828,0.9828754963327289,0.016,0.9900000095367432,0.9793333411216736,0.9959999918937683,1504.0,1.0,393216,0,0,,,0.9473333358764648,0.15247175097465515,0.6613333225250244,0.30266666412353516,,,
gauss_binary01,linear,gaussian,bipolar,none,raw,,,binary01,shift,1,4096,64,30,30,cosine,uniform,1,32,0,0.9991666674613953,0.9973333477973938,0.07703589648008347,0.9740868900930959,0.016,0.9886666536331177,0.9800000190734863,0.996666669845581,1504.0,1.0,393216,0,0,,,0.9419999718666077,0.043703842908144,0.6380000114440918,0.2879999876022339,,,
gauss_ternary,linear,gaussian,bipolar,none,raw,,,ternary,shift,1,4096,64,30,30,cosine,uniform,1,32,0,0.9991666674613953,0.996666669845581,0.2578774392604828,0.9828754963327289,0.049,0.9900000095367432,0.9793333411216736,0.9959999918937683,1504.0,2.0,393216,0,0,,,0.9473333358764648,0.15247175097465515,0.6613333225250244,0.30266666412353516,,,
gauss_block,linear,gaussian,bipolar,none,raw,,,block,shift,1,4096,64,30,30,cosine,uniform,1,32,0,0.9975000023841858,0.9893333315849304,0.24431417882442474,0.882042061148954,0.025,0.9739999771118164,0.9599999785423279,0.9873332977294922,1504.0,0.5,393216,0,0,,,0.9086666703224182,0.13526907563209534,0.6226666569709778,0.3413333296775818,,,
gauss_thermo,linear,gaussian,bipolar,none,raw,,,thermo,shift,1,4096,64,30,30,cosine,uniform,1,32,0,0.9991666674613953,0.9973333477973938,0.07703589648008347,0.9740868761812947,0.045,0.9886666536331177,0.9800000190734863,0.996666669845581,2944.0,4.0,761856,0,0,,,0.9419999718666077,0.043703846633434296,0.6380000114440918,0.2879999876022339,,,
gauss_vq,linear,gaussian,bipolar,none,raw,,,vq,shift,1,4096,64,30,30,cosine,uniform,1,32,0,0.996666669845581,0.9933333396911621,0.38873982429504395,0.38886646170870537,0.034,0.9819999933242798,0.972000002861023,0.9926666617393494,5600.0,0.0,393216,0,0,,,0.9160000085830688,0.31244751811027527,0.6319999694824219,0.32199999690055847,,,
signrff_real,rff,rff,real,none,raw,"{""bw_scale"": 0.25}",,real,shift,1,4096,64,30,30,cosine,uniform,1,32,0,0.9983333349227905,0.996666669845581,0.14933224022388458,0.6197166665200514,0.034,0.9886666536331177,0.9786666631698608,0.9946666359901428,1520.0,32.0,393216,0,0,,,0.8946666717529297,0.0442611388862133,0.19733333587646484,0.041333332657814026,,,
signrff_int8,rff,rff,real,none,raw,"{""bw_scale"": 0.25}",,int8,shift,1,4096,64,30,30,cosine,uniform,1,32,0,0.9983333349227905,0.996666669845581,0.14933037757873535,0.61970620636548,0.048,0.9886666536331177,0.9786666631698608,0.9946666359901428,1520.0,8.0,393216,0,0,,,0.8939999938011169,0.044260669499635696,0.1966666579246521,0.041999999433755875,,,
signrff_int4,rff,rff,real,none,raw,"{""bw_scale"": 0.25}",,int4,shift,1,4096,64,30,30,cosine,uniform,1,32,0,0.9983333349227905,0.996666669845581,0.14906452596187592,0.6194459211131134,0.048,0.9893333315849304,0.9786666631698608,0.9959999918937683,1520.0,4.0,393216,0,0,,,0.8959999680519104,0.04416585713624954,0.19599999487400055,0.03866666555404663,,,
signrff_int2,rff,rff,real,none,raw,"{""bw_scale"": 0.25}",,int2,shift,1,4096,64,30,30,cosine,uniform,1,32,0,0.9975000023841858,0.9973333477973938,0.14283213019371033,0.6070434993467032,0.049,0.9873332977294922,0.9779999852180481,0.9953333139419556,1520.0,2.0,393216,0,0,,,0.8866666555404663,0.04199988767504692,0.1899999976158142,0.04066666588187218,,,
signrff_bipolar,rff,rff,real,none,raw,"{""bw_scale"": 0.25}",,bipolar,shift,1,4096,64,30,30,cosine,uniform,1,32,0,0.9983333349227905,0.9946666359901428,0.13290093839168549,0.585418293909809,0.034,0.9893333315849304,0.9779999852180481,0.9959999918937683,1520.0,1.0,393216,0,0,,,0.8773333430290222,0.03813421353697777,0.17399999499320984,0.04266666620969772,,,
signrff_binary01,rff,rff,real,none,raw,"{""bw_scale"": 0.25}",,binary01,shift,1,4096,64,30,30,cosine,uniform,1,32,0,0.9983333349227905,0.9946666359901428,0.03124382160604,0.5668065394171768,0.034,0.9900000095367432,0.9779999852180481,0.949999988079071,1520.0,1.0,393216,0,0,,,0.8713333010673523,0.00880888570100069,0.15666666626930237,0.047333333641290665,,,
signrff_ternary,rff,rff,real,none,raw,"{""bw_scale"": 0.25}",,ternary,shift,1,4096,64,30,30,cosine,uniform,1,32,0,0.9975000023841858,0.996666669845581,0.1427886188030243,0.6076077632082116,0.071,0.9879999756813049,0.9779999852180481,0.9953333139419556,1520.0,2.0,393216,0,0,,,0.8859999775886536,0.04192301258444786,0.18733333051204681,0.036666665226221085,,,
signrff_block,rff,rff,real,none,raw,"{""bw_scale"": 0.25}",,block,shift,1,4096,64,30,30,cosine,uniform,1,32,0,0.987500011920929,0.984666645526886,0.06203830987215042,0.30073045072588833,0.039,0.9546666741371155,0.9646666646003723,0.9773333072662354,1520.0,0.5,393216,0,0,,,0.7066666483879089,0.011023212224245071,0.10799999535083771,0.04266666620969772,,,
signrff_thermo,rff,rff,real,none,raw,"{""bw_scale"": 0.25}",,thermo,shift,1,4096,64,30,30,cosine,uniform,1,32,0,0.9983333349227905,0.9959999918937683,0.02445155754685402,0.5969986756252761,0.063,0.9886666536331177,0.9773333072662354,0.9839999675750732,2960.0,4.0,761856,0,0,,,0.887333333492279,0.007098267786204815,0.1886666715145111,0.04399999976158142,,,
signrff_vq,rff,rff,real,none,raw,"{""bw_scale"": 0.25}",,vq,shift,1,4096,64,30,30,cosine,uniform,1,32,0,0.9741666913032532,0.9726666808128357,0.2229851484298706,0.24961058746619227,0.052,0.9539999961853027,0.9526666402816772,0.9340000152587891,5616.0,0.0,393216,0,0,,,0.7326666712760925,0.12009655684232712,0.06799999624490738,0.03133333474397659,,,
fpe_b3_real,fpe,fpe,bipolar,none,raw,"{""bw_scale"": 0.25, ""phase_bits"": 3}",,real,shift,1,4096,64,30,30,cosine,uniform,1,32,0,0.9991666674613953,0.9973333477973938,0.14529278874397278,0.6604945371314759,0.045,0.9873332977294922,0.9786666631698608,0.9953333139419556,1985.5,32.0,524288,0,0,,,0.921999990940094,0.046785276383161545,0.30399999022483826,0.04866666719317436,,,
fpe_b3_int8,fpe,fpe,bipolar,none,raw,"{""bw_scale"": 0.25, ""phase_bits"": 3}",,int8,shift,1,4096,64,30,30,cosine,uniform,1,32,0,0.9991666674613953,0.9973333477973938,0.14529314637184143,0.660501196959948,0.074,0.9873332977294922,0.9786666631698608,0.9953333139419556,1985.5,8.0,524288,0,0,,,0.921999990940094,0.04678463190793991,0.3033333420753479,0.04866666719317436,,,
fpe_b3_int4,fpe,fpe,bipolar,none,raw,"{""bw_scale"": 0.25, ""phase_bits"": 3}",,int4,shift,1,4096,64,30,30,cosine,uniform,1,32,0,0.9991666674613953,0.9973333477973938,0.14529289305210114,0.6604920407544711,0.075,0.9873332977294922,0.9786666631698608,0.9953333139419556,1985.5,4.0,524288,0,0,,,0.921999990940094,0.0467817597091198,0.3019999861717224,0.04800000041723251,,,
fpe_b3_int2,fpe,fpe,bipolar,none,raw,"{""bw_scale"": 0.25, ""phase_bits"": 3}",,int2,shift,1,4096,64,30,30,cosine,uniform,1,32,0,0.9991666674613953,0.9973333477973938,0.14311322569847107,0.6573900197445918,0.074,0.9879999756813049,0.9779999852180481,0.9946666359901428,1985.5,2.0,524288,0,0,,,0.9179999828338623,0.04588043689727783,0.2953333258628845,0.046666666865348816,,,
fpe_b3_bipolar,fpe,fpe,bipolar,none,raw,"{""bw_scale"": 0.25, ""phase_bits"": 3}",,bipolar,shift,1,4096,64,30,30,cosine,uniform,1,32,0,0.9983333349227905,0.9946666359901428,0.11506199091672897,0.5355442802539617,0.046,0.9853333234786987,0.9766666293144226,0.9933333396911621,1985.5,1.0,524288,0,0,,,0.8106666803359985,0.02314113825559616,0.024666666984558105,0.01133333332836628,,,
fpe_b3_binary01,fpe,fpe,bipolar,none,raw,"{""bw_scale"": 0.25, ""phase_bits"": 3}",,binary01,shift,1,4096,64,30,30,cosine,uniform,1,32,0,0.9975000023841858,0.9946666359901428,0.017340093851089478,0.2502245258348082,0.046,0.984666645526886,0.9779999852180481,0.9160000085830688,1985.5,1.0,524288,0,0,,,0.7739999890327454,0.0030253862496465445,0.018666666001081467,0.007333333138376474,,,
fpe_b3_ternary,fpe,fpe,bipolar,none,raw,"{""bw_scale"": 0.25, ""phase_bits"": 3}",,ternary,shift,1,4096,64,30,30,cosine,uniform,1,32,0,0.9991666674613953,0.9973333477973938,0.14311322569847107,0.657390006138778,0.118,0.9879999756813049,0.9779999852180481,0.9946666359901428,1985.5,2.0,524288,0,0,,,0.9179999828338623,0.04588044062256813,0.2953333258628845,0.046666666865348816,,,
fpe_b3_block,fpe,fpe,bipolar,none,raw,"{""bw_scale"": 0.25, ""phase_bits"": 3}",,block,shift,1,4096,64,30,30,cosine,uniform,1,32,0,0.9958333373069763,0.9906666278839111,0.07222837209701538,0.40056860874809547,0.059,0.9693333506584167,0.9606666564941406,0.9853333234786987,1985.5,0.5,524288,0,0,,,0.7573333382606506,0.015031863003969193,0.09733333438634872,0.030666666105389595,,,
fpe_b3_thermo,fpe,fpe,bipolar,none,raw,"{""bw_scale"": 0.25, ""phase_bits"": 3}",,thermo,shift,1,4096,64,30,30,cosine,uniform,1,32,0,0.9991666674613953,0.996666669845581,0.021958017721772194,0.3801786334408615,0.101,0.9879999756813049,0.981333315372467,0.9959999918937683,4865.5,4.0,1261568,0,0,,,0.9079999923706055,0.006750966887921095,0.19333332777023315,0.029333332553505898,,,
fpe_b3_vq,fpe,fpe,bipolar,none,raw,"{""bw_scale"": 0.25, ""phase_bits"": 3}",,vq,shift,1,4096,64,30,30,cosine,uniform,1,32,0,0.9725000262260437,0.9566666483879089,0.20008130371570587,0.2624785026119764,0.077,0.9493333101272583,0.9333333373069763,0.9586666822433472,10177.5,0.0,524288,0,0,,,0.809333324432373,0.13465870916843414,0.07866666465997696,0.03333333134651184,,,
gaussian_fp32,linear,gaussian,bipolar,none,raw,,,,shift,1,4096,64,30,30,cosine,uniform,1,32,0,0.9991666674613953,0.996666669845581,0.2578774392604828,0.9828754963327289,0.017,0.9900000095367432,0.9793333411216736,0.9959999918937683,1504.0,1.0,389120,0,0,1.0,64.0,0.9473333358764648,0.15247175097465515,0.6613333225250244,0.30266666412353516,,,
srht_fp32,linear,srht,bipolar,none,raw,,,,shift,1,4096,64,30,30,cosine,uniform,1,32,0,0.9458333849906921,0.95333331823349,0.20478059351444244,0.6619018012210589,0.017,0.9133332967758179,0.8773333430290222,0.9513333439826965,1504.0,1.0,389120,0,0,1.0,64.0,0.8046666383743286,0.09815023839473724,0.4819999933242798,0.2540000081062317,,,
gaussian_p2_mse,linear,gaussian,bipolar,none,raw,"{""proj_bits"": 2, ""proj_scheme"": ""mse""}",,,shift,1,4096,64,30,30,cosine,uniform,1,32,0,0.9991666674613953,0.996666669845581,0.25853681564331055,0.9813356301972468,0.017,0.9900000095367432,0.9806666374206543,0.996666669845581,522.13,1.0,299542,0,0,0.6583,64.0,0.9419999718666077,0.15271256864070892,0.671999990940094,0.32066667079925537,,,
gaussian_p2_max,linear,gaussian,bipolar,none,raw,"{""proj_bits"": 2, ""proj_scheme"": ""max""}",,,shift,1,4096,64,30,30,cosine,uniform,1,32,0,0.9950000047683716,0.9893333315849304,0.1657322198152542,0.8751977147064594,0.016,0.9793333411216736,0.9633333086967468,0.9893333315849304,481.78,1.0,134252,0,0,0.0278,64.0,0.9086666703224182,0.09237398207187653,0.5846666693687439,0.2879999876022339,,,
gaussian_p4_mse,linear,gaussian,bipolar,none,raw,"{""proj_bits"": 4, ""proj_scheme"": ""mse""}",,,shift,1,4096,64,30,30,cosine,uniform,1,32,0,0.9991666674613953,0.9959999918937683,0.2583717703819275,0.9828635026181066,0.017,0.9873332977294922,0.9806666374206543,0.996666669845581,591.96,1.0,356263,0,0,0.8747,64.0,0.9453333020210266,0.15201257169246674,0.6579999923706055,0.3059999942779541,,,
gaussian_p4_max,linear,gaussian,bipolar,none,raw,"{""proj_bits"": 4, ""proj_scheme"": ""max""}",,,shift,1,4096,64,30,30,cosine,uniform,1,32,0,0.9991666674613953,0.996666669845581,0.2575855553150177,0.9831025378831851,0.016,0.9900000095367432,0.9786666631698608,0.996666669845581,576.31,1.0,324224,0,0,0.7524,64.0,0.9426666498184204,0.15154032409191132,0.6546666622161865,0.30133333802223206,,,
gaussian_p8_mse,linear,gaussian,bipolar,none,raw,"{""proj_bits"": 8, ""proj_scheme"": ""mse""}",,,shift,1,4096,64,30,30,cosine,uniform,1,32,0,0.9991666674613953,0.996666669845581,0.25782328844070435,0.9828743260002895,0.017,0.9879999756813049,0.9793333411216736,0.9959999918937683,732.87,1.0,385916,0,0,0.9878,64.0,0.9459999799728394,0.15243273973464966,0.6606666445732117,0.3019999861717224,,,
gaussian_p8_max,linear,gaussian,bipolar,none,raw,"{""proj_bits"": 8, ""proj_scheme"": ""max""}",,,shift,1,4096,64,30,30,cosine,uniform,1,32,0,0.9991666674613953,0.996666669845581,0.25783342123031616,0.9828921517426766,0.017,0.9893333315849304,0.9800000190734863,0.9959999918937683,732.54,1.0,385580,0,0,0.9865,64.0,0.9446666836738586,0.15246909856796265,0.6613333225250244,0.29999998211860657,,,
gaussian_ternary,linear,gaussian,bipolar,none,raw,"{""proj_bits"": 2, ""proj_scheme"": ""ternary""}",,,shift,1,4096,64,30,30,cosine,uniform,1,32,0,0.9983333349227905,0.9959999918937683,0.2580605149269104,0.9823437588874158,0.021,0.9893333315849304,0.9806666374206543,0.9959999918937683,513.45,1.0,263985,0,0,0.5226,64.0,0.9440000057220459,0.1519739031791687,0.6586666703224182,0.3233333230018616,,,
gaussian_sign,linear,gaussian,bipolar,none,raw,"{""proj_bits"": 1, ""proj_scheme"": ""sign""}",,,shift,1,4096,64,30,30,cosine,uniform,1,32,0,0.9983333349227905,0.996666669845581,0.2586207687854767,0.9828503537744933,0.017,0.9893333315849304,0.9806666374206543,0.9973333477973938,512.0,1.0,389120,0,0,1.0,64.0,0.9419999718666077,0.1533462256193161,0.6613333225250244,0.3153333365917206,,,
srht_p2_mse,linear,srht,bipolar,none,raw,"{""proj_bits"": 2, ""proj_scheme"": ""mse""}",,,shift,1,4096,64,30,30,cosine,uniform,1,32,0,0.9458333849906921,0.95333331823349,0.20478059351444244,0.6619018012210589,0.019,0.9133332967758179,0.8773333430290222,0.9513333439826965,544.0,1.0,389120,0,0,1.0,64.0,0.8046666383743286,0.09815023839473724,0.4819999933242798,0.2540000081062317,,,
srht_p2_max,linear,srht,bipolar,none,raw,"{""proj_bits"": 2, ""proj_scheme"": ""max""}",,,shift,1,4096,64,30,30,cosine,uniform,1,32,0,0.9458333849906921,0.95333331823349,0.20478059351444244,0.6619018012210589,0.018,0.9133332967758179,0.8773333430290222,0.9513333439826965,544.0,1.0,389120,0,0,1.0,64.0,0.8046666383743286,0.09815023839473724,0.4819999933242798,0.2540000081062317,,,
srht_p4_mse,linear,srht,bipolar,none,raw,"{""proj_bits"": 4, ""proj_scheme"": ""mse""}",,,shift,1,4096,64,30,30,cosine,uniform,1,32,0,0.9458333849906921,0.95333331823349,0.20478059351444244,0.6619018012210589,0.024,0.9133332967758179,0.8773333430290222,0.9513333439826965,608.0,1.0,389120,0,0,1.0,64.0,0.8046666383743286,0.09815023839473724,0.4819999933242798,0.2540000081062317,,,
srht_p4_max,linear,srht,bipolar,none,raw,"{""proj_bits"": 4, ""proj_scheme"": ""max""}",,,shift,1,4096,64,30,30,cosine,uniform,1,32,0,0.9458333849906921,0.95333331823349,0.20478059351444244,0.6619018012210589,0.018,0.9133332967758179,0.8773333430290222,0.9513333439826965,608.0,1.0,389120,0,0,1.0,64.0,0.8046666383743286,0.09815023839473724,0.4819999933242798,0.2540000081062317,,,
srht_p8_mse,linear,srht,bipolar,none,raw,"{""proj_bits"": 8, ""proj_scheme"": ""mse""}",,,shift,1,4096,64,30,30,cosine,uniform,1,32,0,0.9458333849906921,0.95333331823349,0.20478059351444244,0.6619018012210589,0.03,0.9133332967758179,0.8773333430290222,0.9513333439826965,736.0,1.0,389120,0,0,1.0,64.0,0.8046666383743286,0.09815023839473724,0.4819999933242798,0.2540000081062317,,,
srht_p8_max,linear,srht,bipolar,none,raw,"{""proj_bits"": 8, ""proj_scheme"": ""max""}",,,shift,1,4096,64,30,30,cosine,uniform,1,32,0,0.9458333849906921,0.95333331823349,0.20478059351444244,0.6619018012210589,0.022,0.9133332967758179,0.8773333430290222,0.9513333439826965,736.0,1.0,389120,0,0,1.0,64.0,0.8046666383743286,0.09815023839473724,0.4819999933242798,0.2540000081062317,,,
srht_ternary,linear,srht,bipolar,none,raw,"{""proj_bits"": 2, ""proj_scheme"": ""ternary""}",,,shift,1,4096,64,30,30,cosine,uniform,1,32,0,0.9458333849906921,0.95333331823349,0.20478059351444244,0.6619018012210589,0.02,0.9133332967758179,0.8773333430290222,0.9513333439826965,544.0,1.0,389120,0,0,1.0,64.0,0.8046666383743286,0.09815023839473724,0.4819999933242798,0.2540000081062317,,,
srht_sign,linear,srht,bipolar,none,raw,"{""proj_bits"": 1, ""proj_scheme"": ""sign""}",,,shift,1,4096,64,30,30,cosine,uniform,1,32,0,0.9458333849906921,0.95333331823349,0.20478059351444244,0.6619018012210589,0.017,0.9133332967758179,0.8773333430290222,0.9513333439826965,512.0,1.0,389120,0,0,1.0,64.0,0.8046666383743286,0.09815023839473724,0.4819999933242798,0.2540000081062317,,,
proto2_ptq,linear,gaussian,bipolar,none,raw,,,,shift,1,4096,64,30,30,cosine,uniform,1,2,0,0.9991666674613953,0.996666669845581,0.24246510863304138,0.9828754963327289,0.016,0.9873332977294922,0.9766666293144226,0.996666669845581,1054.0,1.0,389120,0,0,1.0,64.0,0.9433333277702332,0.1441589742898941,0.6739999651908875,0.3479999899864197,,,
proto2_qat,linear,gaussian,bipolar,none,raw,,,,shift,1,4096,64,30,30,cosine,uniform,1,2,1,1.0,0.9959999918937683,0.24255938827991486,0.9828754963327289,0.035,0.9873332977294922,0.9760000109672546,0.9959999918937683,1054.0,1.0,389120,0,0,1.0,64.0,0.9419999718666077,0.14458097517490387,0.6766666769981384,0.3553333282470703,,,
proto3_ptq,linear,gaussian,bipolar,none,raw,,,,shift,1,4096,64,30,30,cosine,uniform,1,3,0,0.9991666674613953,0.9959999918937683,0.2554332911968231,0.9828754963327289,0.017,0.9900000095367432,0.9779999852180481,0.9959999918937683,1069.0,1.0,389120,0,0,1.0,64.0,0.9473333358764648,0.15072719752788544,0.6646666526794434,0.3059999942779541,,,
proto3_qat,linear,gaussian,bipolar,none,raw,,,,shift,1,4096,64,30,30,cosine,uniform,1,3,1,0.9991666674613953,0.9959999918937683,0.2557220757007599,0.9828754963327289,0.048,0.9900000095367432,0.9786666631698608,0.9959999918937683,1069.0,1.0,389120,0,0,1.0,64.0,0.9459999799728394,0.151034414768219,0.6653333306312561,0.3140000104904175,,,
proto4_ptq,linear,gaussian,bipolar,none,raw,,,,shift,1,4096,64,30,30,cosine,uniform,1,4,0,0.9991666674613953,0.996666669845581,0.2575239837169647,0.9828754963327289,0.021,0.9893333315849304,0.9786666631698608,0.9959999918937683,1084.0,1.0,389120,0,0,1.0,64.0,0.9453333020210266,0.15207932889461517,0.6613333225250244,0.304666668176651,,,
proto4_qat,linear,gaussian,bipolar,none,raw,,,,shift,1,4096,64,30,30,cosine,uniform,1,4,1,0.9991666674613953,0.996666669845581,0.2575610876083374,0.9828754963327289,0.035,0.9900000095367432,0.9773333072662354,0.9959999918937683,1084.0,1.0,389120,0,0,1.0,64.0,0.9459999799728394,0.15227824449539185,0.6646666526794434,0.30933332443237305,,,
gauss_real,linear,gaussian,bipolar,none,raw,,,real,shift,2,4096,64,30,30,cosine,uniform,1,32,0,0.9975000023841858,0.9973333477973938,0.25736841559410095,0.982928383725162,0.024,0.9886666536331177,0.9913333058357239,0.9973333477973938,1504.0,32.0,393216,0,0,,,0.9539999961853027,0.16176192462444305,0.762666642665863,0.4886666536331177,,,
gauss_int8,linear,gaussian,bipolar,none,raw,,,int8,shift,2,4096,64,30,30,cosine,uniform,1,32,0,0.9975000023841858,0.9973333477973938,0.25736841559410095,0.982928383725162,0.032,0.9886666536331177,0.9913333058357239,0.9973333477973938,1504.0,8.0,393216,0,0,,,0.9539999961853027,0.16176192462444305,0.762666642665863,0.4886666536331177,,,
gauss_int4,linear,gaussian,bipolar,none,raw,,,int4,shift,2,4096,64,30,30,cosine,uniform,1,32,0,0.9975000023841858,0.9973333477973938,0.25736841559410095,0.982928383725162,0.031,0.9886666536331177,0.9913333058357239,0.9973333477973938,1504.0,4.0,393216,0,0,,,0.9539999961853027,0.16176192462444305,0.762666642665863,0.4886666536331177,,,
gauss_int2,linear,gaussian,bipolar,none,raw,,,int2,shift,2,4096,64,30,30,cosine,uniform,1,32,0,0.9975000023841858,0.9973333477973938,0.25736841559410095,0.982928383725162,0.03,0.9886666536331177,0.9913333058357239,0.9973333477973938,1504.0,2.0,393216,0,0,,,0.9539999961853027,0.16176192462444305,0.762666642665863,0.4886666536331177,,,
gauss_bipolar,linear,gaussian,bipolar,none,raw,,,bipolar,shift,2,4096,64,30,30,cosine,uniform,1,32,0,0.9975000023841858,0.9973333477973938,0.25736841559410095,0.982928383725162,0.021,0.9886666536331177,0.9913333058357239,0.9973333477973938,1504.0,1.0,393216,0,0,,,0.9539999961853027,0.16176192462444305,0.762666642665863,0.4886666536331177,,,
gauss_binary01,linear,gaussian,bipolar,none,raw,,,binary01,shift,2,4096,64,30,30,cosine,uniform,1,32,0,0.9975000023841858,0.9973333477973938,0.07657643407583237,0.9739897795656637,0.016,0.9879999756813049,0.9900000095367432,0.9953333139419556,1504.0,1.0,393216,0,0,,,0.95333331823349,0.047602053731679916,0.7526666522026062,0.47333332896232605,,,
gauss_ternary,linear,gaussian,bipolar,none,raw,,,ternary,shift,2,4096,64,30,30,cosine,uniform,1,32,0,0.9975000023841858,0.9973333477973938,0.25736841559410095,0.982928383725162,0.049,0.9886666536331177,0.9913333058357239,0.9973333477973938,1504.0,2.0,393216,0,0,,,0.9539999961853027,0.16176192462444305,0.762666642665863,0.4886666536331177,,,
gauss_block,linear,gaussian,bipolar,none,raw,,,block,shift,2,4096,64,30,30,cosine,uniform,1,32,0,0.9916666746139526,0.9940000176429749,0.2416045367717743,0.8843946170217682,0.025,0.9766666293144226,0.972000002861023,0.9940000176429749,1504.0,0.5,393216,0,0,,,0.9293333292007446,0.1547466367483139,0.7300000190734863,0.4846666753292084,,,
gauss_thermo,linear,gaussian,bipolar,none,raw,,,thermo,shift,2,4096,64,30,30,cosine,uniform,1,32,0,0.9975000023841858,0.9973333477973938,0.07657643407583237,0.9739897356962068,0.045,0.9879999756813049,0.9900000095367432,0.996666669845581,2944.0,4.0,761856,0,0,,,0.95333331823349,0.04760205000638962,0.7526666522026062,0.47333332896232605,,,
gauss_vq,linear,gaussian,bipolar,none,raw,,,vq,shift,2,4096,64,30,30,cosine,uniform,1,32,0,0.987500011920929,0.9886666536331177,0.42018643021583557,0.4044273804546006,0.033,0.9753333330154419,0.9753333330154419,0.9873332977294922,5600.0,0.0,393216,0,0,,,0.940666675567627,0.36440226435661316,0.6899999976158142,0.4673333168029785,,,
signrff_real,rff,rff,real,none,raw,"{""bw_scale"": 0.25}",,real,shift,2,4096,64,30,30,cosine,uniform,1,32,0,0.9991666674613953,0.9946666359901428,0.147195965051651,0.6186398573425952,0.036,0.9853333234786987,0.9819999933242798,0.9946666359901428,1520.0,32.0,393216,0,0,,,0.9246666431427002,0.049324680119752884,0.28200000524520874,0.0573333315551281,,,
signrff_int8,rff,rff,real,none,raw,"{""bw_scale"": 0.25}",,int8,shift,2,4096,64,30,30,cosine,uniform,1,32,0,0.9991666674613953,0.9946666359901428,0.14719443023204803,0.6186527819429712,0.046,0.9853333234786987,0.981333315372467,0.9946666359901428,1520.0,8.0,393216,0,0,,,0.9246666431427002,0.04932427033782005,0.281333327293396,0.0573333315551281,,,
signrff_int4,rff,rff,real,none,raw,"{""bw_scale"": 0.25}",,int4,shift,2,4096,64,30,30,cosine,uniform,1,32,0,0.9991666674613953,0.9946666359901428,0.14695218205451965,0.6182512706354796,0.047,0.9853333234786987,0.9806666374206543,0.9946666359901428,1520.0,4.0,393216,0,0,,,0.9233333468437195,0.04924435913562775,0.2826666533946991,0.059333331882953644,,,
signrff_int2,rff,rff,real,none,raw,"{""bw_scale"": 0.25}",,int2,shift,2,4096,64,30,30,cosine,uniform,1,32,0,1.0,0.9953333139419556,0.14088238775730133,0.6091061253792298,0.047,0.984666645526886,0.9826666712760925,0.9946666359901428,1520.0,2.0,393216,0,0,,,0.9233333468437195,0.046829842031002045,0.26600000262260437,0.06133333221077919,,,
signrff_bipolar,rff,rff,real,none,raw,"{""bw_scale"": 0.25}",,bipolar,shift,2,4096,64,30,30,cosine,uniform,1,32,0,0.9991666674613953,0.9953333139419556,0.13096405565738678,0.5869333568529926,0.035,0.9826666712760925,0.981333315372467,0.9940000176429749,1520.0,1.0,393216,0,0,,,0.9173333048820496,0.04301457852125168,0.23799999058246613,0.059333331882953644,,,
signrff_binary01,rff,rff,real,none,raw,"{""bw_scale"": 0.25}",,binary01,shift,2,4096,64,30,30,cosine,uniform,1,32,0,0.9983333349227905,0.9946666359901428,0.030384201556444168,0.5422397202697701,0.038,0.9826666712760925,0.9833333492279053,0.9599999785423279,1520.0,1.0,393216,0,0,,,0.9146666526794434,0.009927792474627495,0.2199999988079071,0.04933333396911621,,,
signrff_ternary,rff,rff,real,none,raw,"{""bw_scale"": 0.25}",,ternary,shift,2,4096,64,30,30,cosine,uniform,1,32,0,1.0,0.9953333139419556,0.14084072411060333,0.6084593152923625,0.075,0.984666645526886,0.9826666712760925,0.9946666359901428,1520.0,2.0,393216,0,0,,,0.9173333048820496,0.04678123816847801,0.2593333423137665,0.06133333221077919,,,
signrff_block,rff,rff,real,none,raw,"{""bw_scale"": 0.25}",,block,shift,2,4096,64,30,30,cosine,uniform,1,32,0,0.9891666769981384,0.9853333234786987,0.06099463999271393,0.31761902680841747,0.037,0.9539999961853027,0.9639999866485596,0.9819999933242798,1520.0,0.5,393216,0,0,,,0.7333333492279053,0.012999394908547401,0.09733333438634872,0.04266666620969772,,,
signrff_thermo,rff,rff,real,none,raw,"{""bw_scale"": 0.25}",,thermo,shift,2,4096,64,30,30,cosine,uniform,1,32,0,0.9991666674613953,0.9946666359901428,0.02379206009209156,0.5616021301903551,0.061,0.984666645526886,0.981333315372467,0.984666645526886,2960.0,4.0,761856,0,0,,,0.9233333468437195,0.00791750755161047,0.2459999918937683,0.046666666865348816,,,
signrff_vq,rff,rff,real,none,raw,"{""bw_scale"": 0.25}",,vq,shift,2,4096,64,30,30,cosine,uniform,1,32,0,0.9508333802223206,0.9566666483879089,0.22490470111370087,0.2770357762219103,0.051,0.9319999814033508,0.921999990940094,0.9699999690055847,5616.0,0.0,393216,0,0,,,0.7933333516120911,0.14933587610721588,0.10466666519641876,0.04266666620969772,,,
fpe_b3_real,fpe,fpe,bipolar,none,raw,"{""bw_scale"": 0.25, ""phase_bits"": 3}",,real,shift,2,4096,64,30,30,cosine,uniform,1,32,0,0.9975000023841858,0.996666669845581,0.1443992406129837,0.634701389017067,0.043,0.9879999756813049,0.9853333234786987,0.996666669845581,1985.5,32.0,524288,0,0,,,0.9300000071525574,0.04808436706662178,0.2693333327770233,0.04933333396911621,,,
fpe_b3_int8,fpe,fpe,bipolar,none,raw,"{""bw_scale"": 0.25, ""phase_bits"": 3}",,int8,shift,2,4096,64,30,30,cosine,uniform,1,32,0,0.9975000023841858,0.996666669845581,0.14439937472343445,0.6347157999010902,0.072,0.9879999756813049,0.9853333234786987,0.996666669845581,1985.5,8.0,524288,0,0,,,0.9300000071525574,0.048083774745464325,0.27000001072883606,0.04933333396911621,,,
fpe_b3_int4,fpe,fpe,bipolar,none,raw,"{""bw_scale"": 0.25, ""phase_bits"": 3}",,int4,shift,2,4096,64,30,30,cosine,uniform,1,32,0,0.9975000023841858,0.996666669845581,0.14439822733402252,0.6347341950546902,0.072,0.9879999756813049,0.9853333234786987,0.996666669845581,1985.5,4.0,524288,0,0,,,0.9300000071525574,0.048081059008836746,0.2706666588783264,0.04933333396911621,,,
fpe_b3_int2,fpe,fpe,bipolar,none,raw,"{""bw_scale"": 0.25, ""phase_bits"": 3}",,int2,shift,2,4096,64,30,30,cosine,uniform,1,32,0,0.9983333349227905,0.9973333477973938,0.1421859711408615,0.633137468428701,0.072,0.9866666793823242,0.984666645526886,0.996666669845581,1985.5,2.0,524288,0,0,,,0.9253333210945129,0.04715774580836296,0.2653333246707916,0.04600000008940697,,,
fpe_b3_bipolar,fpe,fpe,bipolar,none,raw,"{""bw_scale"": 0.25, ""phase_bits"": 3}",,bipolar,shift,2,4096,64,30,30,cosine,uniform,1,32,0,0.9991666674613953,0.996666669845581,0.11331622302532196,0.5322693267703288,0.043,0.9833333492279053,0.9839999675750732,0.9953333139419556,1985.5,1.0,524288,0,0,,,0.8073333501815796,0.02290561981499195,0.019999999552965164,0.007333333138376474,,,
fpe_b3_binary01,fpe,fpe,bipolar,none,raw,"{""bw_scale"": 0.25, ""phase_bits"": 3}",,binary01,shift,2,4096,64,30,30,cosine,uniform,1,32,0,0.9983333349227905,0.9959999918937683,0.017148347571492195,0.2440833233919967,0.043,0.9793333411216736,0.9853333234786987,0.9266666769981384,1985.5,1.0,524288,0,0,,,0.7806666493415833,0.0031714101787656546,0.02199999988079071,0.01733333244919777,,,
fpe_b3_ternary,fpe,fpe,bipolar,none,raw,"{""bw_scale"": 0.25, ""phase_bits"": 3}",,ternary,shift,2,4096,64,30,30,cosine,uniform,1,32,0,0.9983333349227905,0.9973333477973938,0.1421859860420227,0.6331374858018957,0.113,0.9866666793823242,0.984666645526886,0.996666669845581,1985.5,2.0,524288,0,0,,,0.9253333210945129,0.04715774580836296,0.2653333246707916,0.04600000008940697,,,
fpe_b3_block,fpe,fpe,bipolar,none,raw,"{""bw_scale"": 0.25, ""phase_bits"": 3}",,block,shift,2,4096,64,30,30,cosine,uniform,1,32,0,0.9975000023841858,0.9933333396911621,0.07277269661426544,0.39631795667685843,0.056,0.9713333249092102,0.9739999771118164,0.9886666536331177,1985.5,0.5,524288,0,0,,,0.793999969959259,0.017101524397730827,0.08399999886751175,0.03333333134651184,,,
fpe_b3_thermo,fpe,fpe,bipolar,none,raw,"{""bw_scale"": 0.25, ""phase_bits"": 3}",,thermo,shift,2,4096,64,30,30,cosine,uniform,1,32,0,0.9983333349227905,0.996666669845581,0.021777940914034843,0.363680819171028,0.097,0.9873332977294922,0.9879999756813049,0.9906666278839111,4865.5,4.0,1261568,0,0,,,0.9153333306312561,0.007159116677939892,0.20000000298023224,0.04466666653752327,,,
fpe_b3_vq,fpe,fpe,bipolar,none,raw,"{""bw_scale"": 0.25, ""phase_bits"": 3}",,vq,shift,2,4096,64,30,30,cosine,uniform,1,32,0,0.9775000214576721,0.9713333249092102,0.22976884245872498,0.2895164015928283,0.073,0.9639999866485596,0.9573333263397217,0.9800000190734863,10177.5,0.0,524288,0,0,,,0.843999981880188,0.162251278758049,0.10866666585206985,0.03733333200216293,,,
gaussian_fp32,linear,gaussian,bipolar,none,raw,,,,shift,2,4096,64,30,30,cosine,uniform,1,32,0,0.9975000023841858,0.9973333477973938,0.25736841559410095,0.982928383725162,0.016,0.9886666536331177,0.9913333058357239,0.9973333477973938,1504.0,1.0,389120,0,0,1.0,64.0,0.9539999961853027,0.16176192462444305,0.762666642665863,0.4886666536331177,,,
srht_fp32,linear,srht,bipolar,none,raw,,,,shift,2,4096,64,30,30,cosine,uniform,1,32,0,0.9516667127609253,0.9593333005905151,0.20305880904197693,0.6594738552557546,0.016,0.9079999923706055,0.9006666541099548,0.9586666822433472,1504.0,1.0,389120,0,0,1.0,64.0,0.8033333420753479,0.09890125691890717,0.4440000057220459,0.27666667103767395,,,
gaussian_p2_mse,linear,gaussian,bipolar,none,raw,"{""proj_bits"": 2, ""proj_scheme"": ""mse""}",,,shift,2,4096,64,30,30,cosine,uniform,1,32,0,0.996666669845581,0.9973333477973938,0.25723201036453247,0.9824614859911835,0.017,0.9879999756813049,0.9913333058357239,0.9973333477973938,519.78,1.0,289896,0,0,0.6215,64.0,0.9566666483879089,0.16081184148788452,0.7400000095367432,0.46666666865348816,,,
gaussian_p2_max,linear,gaussian,bipolar,none,raw,"{""proj_bits"": 2, ""proj_scheme"": ""max""}",,,shift,2,4096,64,30,30,cosine,uniform,1,32,0,0.9816666841506958,0.9900000095367432,0.08613037317991257,0.7846150076132286,0.016,0.9593333005905151,0.949999988079071,0.9893333315849304,480.9,1.0,130668,0,0,0.0141,64.0,0.8859999775886536,0.04933934658765793,0.6346666812896729,0.42399999499320984,,,
gaussian_p4_mse,linear,gaussian,bipolar,none,raw,"{""proj_bits"": 4, ""proj_scheme"": ""mse""}",,,shift,2,4096,64,30,30,cosine,uniform,1,32,0,0.9975000023841858,0.9973333477973938,0.2573486566543579,0.9828678588029071,0.017,0.9893333315849304,0.9913333058357239,0.9973333477973938,590.13,1.0,352521,0,0,0.8604,64.0,0.9539999961853027,0.16210272908210754,0.7599999904632568,0.4906666576862335,,,
gaussian_p4_max,linear,gaussian,bipolar,none,raw,"{""proj_bits"": 4, ""proj_scheme"": ""max""}",,,shift,2,4096,64,30,30,cosine,uniform,1,32,0,0.9975000023841858,0.9973333477973938,0.25694096088409424,0.9825809037464373,0.016,0.9900000095367432,0.9919999837875366,0.9973333477973938,572.72,1.0,316873,0,0,0.7244,64.0,0.9539999961853027,0.1612003743648529,0.7573333382606506,0.4819999933242798,,,
gaussian_p8_mse,linear,gaussian,bipolar,none,raw,"{""proj_bits"": 8, ""proj_scheme"": ""mse""}",,,shift,2,4096,64,30,30,cosine,uniform,1,32,0,0.9975000023841858,0.9973333477973938,0.25740182399749756,0.9829317536137715,0.017,0.9879999756813049,0.9906666278839111,0.9973333477973938,732.7,1.0,385745,0,0,0.9871,64.0,0.9573333263397217,0.161797896027565,0.7586666345596313,0.4873333275318146,,,
gaussian_p8_max,linear,gaussian,bipolar,none,raw,"{""proj_bits"": 8, ""proj_scheme"": ""max""}",,,shift,2,4096,64,30,30,cosine,uniform,1,32,0,0.996666669845581,0.9973333477973938,0.25729820132255554,0.9829731899567017,0.016,0.9893333315849304,0.9906666278839111,0.9973333477973938,731.91,1.0,384936,0,0,0.984,64.0,0.9559999704360962,0.16171082854270935,0.7599999904632568,0.4886666536331177,,,
gaussian_ternary,linear,gaussian,bipolar,none,raw,"{""proj_bits"": 2, ""proj_scheme"": ""ternary""}",,,shift,2,4096,64,30,30,cosine,uniform,1,32,0,0.996666669845581,0.9973333477973938,0.2569478452205658,0.9828141084117027,0.021,0.9873332977294922,0.9919999837875366,0.996666669845581,513.47,1.0,264068,0,0,0.523,64.0,0.9566666483879089,0.15997055172920227,0.7419999837875366,0.47066664695739746,,,
gaussian_sign,linear,gaussian,bipolar,none,raw,"{""proj_bits"": 1, ""proj_scheme"": ""sign""}",,,shift,2,4096,64,30,30,cosine,uniform,1,32,0,0.9983333349227905,0.9973333477973938,0.25623396039009094,0.9825522723911131,0.016,0.9886666536331177,0.9919999837875366,0.996666669845581,512.0,1.0,389120,0,0,1.0,64.0,0.9513333439826965,0.15834079682826996,0.7493333220481873,0.4959999918937683,,,
srht_p2_mse,linear,srht,bipolar,none,raw,"{""proj_bits"": 2, ""proj_scheme"": ""mse""}",,,shift,2,4096,64,30,30,cosine,uniform,1,32,0,0.9516667127609253,0.9593333005905151,0.20305880904197693,0.6594738552557546,0.017,0.9079999923706055,0.9006666541099548,0.9586666822433472,544.0,1.0,389120,0,0,1.0,64.0,0.8033333420753479,0.09890125691890717,0.4440000057220459,0.27666667103767395,,,
srht_p2_max,linear,srht,bipolar,none,raw,"{""proj_bits"": 2, ""proj_scheme"": ""max""}",,,shift,2,4096,64,30,30,cosine,uniform,1,32,0,0.9516667127609253,0.9593333005905151,0.20305880904197693,0.6594738552557546,0.016,0.9079999923706055,0.9006666541099548,0.9586666822433472,544.0,1.0,389120,0,0,1.0,64.0,0.8033333420753479,0.09890125691890717,0.4440000057220459,0.27666667103767395,,,
srht_p4_mse,linear,srht,bipolar,none,raw,"{""proj_bits"": 4, ""proj_scheme"": ""mse""}",,,shift,2,4096,64,30,30,cosine,uniform,1,32,0,0.9516667127609253,0.9593333005905151,0.20305880904197693,0.6594738552557546,0.017,0.9079999923706055,0.9006666541099548,0.9586666822433472,608.0,1.0,389120,0,0,1.0,64.0,0.8033333420753479,0.09890125691890717,0.4440000057220459,0.27666667103767395,,,
srht_p4_max,linear,srht,bipolar,none,raw,"{""proj_bits"": 4, ""proj_scheme"": ""max""}",,,shift,2,4096,64,30,30,cosine,uniform,1,32,0,0.9516667127609253,0.9593333005905151,0.20305880904197693,0.6594738552557546,0.016,0.9079999923706055,0.9006666541099548,0.9586666822433472,608.0,1.0,389120,0,0,1.0,64.0,0.8033333420753479,0.09890125691890717,0.4440000057220459,0.27666667103767395,,,
srht_p8_mse,linear,srht,bipolar,none,raw,"{""proj_bits"": 8, ""proj_scheme"": ""mse""}",,,shift,2,4096,64,30,30,cosine,uniform,1,32,0,0.9516667127609253,0.9593333005905151,0.20305880904197693,0.6594738552557546,0.017,0.9079999923706055,0.9006666541099548,0.9586666822433472,736.0,1.0,389120,0,0,1.0,64.0,0.8033333420753479,0.09890125691890717,0.4440000057220459,0.27666667103767395,,,
srht_p8_max,linear,srht,bipolar,none,raw,"{""proj_bits"": 8, ""proj_scheme"": ""max""}",,,shift,2,4096,64,30,30,cosine,uniform,1,32,0,0.9516667127609253,0.9593333005905151,0.20305880904197693,0.6594738552557546,0.016,0.9079999923706055,0.9006666541099548,0.9586666822433472,736.0,1.0,389120,0,0,1.0,64.0,0.8033333420753479,0.09890125691890717,0.4440000057220459,0.27666667103767395,,,
srht_ternary,linear,srht,bipolar,none,raw,"{""proj_bits"": 2, ""proj_scheme"": ""ternary""}",,,shift,2,4096,64,30,30,cosine,uniform,1,32,0,0.9516667127609253,0.9593333005905151,0.20305880904197693,0.6594738552557546,0.019,0.9079999923706055,0.9006666541099548,0.9586666822433472,544.0,1.0,389120,0,0,1.0,64.0,0.8033333420753479,0.09890125691890717,0.4440000057220459,0.27666667103767395,,,
srht_sign,linear,srht,bipolar,none,raw,"{""proj_bits"": 1, ""proj_scheme"": ""sign""}",,,shift,2,4096,64,30,30,cosine,uniform,1,32,0,0.9516667127609253,0.9593333005905151,0.20305880904197693,0.6594738552557546,0.016,0.9079999923706055,0.9006666541099548,0.9586666822433472,512.0,1.0,389120,0,0,1.0,64.0,0.8033333420753479,0.09890125691890717,0.4440000057220459,0.27666667103767395,,,
proto2_ptq,linear,gaussian,bipolar,none,raw,,,,shift,2,4096,64,30,30,cosine,uniform,1,2,0,0.996666669845581,0.9973333477973938,0.24230366945266724,0.982928383725162,0.017,0.9873332977294922,0.9900000095367432,0.9973333477973938,1054.0,1.0,389120,0,0,1.0,64.0,0.9506666660308838,0.1511325091123581,0.7459999918937683,0.47599998116493225,,,
proto2_qat,linear,gaussian,bipolar,none,raw,,,,shift,2,4096,64,30,30,cosine,uniform,1,2,1,0.9975000023841858,0.9973333477973938,0.2424948364496231,0.982928383725162,0.032,0.9879999756813049,0.9900000095367432,0.9973333477973938,1054.0,1.0,389120,0,0,1.0,64.0,0.9480000138282776,0.15073756873607635,0.7440000176429749,0.46799999475479126,,,
proto3_ptq,linear,gaussian,bipolar,none,raw,,,,shift,2,4096,64,30,30,cosine,uniform,1,3,0,0.9975000023841858,0.9973333477973938,0.2546512484550476,0.982928383725162,0.015,0.9886666536331177,0.9900000095367432,0.9973333477973938,1069.0,1.0,389120,0,0,1.0,64.0,0.9539999961853027,0.16005511581897736,0.7606666684150696,0.49266666173934937,,,
proto3_qat,linear,gaussian,bipolar,none,raw,,,,shift,2,4096,64,30,30,cosine,uniform,1,3,1,0.9975000023841858,0.9973333477973938,0.25482794642448425,0.982928383725162,0.032,0.9879999756813049,0.9906666278839111,0.9973333477973938,1069.0,1.0,389120,0,0,1.0,64.0,0.9559999704360962,0.15978245437145233,0.7606666684150696,0.49133333563804626,,,
proto4_ptq,linear,gaussian,bipolar,none,raw,,,,shift,2,4096,64,30,30,cosine,uniform,1,4,0,0.9975000023841858,0.9973333477973938,0.2569461762905121,0.982928383725162,0.015,0.9886666536331177,0.9913333058357239,0.9973333477973938,1084.0,1.0,389120,0,0,1.0,64.0,0.9539999961853027,0.16129422187805176,0.7599999904632568,0.48533332347869873,,,
proto4_qat,linear,gaussian,bipolar,none,raw,,,,shift,2,4096,64,30,30,cosine,uniform,1,4,1,0.9975000023841858,0.9973333477973938,0.2570386826992035,0.982928383725162,0.033,0.9879999756813049,0.9913333058357239,0.9973333477973938,1084.0,1.0,389120,0,0,1.0,64.0,0.9539999961853027,0.16103538870811462,0.7599999904632568,0.4793333411216736,,,
gauss_real,linear,gaussian,bipolar,none,raw,,,real,novel,0,4096,64,14,30,cosine,uniform,1,32,0,0.9732142686843872,0.9742857217788696,0.2022702842950821,0.9841159449405527,0.009,0.9457142949104309,0.9428571462631226,0.977142870426178,1248.0,32.0,327680,0,0,,,,,,,0.961540912578554,0.9596284764257138,0.9845690476190476
gauss_int8,linear,gaussian,bipolar,none,raw,,,int8,novel,0,4096,64,14,30,cosine,uniform,1,32,0,0.9732142686843872,0.9742857217788696,0.2022702842950821,0.9841159449405527,0.019,0.9457142949104309,0.9428571462631226,0.977142870426178,1248.0,8.0,327680,0,0,,,,,,,0.961540912578554,0.9596284764257138,0.9845690476190476
gauss_int4,linear,gaussian,bipolar,none,raw,,,int4,novel,0,4096,64,14,30,cosine,uniform,1,32,0,0.9732142686843872,0.9742857217788696,0.2022702842950821,0.9841159449405527,0.012,0.9457142949104309,0.9428571462631226,0.977142870426178,1248.0,4.0,327680,0,0,,,,,,,0.961540912578554,0.9596284764257138,0.9845690476190476
gauss_int2,linear,gaussian,bipolar,none,raw,,,int2,novel,0,4096,64,14,30,cosine,uniform,1,32,0,0.9732142686843872,0.9742857217788696,0.2022702842950821,0.9841159449405527,0.014,0.9457142949104309,0.9428571462631226,0.977142870426178,1248.0,2.0,327680,0,0,,,,,,,0.961540912578554,0.9596284764257138,0.9845690476190476
gauss_bipolar,linear,gaussian,bipolar,none,raw,,,bipolar,novel,0,4096,64,14,30,cosine,uniform,1,32,0,0.9732142686843872,0.9742857217788696,0.2022702842950821,0.9841159449405527,0.011,0.9457142949104309,0.9428571462631226,0.977142870426178,1248.0,1.0,327680,0,0,,,,,,,0.961540912578554,0.9596284764257138,0.9845690476190476
gauss_binary01,linear,gaussian,bipolar,none,raw,,,binary01,novel,0,4096,64,14,30,cosine,uniform,1,32,0,0.9767857193946838,0.9814285635948181,0.05083577707409859,0.9777276792452588,0.008,0.9514285326004028,0.949999988079071,0.9714285731315613,1248.0,1.0,327680,0,0,,,,,,,0.961540912578554,0.9596284764257138,0.9799785714285715
gauss_ternary,linear,gaussian,bipolar,none,raw,,,ternary,novel,0,4096,64,14,30,cosine,uniform,1,32,0,0.9732142686843872,0.9742857217788696,0.2022702842950821,0.9841159449405527,0.025,0.9457142949104309,0.9428571462631226,0.977142870426178,1248.0,2.0,327680,0,0,,,,,,,0.961540912578554,0.9596284764257138,0.9845690476190476
gauss_block,linear,gaussian,bipolar,none,raw,,,block,novel,0,4096,64,14,30,cosine,uniform,1,32,0,0.9607142806053162,0.9571428298950195,0.18973231315612793,0.8949417462990039,0.017,0.9257142543792725,0.9228571057319641,0.9514285326004028,1248.0,0.5,327680,0,0,,,,,,,0.9258576341764622,0.9233931239876145,0.9720916666666668
gauss_thermo,linear,gaussian,bipolar,none,raw,,,thermo,novel,0,4096,64,14,30,cosine,uniform,1,32,0,0.9767857193946838,0.9814285635948181,0.05083576589822769,0.9777276500654638,0.023,0.9514285326004028,0.949999988079071,0.9800000190734863,1920.0,4.0,499712,0,0,,,,,,,0.961540912578554,0.9596284764257138,0.9799785714285714
gauss_vq,linear,gaussian,bipolar,none,raw,,,vq,novel,0,4096,64,14,30,cosine,uniform,1,32,0,0.8232142925262451,0.8285714387893677,0.13208776712417603,0.35817075471103765,0.021,0.7699999809265137,0.7828571200370789,0.8342856764793396,5344.0,0.0,327680,0,0,,,,,,,0.1075403366986863,0.037434489342797486,0.6756988095238096
signrff_real,rff,rff,real,none,raw,"{""bw_scale"": 0.25}",,real,novel,0,4096,64,14,30,cosine,uniform,1,32,0,0.9803571701049805,0.9814285635948181,0.09240999072790146,0.6414917641925777,0.034,0.9371428489685059,0.9385713934898376,0.9800000190734863,1264.0,32.0,327680,0,0,,,,,,,0.7633654970546215,0.59830673110568,0.8570404761904763
signrff_int8,rff,rff,real,none,raw,"{""bw_scale"": 0.25}",,int8,novel,0,4096,64,14,30,cosine,uniform,1,32,0,0.9803571701049805,0.9814285635948181,0.09240664541721344,0.6415016764138753,0.089,0.9371428489685059,0.9385713934898376,0.9800000190734863,1264.0,8.0,327680,0,0,,,,,,,0.7633654970546215,0.59830673110568,0.8570428571428571
signrff_int4,rff,rff,real,none,raw,"{""bw_scale"": 0.25}",,int4,novel,0,4096,64,14,30,cosine,uniform,1,32,0,0.9785714149475098,0.9828571081161499,0.09225963801145554,0.6411570284341057,0.033,0.9385713934898376,0.9399999976158142,0.9800000190734863,1264.0,4.0,327680,0,0,,,,,,,0.7646263866147367,0.6083205208827518,0.8569761904761906
signrff_int2,rff,rff,real,none,raw,"{""bw_scale"": 0.25}",,int2,novel,0,4096,64,14,30,cosine,uniform,1,32,0,0.9767857193946838,0.9814285635948181,0.08845441788434982,0.6325069895217443,0.039,0.9428571462631226,0.9385713934898376,0.9828571081161499,1264.0,2.0,327680,0,0,,,,,,,0.8285646224563765,0.7455014870530806,0.8563547619047619
signrff_bipolar,rff,rff,real,none,raw,"{""bw_scale"": 0.25}",,bipolar,novel,0,4096,64,14,30,cosine,uniform,1,32,0,0.9785714149475098,0.977142870426178,0.08181320875883102,0.6225108477442087,0.044,0.9442856907844543,0.9300000071525574,0.9742857217788696,1264.0,1.0,327680,0,0,,,,,,,0.8311713357995737,0.7300830399574767,0.8576154761904762
signrff_binary01,rff,rff,real,none,raw,"{""bw_scale"": 0.25}",,binary01,novel,0,4096,64,14,30,cosine,uniform,1,32,0,0.9803571701049805,0.977142870426178,0.019249198958277702,0.6179108099959707,0.036,0.941428542137146,0.927142858505249,0.8999999761581421,1264.0,1.0,327680,0,0,,,,,,,0.8311713357995737,0.7300830399574767,0.8490285714285715
signrff_ternary,rff,rff,real,none,raw,"{""bw_scale"": 0.25}",,ternary,novel,0,4096,64,14,30,cosine,uniform,1,32,0,0.9785714149475098,0.9828571081161499,0.08858343958854675,0.6324249211843398,0.055,0.9428571462631226,0.9371428489685059,0.9828571081161499,1264.0,2.0,327680,0,0,,,,,,,0.8473010749530844,0.7650915945406394,0.8563761904761906
signrff_block,rff,rff,real,none,raw,"{""bw_scale"": 0.25}",,block,novel,0,4096,64,14,30,cosine,uniform,1,32,0,0.9535714387893677,0.9485714435577393,0.0386878065764904,0.3592975367411695,0.033,0.8814285397529602,0.895714282989502,0.9157142639160156,1264.0,0.5,327680,0,0,,,,,,,0.14784195493195665,0.06868593613887387,0.8203916666666666
signrff_thermo,rff,rff,real,none,raw,"{""bw_scale"": 0.25}",,thermo,novel,0,4096,64,14,30,cosine,uniform,1,32,0,0.9821428656578064,0.9800000190734863,0.015123402699828148,0.6344612093433556,0.054,0.9371428489685059,0.941428542137146,0.8942856788635254,1936.0,4.0,499712,0,0,,,,,,,0.7624216874706876,0.6530883852737548,0.8504535714285715
signrff_vq,rff,rff,real,none,raw,"{""bw_scale"": 0.25}",,vq,novel,0,4096,64,14,30,cosine,uniform,1,32,0,0.6017857193946838,0.6242856979370117,0.029082080349326134,0.2412271181310021,0.04,0.5714285373687744,0.587142825126648,0.5985714197158813,5360.0,0.0,327680,0,0,,,,,,,0.057556110871635,0.007092331492362359,0.3776702380952381
fpe_b3_real,fpe,fpe,bipolar,none,raw,"{""bw_scale"": 0.25, ""phase_bits"": 3}",,real,novel,0,4096,64,14,30,cosine,uniform,1,32,0,0.985714316368103,0.9871428608894348,0.09189137071371078,0.6710909299629667,0.036,0.9457142949104309,0.941428542137146,0.9842857122421265,1473.5,32.0,393216,0,0,,,,,,,0.7867037773805925,0.6668663417606657,0.8675380952380951
fpe_b3_int8,fpe,fpe,bipolar,none,raw,"{""bw_scale"": 0.25, ""phase_bits"": 3}",,int8,novel,0,4096,64,14,30,cosine,uniform,1,32,0,0.985714316368103,0.9871428608894348,0.09189139306545258,0.6710983018448102,0.046,0.9457142949104309,0.941428542137146,0.9842857122421265,1473.5,8.0,393216,0,0,,,,,,,0.7867037773805925,0.6668663417606657,0.8675285714285713
fpe_b3_int4,fpe,fpe,bipolar,none,raw,"{""bw_scale"": 0.25, ""phase_bits"": 3}",,int4,novel,0,4096,64,14,30,cosine,uniform,1,32,0,0.985714316368103,0.9871428608894348,0.09189047664403915,0.6710961939337118,0.046,0.9457142949104309,0.941428542137146,0.9842857122421265,1473.5,4.0,393216,0,0,,,,,,,0.7936730733198822,0.6723655911437719,0.8675190476190477
fpe_b3_int2,fpe,fpe,bipolar,none,raw,"{""bw_scale"": 0.25, ""phase_bits"": 3}",,int2,novel,0,4096,64,14,30,cosine,uniform,1,32,0,0.985714316368103,0.9871428608894348,0.09050814062356949,0.6694305590944795,0.055,0.949999988079071,0.9442856907844543,0.9871428608894348,1473.5,2.0,393216,0,0,,,,,,,0.883193645498979,0.8155566183895581,0.8670095238095237
fpe_b3_bipolar,fpe,fpe,bipolar,none,raw,"{""bw_scale"": 0.25, ""phase_bits"": 3}",,bipolar,novel,0,4096,64,14,30,cosine,uniform,1,32,0,0.9803571701049805,0.9814285635948181,0.07630304992198944,0.6382253689960536,0.033,0.9300000071525574,0.9371428489685059,0.9757142663002014,1473.5,1.0,393216,0,0,,,,,,,0.5619337367238066,0.46561619911180857,0.9134761904761904
fpe_b3_binary01,fpe,fpe,bipolar,none,raw,"{""bw_scale"": 0.25, ""phase_bits"": 3}",,binary01,novel,0,4096,64,14,30,cosine,uniform,1,32,0,0.9839285612106323,0.9828571081161499,0.010754898190498352,0.294575035025433,0.033,0.9371428489685059,0.941428542137146,0.8528571128845215,1473.5,1.0,393216,0,0,,,,,,,0.5619337367238066,0.46561619911180857,0.710995238095238
fpe_b3_ternary,fpe,fpe,bipolar,none,raw,"{""bw_scale"": 0.25, ""phase_bits"": 3}",,ternary,novel,0,4096,64,14,30,cosine,uniform,1,32,0,0.985714316368103,0.9871428608894348,0.09050814062356949,0.6694305489416206,0.072,0.949999988079071,0.9442856907844543,0.9871428608894348,1473.5,2.0,393216,0,0,,,,,,,0.8823877813012192,0.8113807076045355,0.8670107142857142
fpe_b3_block,fpe,fpe,bipolar,none,raw,"{""bw_scale"": 0.25, ""phase_bits"": 3}",,block,novel,0,4096,64,14,30,cosine,uniform,1,32,0,0.9714285731315613,0.9628571271896362,0.047035619616508484,0.4704498100831072,0.048,0.9128571152687073,0.9099999666213989,0.9557142853736877,1473.5,0.5,393216,0,0,,,,,,,0.2736621253972978,0.1888069440486709,0.8369083333333334
fpe_b3_thermo,fpe,fpe,bipolar,none,raw,"{""bw_scale"": 0.25, ""phase_bits"": 3}",,thermo,novel,0,4096,64,14,30,cosine,uniform,1,32,0,0.985714316368103,0.9871428608894348,0.013455509208142757,0.4127883527429262,0.069,0.9457142949104309,0.9428571462631226,0.9442856907844543,2817.5,4.0,737280,0,0,,,,,,,0.8446667780837455,0.7470930541577815,0.7481285714285715
fpe_b3_vq,fpe,fpe,bipolar,none,raw,"{""bw_scale"": 0.25, ""phase_bits"": 3}",,vq,novel,0,4096,64,14,30,cosine,uniform,1,32,0,0.7571428418159485,0.7614285349845886,0.044361259788274765,0.2392081243949538,0.053,0.6714285612106323,0.7028571367263794,0.7614285349845886,9665.5,0.0,393216,0,0,,,,,,,0.10450196354058784,0.0327982027580544,0.3552261904761905
gaussian_fp32,linear,gaussian,bipolar,none,raw,,,,novel,0,4096,64,14,30,cosine,uniform,1,32,0,0.9732142686843872,0.9742857217788696,0.2022702842950821,0.9841159449405527,0.019,0.9457142949104309,0.9428571462631226,0.977142870426178,1248.0,1.0,323584,0,0,1.0,64.0,,,,,0.961540912578554,0.9596284764257138,0.9845690476190476
srht_fp32,linear,srht,bipolar,none,raw,,,,novel,0,4096,64,14,30,cosine,uniform,1,32,0,0.862500011920929,0.8871428370475769,0.14748746156692505,0.6727278149111258,0.017,0.8285714387893677,0.8242856860160828,0.8828571438789368,1248.0,1.0,323584,0,0,1.0,64.0,,,,,0.8470831302184916,0.8273170302451552,0.9228142857142857
gaussian_p2_mse,linear,gaussian,bipolar,none,raw,"{""proj_bits"": 2, ""proj_scheme"": ""mse""}",,,novel,0,4096,64,14,30,cosine,uniform,1,32,0,0.9750000238418579,0.9714285731315613,0.2040872424840927,0.9837340222225518,0.011,0.9471428394317627,0.941428542137146,0.9728571176528931,264.79,1.0,228515,0,0,0.6373,64.0,,,,,0.9541978220979346,0.9523177171701365,0.9836952380952381
gaussian_p2_max,linear,gaussian,bipolar,none,raw,"{""proj_bits"": 2, ""proj_scheme"": ""max""}",,,novel,0,4096,64,14,30,cosine,uniform,1,32,0,0.9553571343421936,0.9485714435577393,0.07630465924739838,0.8244318260260107,0.024,0.9200000166893005,0.8785713911056519,0.9471428394317627,225.17,1.0,66225,0,0,0.0183,64.0,,,,,0.90229379083752,0.8928292593202976,0.9615214285714286
gaussian_p4_mse,linear,gaussian,bipolar,none,raw,"{""proj_bits"": 4, ""proj_scheme"": ""mse""}",,,novel,0,4096,64,14,30,cosine,uniform,1,32,0,0.9732142686843872,0.9757142663002014,0.20297761261463165,0.9841627799611388,0.026,0.9485714435577393,0.9385713934898376,0.9785714149475098,334.89,1.0,288547,0,0,0.8663,64.0,,,,,0.961540912578554,0.9596284764257138,0.9842952380952381
gaussian_p4_max,linear,gaussian,bipolar,none,raw,"{""proj_bits"": 4, ""proj_scheme"": ""max""}",,,novel,0,4096,64,14,30,cosine,uniform,1,32,0,0.9714285731315613,0.9757142663002014,0.20266421139240265,0.9843987280055163,0.032,0.9457142949104309,0.949999988079071,0.9728571176528931,318.3,1.0,254563,0,0,0.7367,64.0,,,,,0.9468577376139903,0.9450660423034652,0.9847714285714285
gaussian_p8_mse,linear,gaussian,bipolar,none,raw,"{""proj_bits"": 8, ""proj_scheme"": ""mse""}",,,novel,0,4096,64,14,30,cosine,uniform,1,32,0,0.9732142686843872,0.9757142663002014,0.20202183723449707,0.9841204092826507,0.025,0.9485714435577393,0.9442856907844543,0.977142870426178,477.05,1.0,320568,0,0,0.9885,64.0,,,,,0.9541966282315748,0.9523273116242802,0.984747619047619
gaussian_p8_max,linear,gaussian,bipolar,none,raw,"{""proj_bits"": 8, ""proj_scheme"": ""max""}",,,novel,0,4096,64,14,30,cosine,uniform,1,32,0,0.9732142686843872,0.9742857217788696,0.2020888775587082,0.984147119915365,0.009,0.9471428394317627,0.9442856907844543,0.9757142663002014,476.3,1.0,319793,0,0,0.9855,64.0,,,,,0.9578408659480235,0.9558354200987089,0.9846476190476191
gaussian_ternary,linear,gaussian,bipolar,none,raw,"{""proj_bits"": 2, ""proj_scheme"": ""ternary""}",,,novel,0,4096,64,14,30,cosine,uniform,1,32,0,0.9750000238418579,0.9742857217788696,0.20291726291179657,0.9839327623659628,0.016,0.9485714435577393,0.9399999976158142,0.9757142663002014,257.51,1.0,198691,0,0,0.5236,64.0,,,,,0.9468711329970353,0.9451176386790932,0.9840904761904761
gaussian_sign,linear,gaussian,bipolar,none,raw,"{""proj_bits"": 1, ""proj_scheme"": ""sign""}",,,novel,0,4096,64,14,30,cosine,uniform,1,32,0,0.9785714149475098,0.977142870426178,0.2049860954284668,0.9841947651806623,0.009,0.9542856812477112,0.941428542137146,0.9800000190734863,256.0,1.0,323584,0,0,1.0,64.0,,,,,0.9531753707377986,0.9521598701463286,0.9844857142857143
srht_p2_mse,linear,srht,bipolar,none,raw,"{""proj_bits"": 2, ""proj_scheme"": ""mse""}",,,novel,0,4096,64,14,30,cosine,uniform,1,32,0,0.862500011920929,0.8871428370475769,0.14748746156692505,0.6727278149111258,0.011,0.8285714387893677,0.8242856860160828,0.8828571438789368,288.0,1.0,323584,0,0,1.0,64.0,,,,,0.8470831302184916,0.8273170302451552,0.9228142857142857
srht_p2_max,linear,srht,bipolar,none,raw,"{""proj_bits"": 2, ""proj_scheme"": ""max""}",,,novel,0,4096,64,14,30,cosine,uniform,1,32,0,0.862500011920929,0.8871428370475769,0.14748746156692505,0.6727278149111258,0.026,0.8285714387893677,0.8242856860160828,0.8828571438789368,288.0,1.0,323584,0,0,1.0,64.0,,,,,0.8470831302184916,0.8273170302451552,0.9228142857142857
srht_p4_mse,linear,srht,bipolar,none,raw,"{""proj_bits"": 4, ""proj_scheme"": ""mse""}",,,novel,0,4096,64,14,30,cosine,uniform,1,32,0,0.862500011920929,0.8871428370475769,0.14748746156692505,0.6727278149111258,0.016,0.8285714387893677,0.8242856860160828,0.8828571438789368,352.0,1.0,323584,0,0,1.0,64.0,,,,,0.8470831302184916,0.8273170302451552,0.9228142857142857
srht_p4_max,linear,srht,bipolar,none,raw,"{""proj_bits"": 4, ""proj_scheme"": ""max""}",,,novel,0,4096,64,14,30,cosine,uniform,1,32,0,0.862500011920929,0.8871428370475769,0.14748746156692505,0.6727278149111258,0.01,0.8285714387893677,0.8242856860160828,0.8828571438789368,352.0,1.0,323584,0,0,1.0,64.0,,,,,0.8470831302184916,0.8273170302451552,0.9228142857142857
srht_p8_mse,linear,srht,bipolar,none,raw,"{""proj_bits"": 8, ""proj_scheme"": ""mse""}",,,novel,0,4096,64,14,30,cosine,uniform,1,32,0,0.862500011920929,0.8871428370475769,0.14748746156692505,0.6727278149111258,0.02,0.8285714387893677,0.8242856860160828,0.8828571438789368,480.0,1.0,323584,0,0,1.0,64.0,,,,,0.8470831302184916,0.8273170302451552,0.9228142857142857
srht_p8_max,linear,srht,bipolar,none,raw,"{""proj_bits"": 8, ""proj_scheme"": ""max""}",,,novel,0,4096,64,14,30,cosine,uniform,1,32,0,0.862500011920929,0.8871428370475769,0.14748746156692505,0.6727278149111258,0.01,0.8285714387893677,0.8242856860160828,0.8828571438789368,480.0,1.0,323584,0,0,1.0,64.0,,,,,0.8470831302184916,0.8273170302451552,0.9228142857142857
srht_ternary,linear,srht,bipolar,none,raw,"{""proj_bits"": 2, ""proj_scheme"": ""ternary""}",,,novel,0,4096,64,14,30,cosine,uniform,1,32,0,0.862500011920929,0.8871428370475769,0.14748746156692505,0.6727278149111258,0.019,0.8285714387893677,0.8242856860160828,0.8828571438789368,288.0,1.0,323584,0,0,1.0,64.0,,,,,0.8470831302184916,0.8273170302451552,0.9228142857142857
srht_sign,linear,srht,bipolar,none,raw,"{""proj_bits"": 1, ""proj_scheme"": ""sign""}",,,novel,0,4096,64,14,30,cosine,uniform,1,32,0,0.862500011920929,0.8871428370475769,0.14748746156692505,0.6727278149111258,0.009,0.8285714387893677,0.8242856860160828,0.8828571438789368,256.0,1.0,323584,0,0,1.0,64.0,,,,,0.8470831302184916,0.8273170302451552,0.9228142857142857
proto2_ptq,linear,gaussian,bipolar,none,raw,,,,novel,0,4096,64,14,30,cosine,uniform,1,2,0,0.9732142686843872,0.9757142663002014,0.19017024338245392,0.9841159449405527,0.013,0.9457142949104309,0.9442856907844543,0.977142870426178,1038.0,1.0,323584,0,0,1.0,64.0,,,,,0.961540912578554,0.9596284764257138,0.9840809523809524
proto2_qat,linear,gaussian,bipolar,none,raw,,,,novel,0,4096,64,14,30,cosine,uniform,1,2,1,0.9714285731315613,0.9757142663002014,0.19064316153526306,0.9841159449405527,0.036,0.9471428394317627,0.9442856907844543,0.9742857217788696,1038.0,1.0,323584,0,0,1.0,64.0,,,,,0.961540912578554,0.9596284764257138,0.9843642857142857
proto3_ptq,linear,gaussian,bipolar,none,raw,,,,novel,0,4096,64,14,30,cosine,uniform,1,3,0,0.9732142686843872,0.9742857217788696,0.2000310868024826,0.9841159449405527,0.019,0.9471428394317627,0.9399999976158142,0.977142870426178,1045.0,1.0,323584,0,0,1.0,64.0,,,,,0.961540912578554,0.9596284764257138,0.9844595238095237
proto3_qat,linear,gaussian,bipolar,none,raw,,,,novel,0,4096,64,14,30,cosine,uniform,1,3,1,0.9732142686843872,0.9742857217788696,0.20064954459667206,0.9841159449405527,0.03,0.9471428394317627,0.941428542137146,0.9742857217788696,1045.0,1.0,323584,0,0,1.0,64.0,,,,,0.961540912578554,0.9596284764257138,0.9844666666666666
proto4_ptq,linear,gaussian,bipolar,none,raw,,,,novel,0,4096,64,14,30,cosine,uniform,1,4,0,0.9732142686843872,0.9742857217788696,0.2016071230173111,0.9841159449405527,0.016,0.9457142949104309,0.9428571462631226,0.977142870426178,1052.0,1.0,323584,0,0,1.0,64.0,,,,,0.961540912578554,0.9596284764257138,0.9845547619047619
proto4_qat,linear,gaussian,bipolar,none,raw,,,,novel,0,4096,64,14,30,cosine,uniform,1,4,1,0.9714285731315613,0.977142870426178,0.2016696184873581,0.9841159449405527,0.032,0.9485714435577393,0.941428542137146,0.977142870426178,1052.0,1.0,323584,0,0,1.0,64.0,,,,,0.961540912578554,0.9596284764257138,0.9849190476190476
gauss_real,linear,gaussian,bipolar,none,raw,,,real,novel,1,4096,64,14,30,cosine,uniform,1,32,0,0.9732142686843872,0.9742857217788696,0.21035970747470856,0.9846511462451067,0.013,0.9542856812477112,0.9471428394317627,0.9785714149475098,1248.0,32.0,327680,0,0,,,,,,,0.9561582707271461,0.9523909655607505,0.9818023809523809
gauss_int8,linear,gaussian,bipolar,none,raw,,,int8,novel,1,4096,64,14,30,cosine,uniform,1,32,0,0.9732142686843872,0.9742857217788696,0.21035970747470856,0.9846511462451067,0.013,0.9542856812477112,0.9471428394317627,0.9785714149475098,1248.0,8.0,327680,0,0,,,,,,,0.9561582707271461,0.9523909655607505,0.9818023809523809
gauss_int4,linear,gaussian,bipolar,none,raw,,,int4,novel,1,4096,64,14,30,cosine,uniform,1,32,0,0.9732142686843872,0.9742857217788696,0.21035970747470856,0.9846511462451067,0.021,0.9542856812477112,0.9471428394317627,0.9785714149475098,1248.0,4.0,327680,0,0,,,,,,,0.9561582707271461,0.9523909655607505,0.9818023809523809
gauss_int2,linear,gaussian,bipolar,none,raw,,,int2,novel,1,4096,64,14,30,cosine,uniform,1,32,0,0.9732142686843872,0.9742857217788696,0.21035970747470856,0.9846511462451067,0.013,0.9542856812477112,0.9471428394317627,0.9785714149475098,1248.0,2.0,327680,0,0,,,,,,,0.9561582707271461,0.9523909655607505,0.9818023809523809
gauss_bipolar,linear,gaussian,bipolar,none,raw,,,bipolar,novel,1,4096,64,14,30,cosine,uniform,1,32,0,0.9732142686843872,0.9742857217788696,0.21035970747470856,0.9846511462451067,0.009,0.9542856812477112,0.9471428394317627,0.9785714149475098,1248.0,1.0,327680,0,0,,,,,,,0.9561582707271461,0.9523909655607505,0.9818023809523809
gauss_binary01,linear,gaussian,bipolar,none,raw,,,binary01,novel,1,4096,64,14,30,cosine,uniform,1,32,0,0.9767857193946838,0.977142870426178,0.054200656712055206,0.9775785339456706,0.019,0.9571428298950195,0.9471428394317627,0.9742857217788696,1248.0,1.0,327680,0,0,,,,,,,0.9561582707271461,0.9523909655607505,0.9779761904761906
gauss_ternary,linear,gaussian,bipolar,none,raw,,,ternary,novel,1,4096,64,14,30,cosine,uniform,1,32,0,0.9732142686843872,0.9742857217788696,0.21035970747470856,0.9846511462451067,0.03,0.9542856812477112,0.9471428394317627,0.9785714149475098,1248.0,2.0,327680,0,0,,,,,,,0.9561582707271461,0.9523909655607505,0.9818023809523809
gauss_block,linear,gaussian,bipolar,none,raw,,,block,novel,1,4096,64,14,30,cosine,uniform,1,32,0,0.9589285850524902,0.9657142758369446,0.19896769523620605,0.890164745894022,0.015,0.941428542137146,0.927142858505249,0.9642857313156128,1248.0,0.5,327680,0,0,,,,,,,0.9119610393109818,0.9027571337872187,0.9710119047619047
gauss_thermo,linear,gaussian,bipolar,none,raw,,,thermo,novel,1,4096,64,14,30,cosine,uniform,1,32,0,0.9767857193946838,0.977142870426178,0.0542006716132164,0.9775785091932672,0.025,0.9571428298950195,0.9471428394317627,0.977142870426178,1920.0,4.0,499712,0,0,,,,,,,0.9561582707271461,0.9523909655607505,0.9779761904761906
gauss_vq,linear,gaussian,bipolar,none,raw,,,vq,novel,1,4096,64,14,30,cosine,uniform,1,32,0,0.8946428894996643,0.8985714316368103,0.20222054421901703,0.37268346427204757,0.018,0.8585714101791382,0.8414285778999329,0.8942856788635254,5344.0,0.0,327680,0,0,,,,,,,0.11104835179976372,0.03692513819818752,0.6989309523809524
signrff_real,rff,rff,real,none,raw,"{""bw_scale"": 0.25}",,real,novel,1,4096,64,14,30,cosine,uniform,1,32,0,0.9750000238418579,0.9714285731315613,0.10065102577209473,0.6705240188681537,0.043,0.9557142853736877,0.9485714435577393,0.9728571176528931,1264.0,32.0,327680,0,0,,,,,,,0.9316851683119508,0.9240195089100379,0.8701571428571429
signrff_int8,rff,rff,real,none,raw,"{""bw_scale"": 0.25}",,int8,novel,1,4096,64,14,30,cosine,uniform,1,32,0,0.9750000238418579,0.9714285731315613,0.10065270215272903,0.6705429801878062,0.037,0.9557142853736877,0.9485714435577393,0.9728571176528931,1264.0,8.0,327680,0,0,,,,,,,0.9316851683119508,0.9240195089100379,0.8701523809523809
signrff_int4,rff,rff,real,none,raw,"{""bw_scale"": 0.25}",,int4,novel,1,4096,64,14,30,cosine,uniform,1,32,0,0.9750000238418579,0.9699999690055847,0.10043366253376007,0.6704806212583623,0.04,0.949999988079071,0.9514285326004028,0.9742857217788696,1264.0,4.0,327680,0,0,,,,,,,0.9353111068309282,0.9274424306743639,0.8700571428571429
signrff_int2,rff,rff,real,none,raw,"{""bw_scale"": 0.25}",,int2,novel,1,4096,64,14,30,cosine,uniform,1,32,0,0.9732142686843872,0.9714285731315613,0.09610684961080551,0.6616545870477125,0.042,0.9542856812477112,0.9457142949104309,0.9699999690055847,1264.0,2.0,327680,0,0,,,,,,,0.8257997300340109,0.742682283318551,0.8688738095238095
signrff_bipolar,rff,rff,real,none,raw,"{""bw_scale"": 0.25}",,bipolar,novel,1,4096,64,14,30,cosine,uniform,1,32,0,0.9732142686843872,0.9757142663002014,0.08949951827526093,0.641772863596252,0.043,0.9542856812477112,0.949999988079071,0.9728571176528931,1264.0,1.0,327680,0,0,,,,,,,0.8491719914148853,0.7723188666090205,0.8673333333333333
signrff_binary01,rff,rff,real,none,raw,"{""bw_scale"": 0.25}",,binary01,novel,1,4096,64,14,30,cosine,uniform,1,32,0,0.9732142686843872,0.9757142663002014,0.02096003107726574,0.6230181817571445,0.037,0.9514285326004028,0.9514285326004028,0.8899999856948853,1264.0,1.0,327680,0,0,,,,,,,0.8491719914148853,0.7723188666090205,0.8661130952380953
signrff_ternary,rff,rff,real,none,raw,"{""bw_scale"": 0.25}",,ternary,novel,1,4096,64,14,30,cosine,uniform,1,32,0,0.9732142686843872,0.9699999690055847,0.0960366353392601,0.6621100581037359,0.042,0.9599999785423279,0.9457142949104309,0.9671428203582764,1264.0,2.0,327680,0,0,,,,,,,0.8665628976318938,0.7887574304566727,0.8684333333333332
signrff_block,rff,rff,real,none,raw,"{""bw_scale"": 0.25}",,block,novel,1,4096,64,14,30,cosine,uniform,1,32,0,0.9482142925262451,0.949999988079071,0.04213583096861839,0.3595064315351849,0.036,0.895714282989502,0.9085714221000671,0.9385713934898376,1264.0,0.5,327680,0,0,,,,,,,0.16737873650377977,0.08600674208885986,0.8459511904761906
signrff_thermo,rff,rff,real,none,raw,"{""bw_scale"": 0.25}",,thermo,novel,1,4096,64,14,30,cosine,uniform,1,32,0,0.9803571701049805,0.9685714244842529,0.016435274854302406,0.646920746050186,0.074,0.9485714435577393,0.949999988079071,0.9285714030265808,1936.0,4.0,499712,0,0,,,,,,,0.8157608645250448,0.7312157817972454,0.8698916666666666
signrff_vq,rff,rff,real,none,raw,"{""bw_scale"": 0.25}",,vq,novel,1,4096,64,14,30,cosine,uniform,1,32,0,0.8053571581840515,0.800000011920929,0.06314489990472794,0.23321583874232643,0.039,0.7357142567634583,0.7357142567634583,0.7814285755157471,5360.0,0.0,327680,0,0,,,,,,,0.10545414601607679,0.03164054908709837,0.501125
fpe_b3_real,fpe,fpe,bipolar,none,raw,"{""bw_scale"": 0.25, ""phase_bits"": 3}",,real,novel,1,4096,64,14,30,cosine,uniform,1,32,0,0.9803571701049805,0.9800000190734863,0.09884102642536163,0.6933051329000128,0.057,0.9614285826683044,0.9457142949104309,0.9800000190734863,1473.5,32.0,393216,0,0,,,,,,,0.8691437465011457,0.7889289550600577,0.8681238095238096
fpe_b3_int8,fpe,fpe,bipolar,none,raw,"{""bw_scale"": 0.25, ""phase_bits"": 3}",,int8,novel,1,4096,64,14,30,cosine,uniform,1,32,0,0.9803571701049805,0.9800000190734863,0.09884052723646164,0.6933165819317855,0.047,0.9614285826683044,0.9457142949104309,0.9800000190734863,1473.5,8.0,393216,0,0,,,,,,,0.8691437465011457,0.7889289550600577,0.868125
fpe_b3_int4,fpe,fpe,bipolar,none,raw,"{""bw_scale"": 0.25, ""phase_bits"": 3}",,int4,novel,1,4096,64,14,30,cosine,uniform,1,32,0,0.9803571701049805,0.9800000190734863,0.09883762896060944,0.6933292026214842,0.047,0.9614285826683044,0.9457142949104309,0.9800000190734863,1473.5,4.0,393216,0,0,,,,,,,0.8691437465011457,0.7889289550600577,0.8681238095238095
fpe_b3_int2,fpe,fpe,bipolar,none,raw,"{""bw_scale"": 0.25, ""phase_bits"": 3}",,int2,novel,1,4096,64,14,30,cosine,uniform,1,32,0,0.9785714149475098,0.9800000190734863,0.09721256792545319,0.6920029935667963,0.051,0.9614285826683044,0.9457142949104309,0.9800000190734863,1473.5,2.0,393216,0,0,,,,,,,0.8605082514466516,0.784815152058237,0.8677095238095239
fpe_b3_bipolar,fpe,fpe,bipolar,none,raw,"{""bw_scale"": 0.25, ""phase_bits"": 3}",,bipolar,novel,1,4096,64,14,30,cosine,uniform,1,32,0,0.9821428656578064,0.9814285635948181,0.08160842955112457,0.6310153114032845,0.037,0.9514285326004028,0.9428571462631226,0.977142870426178,1473.5,1.0,393216,0,0,,,,,,,0.5838500562918062,0.4438744956155372,0.9112119047619047
fpe_b3_binary01,fpe,fpe,bipolar,none,raw,"{""bw_scale"": 0.25, ""phase_bits"": 3}",,binary01,novel,1,4096,64,14,30,cosine,uniform,1,32,0,0.9803571701049805,0.9757142663002014,0.01157605554908514,0.30027398234238867,0.036,0.949999988079071,0.9442856907844543,0.8085713982582092,1473.5,1.0,393216,0,0,,,,,,,0.5838500562918062,0.4438744956155372,0.7109690476190477
fpe_b3_ternary,fpe,fpe,bipolar,none,raw,"{""bw_scale"": 0.25, ""phase_bits"": 3}",,ternary,novel,1,4096,64,14,30,cosine,uniform,1,32,0,0.9785714149475098,0.9800000190734863,0.09721255302429199,0.6920029819156898,0.071,0.9614285826683044,0.9457142949104309,0.9800000190734863,1473.5,2.0,393216,0,0,,,,,,,0.8666366507899385,0.7941934789297765,0.8677095238095239
fpe_b3_block,fpe,fpe,bipolar,none,raw,"{""bw_scale"": 0.25, ""phase_bits"": 3}",,block,novel,1,4096,64,14,30,cosine,uniform,1,32,0,0.9678571224212646,0.9542856812477112,0.04983171820640564,0.4703252584209522,0.045,0.9214285612106323,0.927142858505249,0.9457142949104309,1473.5,0.5,393216,0,0,,,,,,,0.2341968014363205,0.12194367284187883,0.8479202380952381
fpe_b3_thermo,fpe,fpe,bipolar,none,raw,"{""bw_scale"": 0.25, ""phase_bits"": 3}",,thermo,novel,1,4096,64,14,30,cosine,uniform,1,32,0,0.9785714149475098,0.9785714149475098,0.014478274621069431,0.43110321329711043,0.065,0.9599999785423279,0.9485714435577393,0.9514285326004028,2817.5,4.0,737280,0,0,,,,,,,0.8334303911580321,0.7552128559311815,0.74915
fpe_b3_vq,fpe,fpe,bipolar,none,raw,"{""bw_scale"": 0.25, ""phase_bits"": 3}",,vq,novel,1,4096,64,14,30,cosine,uniform,1,32,0,0.7892857193946838,0.7871428728103638,0.05865372344851494,0.2299406281683666,0.053,0.7228571176528931,0.7328571081161499,0.7799999713897705,9665.5,0.0,393216,0,0,,,,,,,0.115412309223436,0.04310007675444097,0.417602380952381
gaussian_fp32,linear,gaussian,bipolar,none,raw,,,,novel,1,4096,64,14,30,cosine,uniform,1,32,0,0.9732142686843872,0.9742857217788696,0.21035970747470856,0.9846511462451067,0.009,0.9542856812477112,0.9471428394317627,0.9785714149475098,1248.0,1.0,323584,0,0,1.0,64.0,,,,,0.9561582707271461,0.9523909655607505,0.9818023809523809
srht_fp32,linear,srht,bipolar,none,raw,,,,novel,1,4096,64,14,30,cosine,uniform,1,32,0,0.8892857432365417,0.8828571438789368,0.1585412174463272,0.6663996662968135,0.015,0.837142825126648,0.8271428346633911,0.8785713911056519,1248.0,1.0,323584,0,0,1.0,64.0,,,,,0.8215663133580692,0.7954286682764853,0.9085357142857143
gaussian_p2_mse,linear,gaussian,bipolar,none,raw,"{""proj_bits"": 2, ""proj_scheme"": ""mse""}",,,novel,1,4096,64,14,30,cosine,uniform,1,32,0,0.9767857193946838,0.9757142663002014,0.21150557696819305,0.9827052893031488,0.011,0.9528571367263794,0.9428571462631226,0.977142870426178,266.13,1.0,234006,0,0,0.6583,64.0,,,,,0.9715278171079625,0.9703660309306062,0.9816166666666666
gaussian_p2_max,linear,gaussian,bipolar,none,raw,"{""proj_bits"": 2, ""proj_scheme"": ""max""}",,,novel,1,4096,64,14,30,cosine,uniform,1,32,0,0.9696428775787354,0.9699999690055847,0.12451249361038208,0.8874555295736944,0.019,0.941428542137146,0.918571412563324,0.9657142758369446,225.78,1.0,68716,0,0,0.0278,64.0,,,,,0.9605134469734223,0.9594303528982163,0.9712119047619047
gaussian_p4_mse,linear,gaussian,bipolar,none,raw,"{""proj_bits"": 4, ""proj_scheme"": ""mse""}",,,novel,1,4096,64,14,30,cosine,uniform,1,32,0,0.9785714149475098,0.9742857217788696,0.21110670268535614,0.9846953614534172,0.016,0.9542856812477112,0.9471428394317627,0.9757142663002014,335.96,1.0,290727,0,0,0.8747,64.0,,,,,0.916408184707621,0.8392853322663202,0.9823714285714286
gaussian_p4_max,linear,gaussian,bipolar,none,raw,"{""proj_bits"": 4, ""proj_scheme"": ""max""}",,,novel,1,4096,64,14,30,cosine,uniform,1,32,0,0.9803571701049805,0.9742857217788696,0.2103520780801773,0.984602512038656,0.009,0.949999988079071,0.9457142949104309,0.9742857217788696,320.31,1.0,258688,0,0,0.7524,64.0,,,,,0.9778812486054076,0.9776620742726472,0.982747619047619
gaussian_p8_mse,linear,gaussian,bipolar,none,raw,"{""proj_bits"": 8, ""proj_scheme"": ""mse""}",,,novel,1,4096,64,14,30,cosine,uniform,1,32,0,0.9732142686843872,0.9728571176528931,0.21045322716236115,0.9846146836461549,0.017,0.9542856812477112,0.9471428394317627,0.977142870426178,476.87,1.0,320380,0,0,0.9878,64.0,,,,,0.9561582707271461,0.9523909655607505,0.9817380952380952
gaussian_p8_max,linear,gaussian,bipolar,none,raw,"{""proj_bits"": 8, ""proj_scheme"": ""max""}",,,novel,1,4096,64,14,30,cosine,uniform,1,32,0,0.9732142686843872,0.9728571176528931,0.21044594049453735,0.9846076071050723,0.016,0.9528571367263794,0.9485714435577393,0.977142870426178,476.54,1.0,320044,0,0,0.9865,64.0,,,,,0.9561582707271461,0.9523909655607505,0.9816738095238096
gaussian_ternary,linear,gaussian,bipolar,none,raw,"{""proj_bits"": 2, ""proj_scheme"": ""ternary""}",,,novel,1,4096,64,14,30,cosine,uniform,1,32,0,0.9785714149475098,0.9742857217788696,0.2112416923046112,0.9844942841102323,0.02,0.9571428298950195,0.941428542137146,0.9742857217788696,257.45,1.0,198449,0,0,0.5226,64.0,,,,,0.9678528287220743,0.9666984286724355,0.9825690476190476
gaussian_sign,linear,gaussian,bipolar,none,raw,"{""proj_bits"": 1, ""proj_scheme"": ""sign""}",,,novel,1,4096,64,14,30,cosine,uniform,1,32,0,0.9785714149475098,0.9757142663002014,0.2105868011713028,0.9841285388253898,0.014,0.9599999785423279,0.9457142949104309,0.9742857217788696,256.0,1.0,323584,0,0,1.0,64.0,,,,,0.9558346650631193,0.9557101305103365,0.9819833333333333
srht_p2_mse,linear,srht,bipolar,none,raw,"{""proj_bits"": 2, ""proj_scheme"": ""mse""}",,,novel,1,4096,64,14,30,cosine,uniform,1,32,0,0.8892857432365417,0.8828571438789368,0.1585412174463272,0.6663996662968135,0.017,0.837142825126648,0.8271428346633911,0.8785713911056519,288.0,1.0,323584,0,0,1.0,64.0,,,,,0.8215663133580692,0.7954286682764853,0.9085357142857143
srht_p2_max,linear,srht,bipolar,none,raw,"{""proj_bits"": 2, ""proj_scheme"": ""max""}",,,novel,1,4096,64,14,30,cosine,uniform,1,32,0,0.8892857432365417,0.8828571438789368,0.1585412174463272,0.6663996662968135,0.015,0.837142825126648,0.8271428346633911,0.8785713911056519,288.0,1.0,323584,0,0,1.0,64.0,,,,,0.8215663133580692,0.7954286682764853,0.9085357142857143
srht_p4_mse,linear,srht,bipolar,none,raw,"{""proj_bits"": 4, ""proj_scheme"": ""mse""}",,,novel,1,4096,64,14,30,cosine,uniform,1,32,0,0.8892857432365417,0.8828571438789368,0.1585412174463272,0.6663996662968135,0.012,0.837142825126648,0.8271428346633911,0.8785713911056519,352.0,1.0,323584,0,0,1.0,64.0,,,,,0.8215663133580692,0.7954286682764853,0.9085357142857143
srht_p4_max,linear,srht,bipolar,none,raw,"{""proj_bits"": 4, ""proj_scheme"": ""max""}",,,novel,1,4096,64,14,30,cosine,uniform,1,32,0,0.8892857432365417,0.8828571438789368,0.1585412174463272,0.6663996662968135,0.022,0.837142825126648,0.8271428346633911,0.8785713911056519,352.0,1.0,323584,0,0,1.0,64.0,,,,,0.8215663133580692,0.7954286682764853,0.9085357142857143
srht_p8_mse,linear,srht,bipolar,none,raw,"{""proj_bits"": 8, ""proj_scheme"": ""mse""}",,,novel,1,4096,64,14,30,cosine,uniform,1,32,0,0.8892857432365417,0.8828571438789368,0.1585412174463272,0.6663996662968135,0.02,0.837142825126648,0.8271428346633911,0.8785713911056519,480.0,1.0,323584,0,0,1.0,64.0,,,,,0.8215663133580692,0.7954286682764853,0.9085357142857143
srht_p8_max,linear,srht,bipolar,none,raw,"{""proj_bits"": 8, ""proj_scheme"": ""max""}",,,novel,1,4096,64,14,30,cosine,uniform,1,32,0,0.8892857432365417,0.8828571438789368,0.1585412174463272,0.6663996662968135,0.023,0.837142825126648,0.8271428346633911,0.8785713911056519,480.0,1.0,323584,0,0,1.0,64.0,,,,,0.8215663133580692,0.7954286682764853,0.9085357142857143
srht_ternary,linear,srht,bipolar,none,raw,"{""proj_bits"": 2, ""proj_scheme"": ""ternary""}",,,novel,1,4096,64,14,30,cosine,uniform,1,32,0,0.8892857432365417,0.8828571438789368,0.1585412174463272,0.6663996662968135,0.024,0.837142825126648,0.8271428346633911,0.8785713911056519,288.0,1.0,323584,0,0,1.0,64.0,,,,,0.8215663133580692,0.7954286682764853,0.9085357142857143
srht_sign,linear,srht,bipolar,none,raw,"{""proj_bits"": 1, ""proj_scheme"": ""sign""}",,,novel,1,4096,64,14,30,cosine,uniform,1,32,0,0.8892857432365417,0.8828571438789368,0.1585412174463272,0.6663996662968135,0.009,0.837142825126648,0.8271428346633911,0.8785713911056519,256.0,1.0,323584,0,0,1.0,64.0,,,,,0.8215663133580692,0.7954286682764853,0.9085357142857143
proto2_ptq,linear,gaussian,bipolar,none,raw,,,,novel,1,4096,64,14,30,cosine,uniform,1,2,0,0.9732142686843872,0.9742857217788696,0.1972028613090515,0.9846511462451067,0.018,0.9542856812477112,0.9485714435577393,0.9785714149475098,1038.0,1.0,323584,0,0,1.0,64.0,,,,,0.9561582707271461,0.9523909655607505,0.9818369047619047
proto2_qat,linear,gaussian,bipolar,none,raw,,,,novel,1,4096,64,14,30,cosine,uniform,1,2,1,0.9750000238418579,0.9757142663002014,0.19762247800827026,0.9846511462451067,0.032,0.9542856812477112,0.9442856907844543,0.9785714149475098,1038.0,1.0,323584,0,0,1.0,64.0,,,,,0.9561582707271461,0.9523909655607505,0.9814535714285714
proto3_ptq,linear,gaussian,bipolar,none,raw,,,,novel,1,4096,64,14,30,cosine,uniform,1,3,0,0.9750000238418579,0.977142870426178,0.20776616036891937,0.9846511462451067,0.016,0.9528571367263794,0.9457142949104309,0.977142870426178,1045.0,1.0,323584,0,0,1.0,64.0,,,,,0.9561582707271461,0.9523909655607505,0.9819416666666667
proto3_qat,linear,gaussian,bipolar,none,raw,,,,novel,1,4096,64,14,30,cosine,uniform,1,3,1,0.9750000238418579,0.9742857217788696,0.20845337212085724,0.9846511462451067,0.031,0.9557142853736877,0.9428571462631226,0.9800000190734863,1045.0,1.0,323584,0,0,1.0,64.0,,,,,0.9561582707271461,0.9523909655607505,0.981904761904762
proto4_ptq,linear,gaussian,bipolar,none,raw,,,,novel,1,4096,64,14,30,cosine,uniform,1,4,0,0.9732142686843872,0.9728571176528931,0.20968496799468994,0.9846511462451067,0.014,0.9542856812477112,0.9442856907844543,0.9785714149475098,1052.0,1.0,323584,0,0,1.0,64.0,,,,,0.9561582707271461,0.9523909655607505,0.9817369047619048
proto4_qat,linear,gaussian,bipolar,none,raw,,,,novel,1,4096,64,14,30,cosine,uniform,1,4,1,0.9732142686843872,0.9757142663002014,0.20966093242168427,0.9846511462451067,0.031,0.9557142853736877,0.9428571462631226,0.9757142663002014,1052.0,1.0,323584,0,0,1.0,64.0,,,,,0.9561582707271461,0.9523909655607505,0.9819380952380952
gauss_real,linear,gaussian,bipolar,none,raw,,,real,novel,2,4096,64,14,30,cosine,uniform,1,32,0,0.9750000238418579,0.9814285635948181,0.2149076610803604,0.9842967365283251,0.009,0.949999988079071,0.9642857313156128,0.9800000190734863,1248.0,32.0,327680,0,0,,,,,,,0.9652174256495775,0.9632809150072865,0.9802357142857143
gauss_int8,linear,gaussian,bipolar,none,raw,,,int8,novel,2,4096,64,14,30,cosine,uniform,1,32,0,0.9750000238418579,0.9814285635948181,0.2149076610803604,0.9842967365283251,0.017,0.949999988079071,0.9642857313156128,0.9800000190734863,1248.0,8.0,327680,0,0,,,,,,,0.9652174256495775,0.9632809150072865,0.9802357142857143
gauss_int4,linear,gaussian,bipolar,none,raw,,,int4,novel,2,4096,64,14,30,cosine,uniform,1,32,0,0.9750000238418579,0.9814285635948181,0.2149076610803604,0.9842967365283251,0.018,0.949999988079071,0.9642857313156128,0.9800000190734863,1248.0,4.0,327680,0,0,,,,,,,0.9652174256495775,0.9632809150072865,0.9802357142857143
gauss_int2,linear,gaussian,bipolar,none,raw,,,int2,novel,2,4096,64,14,30,cosine,uniform,1,32,0,0.9750000238418579,0.9814285635948181,0.2149076610803604,0.9842967365283251,0.023,0.949999988079071,0.9642857313156128,0.9800000190734863,1248.0,2.0,327680,0,0,,,,,,,0.9652174256495775,0.9632809150072865,0.9802357142857143
gauss_bipolar,linear,gaussian,bipolar,none,raw,,,bipolar,novel,2,4096,64,14,30,cosine,uniform,1,32,0,0.9750000238418579,0.9814285635948181,0.2149076610803604,0.9842967365283251,0.011,0.949999988079071,0.9642857313156128,0.9800000190734863,1248.0,1.0,327680,0,0,,,,,,,0.9652174256495775,0.9632809150072865,0.9802357142857143
gauss_binary01,linear,gaussian,bipolar,none,raw,,,binary01,novel,2,4096,64,14,30,cosine,uniform,1,32,0,0.9785714149475098,0.9828571081161499,0.05528738722205162,0.9773575768500347,0.014,0.9571428298950195,0.9671428203582764,0.9757142663002014,1248.0,1.0,327680,0,0,,,,,,,0.9652174256495775,0.9632809150072865,0.9754690476190477
gauss_ternary,linear,gaussian,bipolar,none,raw,,,ternary,novel,2,4096,64,14,30,cosine,uniform,1,32,0,0.9750000238418579,0.9814285635948181,0.2149076610803604,0.9842967365283251,0.023,0.949999988079071,0.9642857313156128,0.9800000190734863,1248.0,2.0,327680,0,0,,,,,,,0.9652174256495775,0.9632809150072865,0.9802357142857143
gauss_block,linear,gaussian,bipolar,none,raw,,,block,novel,2,4096,64,14,30,cosine,uniform,1,32,0,0.9607142806053162,0.9728571176528931,0.20229682326316833,0.8959364624859916,0.022,0.9371428489685059,0.9399999976158142,0.9671428203582764,1248.0,0.5,327680,0,0,,,,,,,0.9052035311664725,0.9016732324666331,0.9672833333333334
gauss_thermo,linear,gaussian,bipolar,none,raw,,,thermo,novel,2,4096,64,14,30,cosine,uniform,1,32,0,0.9785714149475098,0.9828571081161499,0.0552874431014061,0.9773575803098901,0.031,0.9571428298950195,0.9671428203582764,0.9857142567634583,1920.0,4.0,499712,0,0,,,,,,,0.9652174256495775,0.9632809150072865,0.9754690476190477
gauss_vq,linear,gaussian,bipolar,none,raw,,,vq,novel,2,4096,64,14,30,cosine,uniform,1,32,0,0.798214316368103,0.795714259147644,0.1536281406879425,0.36599073665313847,0.018,0.7471428513526917,0.741428554058075,0.7928571105003357,5344.0,0.0,327680,0,0,,,,,,,0.1576502604582101,0.06791166286723464,0.6252119047619047
signrff_real,rff,rff,real,none,raw,"{""bw_scale"": 0.25}",,real,novel,2,4096,64,14,30,cosine,uniform,1,32,0,0.9767857193946838,0.9828571081161499,0.10219249129295349,0.6803187678793345,0.053,0.9571428298950195,0.9599999785423279,0.9800000190734863,1264.0,32.0,327680,0,0,,,,,,,0.9206575841191131,0.9067692994662347,0.8830261904761905
signrff_int8,rff,rff,real,none,raw,"{""bw_scale"": 0.25}",,int8,novel,2,4096,64,14,30,cosine,uniform,1,32,0,0.9767857193946838,0.9828571081161499,0.10219243913888931,0.6803221069910453,0.04,0.9571428298950195,0.9599999785423279,0.9800000190734863,1264.0,8.0,327680,0,0,,,,,,,0.9206575841191131,0.9067692994662347,0.8830238095238095
signrff_int4,rff,rff,real,none,raw,"{""bw_scale"": 0.25}",,int4,novel,2,4096,64,14,30,cosine,uniform,1,32,0,0.9767857193946838,0.9828571081161499,0.10203567147254944,0.6802385674324515,0.04,0.9571428298950195,0.9599999785423279,0.9814285635948181,1264.0,4.0,327680,0,0,,,,,,,0.8295477347267347,0.7553249178538751,0.882754761904762
signrff_int2,rff,rff,real,none,raw,"{""bw_scale"": 0.25}",,int2,novel,2,4096,64,14,30,cosine,uniform,1,32,0,0.9750000238418579,0.9842857122421265,0.09779852628707886,0.6690721716241578,0.046,0.9542856812477112,0.9599999785423279,0.9828571081161499,1264.0,2.0,327680,0,0,,,,,,,0.8409984374608902,0.7559527842677505,0.8806071428571429
signrff_bipolar,rff,rff,real,none,raw,"{""bw_scale"": 0.25}",,bipolar,novel,2,4096,64,14,30,cosine,uniform,1,32,0,0.9785714149475098,0.9842857122421265,0.09076648950576782,0.6505828821272728,0.034,0.9557142853736877,0.9557142853736877,0.9828571081161499,1264.0,1.0,327680,0,0,,,,,,,0.7976120184007885,0.7234076294074537,0.8797261904761905
signrff_binary01,rff,rff,real,none,raw,"{""bw_scale"": 0.25}",,binary01,novel,2,4096,64,14,30,cosine,uniform,1,32,0,0.9767857193946838,0.9842857122421265,0.020940380170941353,0.6267292308247058,0.056,0.9514285326004028,0.9557142853736877,0.895714282989502,1264.0,1.0,327680,0,0,,,,,,,0.7976120184007885,0.7234076294074537,0.8547595238095238
signrff_ternary,rff,rff,real,none,raw,"{""bw_scale"": 0.25}",,ternary,novel,2,4096,64,14,30,cosine,uniform,1,32,0,0.9767857193946838,0.9828571081161499,0.09788362681865692,0.669778553735797,0.049,0.9542856812477112,0.9614285826683044,0.9828571081161499,1264.0,2.0,327680,0,0,,,,,,,0.8501012483051618,0.7640271262280175,0.8803238095238096
signrff_block,rff,rff,real,none,raw,"{""bw_scale"": 0.25}",,block,novel,2,4096,64,14,30,cosine,uniform,1,32,0,0.9464285969734192,0.9514285326004028,0.04234592244029045,0.36274803328021715,0.04,0.895714282989502,0.9128571152687073,0.9328571557998657,1264.0,0.5,327680,0,0,,,,,,,0.19434891183344008,0.11069759284528406,0.8479154761904762
signrff_thermo,rff,rff,real,none,raw,"{""bw_scale"": 0.25}",,thermo,novel,2,4096,64,14,30,cosine,uniform,1,32,0,0.9750000238418579,0.9814285635948181,0.016448428854346275,0.6565035079679578,0.082,0.9528571367263794,0.9542856812477112,0.9371428489685059,1936.0,4.0,499712,0,0,,,,,,,0.7169650615791814,0.6209186621833997,0.8621380952380954
signrff_vq,rff,rff,real,none,raw,"{""bw_scale"": 0.25}",,vq,novel,2,4096,64,14,30,cosine,uniform,1,32,0,0.7607142925262451,0.7842857241630554,0.06946112215518951,0.23705565085054914,0.043,0.6928571462631226,0.7085714340209961,0.7842857241630554,5360.0,0.0,327680,0,0,,,,,,,0.1400498738500826,0.05784903842636285,0.49109761904761906
fpe_b3_real,fpe,fpe,bipolar,none,raw,"{""bw_scale"": 0.25, ""phase_bits"": 3}",,real,novel,2,4096,64,14,30,cosine,uniform,1,32,0,0.9785714149475098,0.9842857122421265,0.10028839111328125,0.7039501659988799,0.073,0.9557142853736877,0.9642857313156128,0.9857142567634583,1473.5,32.0,393216,0,0,,,,,,,0.8731904531993016,0.8602001839025499,0.8853095238095239
fpe_b3_int8,fpe,fpe,bipolar,none,raw,"{""bw_scale"": 0.25, ""phase_bits"": 3}",,int8,novel,2,4096,64,14,30,cosine,uniform,1,32,0,0.9785714149475098,0.9842857122421265,0.10028807073831558,0.7039577882287918,0.062,0.9557142853736877,0.9642857313156128,0.9857142567634583,1473.5,8.0,393216,0,0,,,,,,,0.8731904531993016,0.8602001839025499,0.8853190476190477
fpe_b3_int4,fpe,fpe,bipolar,none,raw,"{""bw_scale"": 0.25, ""phase_bits"": 3}",,int4,novel,2,4096,64,14,30,cosine,uniform,1,32,0,0.9785714149475098,0.9842857122421265,0.1002858504652977,0.7039573750684339,0.051,0.9557142853736877,0.9642857313156128,0.9857142567634583,1473.5,4.0,393216,0,0,,,,,,,0.8731904531993016,0.8602001839025499,0.8853071428571428
fpe_b3_int2,fpe,fpe,bipolar,none,raw,"{""bw_scale"": 0.25, ""phase_bits"": 3}",,int2,novel,2,4096,64,14,30,cosine,uniform,1,32,0,0.9785714149475098,0.9871428608894348,0.09868242591619492,0.7019504011739087,0.049,0.9542856812477112,0.9642857313156128,0.9871428608894348,1473.5,2.0,393216,0,0,,,,,,,0.9032381181762726,0.8927396746693416,0.8845333333333333
fpe_b3_bipolar,fpe,fpe,bipolar,none,raw,"{""bw_scale"": 0.25, ""phase_bits"": 3}",,bipolar,novel,2,4096,64,14,30,cosine,uniform,1,32,0,0.9785714149475098,0.9857142567634583,0.08227359503507614,0.6392697959336565,0.05,0.9442856907844543,0.9599999785423279,0.9857142567634583,1473.5,1.0,393216,0,0,,,,,,,0.6000686545429397,0.49868727543474284,0.9254523809523809
fpe_b3_binary01,fpe,fpe,bipolar,none,raw,"{""bw_scale"": 0.25, ""phase_bits"": 3}",,binary01,novel,2,4096,64,14,30,cosine,uniform,1,32,0,0.9803571701049805,0.9842857122421265,0.01169673353433609,0.32332572375902247,0.048,0.9399999976158142,0.9585714340209961,0.8328571319580078,1473.5,1.0,393216,0,0,,,,,,,0.6000686545429397,0.49868727543474284,0.729902380952381
fpe_b3_ternary,fpe,fpe,bipolar,none,raw,"{""bw_scale"": 0.25, ""phase_bits"": 3}",,ternary,novel,2,4096,64,14,30,cosine,uniform,1,32,0,0.9785714149475098,0.9871428608894348,0.09868242591619492,0.7019503940138452,0.083,0.9542856812477112,0.9642857313156128,0.9871428608894348,1473.5,2.0,393216,0,0,,,,,,,0.9032381181762726,0.8927396746693416,0.8845333333333333
fpe_b3_block,fpe,fpe,bipolar,none,raw,"{""bw_scale"": 0.25, ""phase_bits"": 3}",,block,novel,2,4096,64,14,30,cosine,uniform,1,32,0,0.9517857432365417,0.9757142663002014,0.05013911426067352,0.47353683700890475,0.046,0.8985714316368103,0.9328571557998657,0.949999988079071,1473.5,0.5,393216,0,0,,,,,,,0.24770188366538598,0.16485132692034776,0.8572904761904763
fpe_b3_thermo,fpe,fpe,bipolar,none,raw,"{""bw_scale"": 0.25, ""phase_bits"": 3}",,thermo,novel,2,4096,64,14,30,cosine,uniform,1,32,0,0.9785714149475098,0.9857142567634583,0.014688442461192608,0.4469644062421074,0.067,0.949999988079071,0.9628571271896362,0.9585714340209961,2817.5,4.0,737280,0,0,,,,,,,0.7926274542744457,0.700181924151471,0.7656119047619048
fpe_b3_vq,fpe,fpe,bipolar,none,raw,"{""bw_scale"": 0.25, ""phase_bits"": 3}",,vq,novel,2,4096,64,14,30,cosine,uniform,1,32,0,0.8160714507102966,0.8014285564422607,0.06652798503637314,0.24130127323055658,0.055,0.7257142663002014,0.7242857217788696,0.7571428418159485,9665.5,0.0,393216,0,0,,,,,,,0.15485907344084918,0.0626502559857277,0.4255654761904762
gaussian_fp32,linear,gaussian,bipolar,none,raw,,,,novel,2,4096,64,14,30,cosine,uniform,1,32,0,0.9750000238418579,0.9814285635948181,0.2149076610803604,0.9842967365283251,0.015,0.949999988079071,0.9642857313156128,0.9800000190734863,1248.0,1.0,323584,0,0,1.0,64.0,,,,,0.9652174256495775,0.9632809150072865,0.9802357142857143
srht_fp32,linear,srht,bipolar,none,raw,,,,novel,2,4096,64,14,30,cosine,uniform,1,32,0,0.8696428537368774,0.8914285898208618,0.15625590085983276,0.6695939063445272,0.01,0.8257142901420593,0.8028571605682373,0.8928571343421936,1248.0,1.0,323584,0,0,1.0,64.0,,,,,0.8486520853509255,0.8275745285525026,0.9024988095238095
gaussian_p2_mse,linear,gaussian,bipolar,none,raw,"{""proj_bits"": 2, ""proj_scheme"": ""mse""}",,,novel,2,4096,64,14,30,cosine,uniform,1,32,0,0.9767857193946838,0.9842857122421265,0.2137523889541626,0.9835396440960874,0.012,0.9571428298950195,0.9671428203582764,0.9828571081161499,263.78,1.0,224360,0,0,0.6215,64.0,,,,,0.9678581430532676,0.9667305935261111,0.9794249999999999
gaussian_p2_max,linear,gaussian,bipolar,none,raw,"{""proj_bits"": 2, ""proj_scheme"": ""max""}",,,novel,2,4096,64,14,30,cosine,uniform,1,32,0,0.9660714268684387,0.949999988079071,0.061633266508579254,0.7854793260717127,0.011,0.895714282989502,0.9085714221000671,0.9457142949104309,224.9,1.0,65132,0,0,0.0141,64.0,,,,,0.8623388975464771,0.8498231106061078,0.9496380952380953
gaussian_p4_mse,linear,gaussian,bipolar,none,raw,"{""proj_bits"": 4, ""proj_scheme"": ""mse""}",,,novel,2,4096,64,14,30,cosine,uniform,1,32,0,0.9750000238418579,0.9828571081161499,0.21474801003932953,0.9842976700193292,0.01,0.9514285326004028,0.9614285826683044,0.9814285635948181,334.13,1.0,286985,0,0,0.8604,64.0,,,,,0.9715330817185813,0.970401079220298,0.9797642857142856
gaussian_p4_max,linear,gaussian,bipolar,none,raw,"{""proj_bits"": 4, ""proj_scheme"": ""max""}",,,novel,2,4096,64,14,30,cosine,uniform,1,32,0,0.9785714149475098,0.9842857122421265,0.21422511339187622,0.9841940617970472,0.01,0.9557142853736877,0.9599999785423279,0.9842857122421265,316.72,1.0,251337,0,0,0.7244,64.0,,,,,0.9678578542264543,0.9667322672815051,0.9803428571428571
gaussian_p8_mse,linear,gaussian,bipolar,none,raw,"{""proj_bits"": 8, ""proj_scheme"": ""mse""}",,,novel,2,4096,64,14,30,cosine,uniform,1,32,0,0.9750000238418579,0.9828571081161499,0.2146570235490799,0.9843020941455947,0.011,0.9514285326004028,0.9657142758369446,0.9800000190734863,476.7,1.0,320209,0,0,0.9871,64.0,,,,,0.9678460068998823,0.9666696161841067,0.9802404761904762
gaussian_p8_max,linear,gaussian,bipolar,none,raw,"{""proj_bits"": 8, ""proj_scheme"": ""max""}",,,novel,2,4096,64,14,30,cosine,uniform,1,32,0,0.9750000238418579,0.9814285635948181,0.21459490060806274,0.9843565603689077,0.016,0.9542856812477112,0.9614285826683044,0.9800000190734863,475.91,1.0,319400,0,0,0.984,64.0,,,,,0.9688742551050371,0.9668525666192057,0.980057142857143
gaussian_ternary,linear,gaussian,bipolar,none,raw,"{""proj_bits"": 2, ""proj_scheme"": ""ternary""}",,,novel,2,4096,64,14,30,cosine,uniform,1,32,0,0.9767857193946838,0.9842857122421265,0.2139347344636917,0.9843861252191439,0.039,0.9528571367263794,0.9599999785423279,0.9828571081161499,257.47,1.0,198532,0,0,0.523,64.0,,,,,0.9724944096622768,0.9702452195485012,0.9796119047619049
gaussian_sign,linear,gaussian,bipolar,none,raw,"{""proj_bits"": 1, ""proj_scheme"": ""sign""}",,,novel,2,4096,64,14,30,cosine,uniform,1,32,0,0.9732142686843872,0.9871428608894348,0.21426726877689362,0.9841208008251392,0.01,0.9542856812477112,0.9657142758369446,0.9871428608894348,256.0,1.0,323584,0,0,1.0,64.0,,,,,0.9651305740292923,0.9628591104012099,0.9783619047619048
srht_p2_mse,linear,srht,bipolar,none,raw,"{""proj_bits"": 2, ""proj_scheme"": ""mse""}",,,novel,2,4096,64,14,30,cosine,uniform,1,32,0,0.8696428537368774,0.8914285898208618,0.15625590085983276,0.6695939063445272,0.024,0.8257142901420593,0.8028571605682373,0.8928571343421936,288.0,1.0,323584,0,0,1.0,64.0,,,,,0.8486520853509255,0.8275745285525026,0.9024988095238095
srht_p2_max,linear,srht,bipolar,none,raw,"{""proj_bits"": 2, ""proj_scheme"": ""max""}",,,novel,2,4096,64,14,30,cosine,uniform,1,32,0,0.8696428537368774,0.8914285898208618,0.15625590085983276,0.6695939063445272,0.026,0.8257142901420593,0.8028571605682373,0.8928571343421936,288.0,1.0,323584,0,0,1.0,64.0,,,,,0.8486520853509255,0.8275745285525026,0.9024988095238095
srht_p4_mse,linear,srht,bipolar,none,raw,"{""proj_bits"": 4, ""proj_scheme"": ""mse""}",,,novel,2,4096,64,14,30,cosine,uniform,1,32,0,0.8696428537368774,0.8914285898208618,0.15625590085983276,0.6695939063445272,0.028,0.8257142901420593,0.8028571605682373,0.8928571343421936,352.0,1.0,323584,0,0,1.0,64.0,,,,,0.8486520853509255,0.8275745285525026,0.9024988095238095
srht_p4_max,linear,srht,bipolar,none,raw,"{""proj_bits"": 4, ""proj_scheme"": ""max""}",,,novel,2,4096,64,14,30,cosine,uniform,1,32,0,0.8696428537368774,0.8914285898208618,0.15625590085983276,0.6695939063445272,0.027,0.8257142901420593,0.8028571605682373,0.8928571343421936,352.0,1.0,323584,0,0,1.0,64.0,,,,,0.8486520853509255,0.8275745285525026,0.9024988095238095
srht_p8_mse,linear,srht,bipolar,none,raw,"{""proj_bits"": 8, ""proj_scheme"": ""mse""}",,,novel,2,4096,64,14,30,cosine,uniform,1,32,0,0.8696428537368774,0.8914285898208618,0.15625590085983276,0.6695939063445272,0.017,0.8257142901420593,0.8028571605682373,0.8928571343421936,480.0,1.0,323584,0,0,1.0,64.0,,,,,0.8486520853509255,0.8275745285525026,0.9024988095238095
srht_p8_max,linear,srht,bipolar,none,raw,"{""proj_bits"": 8, ""proj_scheme"": ""max""}",,,novel,2,4096,64,14,30,cosine,uniform,1,32,0,0.8696428537368774,0.8914285898208618,0.15625590085983276,0.6695939063445272,0.016,0.8257142901420593,0.8028571605682373,0.8928571343421936,480.0,1.0,323584,0,0,1.0,64.0,,,,,0.8486520853509255,0.8275745285525026,0.9024988095238095
srht_ternary,linear,srht,bipolar,none,raw,"{""proj_bits"": 2, ""proj_scheme"": ""ternary""}",,,novel,2,4096,64,14,30,cosine,uniform,1,32,0,0.8696428537368774,0.8914285898208618,0.15625590085983276,0.6695939063445272,0.032,0.8257142901420593,0.8028571605682373,0.8928571343421936,288.0,1.0,323584,0,0,1.0,64.0,,,,,0.8486520853509255,0.8275745285525026,0.9024988095238095
srht_sign,linear,srht,bipolar,none,raw,"{""proj_bits"": 1, ""proj_scheme"": ""sign""}",,,novel,2,4096,64,14,30,cosine,uniform,1,32,0,0.8696428537368774,0.8914285898208618,0.15625590085983276,0.6695939063445272,0.018,0.8257142901420593,0.8028571605682373,0.8928571343421936,256.0,1.0,323584,0,0,1.0,64.0,,,,,0.8486520853509255,0.8275745285525026,0.9024988095238095
proto2_ptq,linear,gaussian,bipolar,none,raw,,,,novel,2,4096,64,14,30,cosine,uniform,1,2,0,0.9767857193946838,0.9814285635948181,0.20218928158283234,0.9842967365283251,0.014,0.9557142853736877,0.9599999785423279,0.9814285635948181,1038.0,1.0,323584,0,0,1.0,64.0,,,,,0.9652174256495775,0.9632809150072865,0.9802130952380953
proto2_qat,linear,gaussian,bipolar,none,raw,,,,novel,2,4096,64,14,30,cosine,uniform,1,2,1,0.9767857193946838,0.9814285635948181,0.20261158049106598,0.9842967365283251,0.032,0.9571428298950195,0.9599999785423279,0.9814285635948181,1038.0,1.0,323584,0,0,1.0,64.0,,,,,0.9652174256495775,0.9632809150072865,0.980375
proto3_ptq,linear,gaussian,bipolar,none,raw,,,,novel,2,4096,64,14,30,cosine,uniform,1,3,0,0.9750000238418579,0.9814285635948181,0.21251703798770905,0.9842967365283251,0.014,0.9514285326004028,0.9614285826683044,0.9814285635948181,1045.0,1.0,323584,0,0,1.0,64.0,,,,,0.9652174256495775,0.9632809150072865,0.980227380952381
proto3_qat,linear,gaussian,bipolar,none,raw,,,,novel,2,4096,64,14,30,cosine,uniform,1,3,1,0.9767857193946838,0.9814285635948181,0.21303384006023407,0.9842967365283251,0.031,0.9571428298950195,0.9657142758369446,0.9814285635948181,1045.0,1.0,323584,0,0,1.0,64.0,,,,,0.9652174256495775,0.9632809150072865,0.9806428571428571
proto4_ptq,linear,gaussian,bipolar,none,raw,,,,novel,2,4096,64,14,30,cosine,uniform,1,4,0,0.9750000238418579,0.9828571081161499,0.21450915932655334,0.9842967365283251,0.009,0.949999988079071,0.9642857313156128,0.9800000190734863,1052.0,1.0,323584,0,0,1.0,64.0,,,,,0.9652174256495775,0.9632809150072865,0.9800119047619047
proto4_qat,linear,gaussian,bipolar,none,raw,,,,novel,2,4096,64,14,30,cosine,uniform,1,4,1,0.9767857193946838,0.9828571081161499,0.21461041271686554,0.9842967365283251,0.031,0.9557142853736877,0.9657142758369446,0.9814285635948181,1052.0,1.0,323584,0,0,1.0,64.0,,,,,0.9652174256495775,0.9632809150072865,0.9802547619047619
