spec,family,rp,out,preproc,extractor,params,spec_sim,codec,task,seed,dim,F,C,epochs,sim,weight,multi,proto_bits,quant_train,val_acc,id_acc,margin_id,geom_fid,fit_s,acc_noise_0.5,acc_drop_0.2,acc_flip_0.05,mem_kb,vec_bits,ops_per_query,ext_bits,ext_ops,rp_density,rp_rank,acc_shift_6,margin_ood,acc_shift_12,acc_shift_18
raw+gauss,linear,gaussian,bipolar,none,raw,,,,linear,0,4096,64,30,30,cosine,uniform,1,32,0,0.996666669845581,0.9959999918937683,0.260096937417984,0.9832167550986861,0.275,0.9866666793823242,0.9833333492279053,0.9959999918937683,1504.0,1.0,389120,0,0,1.0,64.0,,,,
raw+signrff,rff,rff,bipolar,none,raw,"{""bw_select"": ""val""}",,,linear,0,4096,64,30,30,cosine,uniform,1,32,0,0.9983333349227905,0.9959999918937683,0.14013239741325378,0.6897213786702145,0.047,0.9900000095367432,0.9819999933242798,0.996666669845581,1520.0,32.0,389120,0,0,,,,,,
raw+learned,learned,learned,bipolar,none,raw,"{""epochs"": 60}",,,linear,0,4096,64,30,30,cosine,uniform,1,32,0,0.9983333349227905,0.996666669845581,0.422369122505188,0.7218628986878775,0.669,0.9873332977294922,0.984666645526886,0.996666669845581,1504.5,1.0,389248,0,0,,,,,,
randmlp+gauss,linear,gaussian,bipolar,none,randmlp,,,,linear,0,4096,128,30,30,cosine,uniform,1,32,0,0.9175000190734863,0.9246666431427002,0.08720507472753525,0.9830282989729923,0.02,0.4266666769981384,0.8880000114440918,0.918666660785675,2528.0,1.0,651264,798720,24704,1.0,128.0,,,,
randmlp+signrff,rff,rff,bipolar,none,randmlp,"{""bw_select"": ""val""}",,,linear,0,4096,128,30,30,cosine,uniform,1,32,0,0.9300000071525574,0.934666633605957,0.04284724220633507,0.590684077838516,0.048,0.3386666774749756,0.8833333253860474,0.9139999747276306,2544.0,32.0,651264,798720,24704,,,,,,
randmlp+learned,learned,learned,bipolar,none,randmlp,"{""epochs"": 60}",,,linear,0,4096,128,30,30,cosine,uniform,1,32,0,0.9766666889190674,0.9773333072662354,0.3219064176082611,0.5680035154501956,0.321,0.2759999930858612,0.8999999761581421,0.9766666293144226,2529.0,1.0,651520,798720,24704,,,,,,
ce+gauss,linear,gaussian,bipolar,none,ce,,,,linear,0,4096,128,30,30,cosine,uniform,1,32,0,0.9900000095367432,0.9913333058357239,0.36349964141845703,0.9945332654283985,0.234,0.9906666278839111,0.9886666536331177,0.9906666278839111,2528.0,1.0,651264,798720,24704,1.0,128.0,,,,
ce+signrff,rff,rff,bipolar,none,ce,"{""bw_select"": ""val""}",,,linear,0,4096,128,30,30,cosine,uniform,1,32,0,0.9908333420753479,0.9900000095367432,0.40615493059158325,0.608161837151906,0.025,0.9900000095367432,0.9900000095367432,0.9906666278839111,2544.0,32.0,651264,798720,24704,,,,,,
ce+learned,learned,learned,bipolar,none,ce,"{""epochs"": 60}",,,linear,0,4096,128,30,30,cosine,uniform,1,32,0,0.9933333396911621,0.9926666617393494,0.5130201578140259,0.9293629395291357,0.322,0.9933333396911621,0.9913333058357239,0.9926666617393494,2529.0,1.0,651520,798720,24704,,,,,,
supcon+gauss,linear,gaussian,bipolar,none,supcon,,,,linear,0,4096,128,30,30,cosine,uniform,1,32,0,0.9958333373069763,0.9946666359901428,0.462139755487442,0.9917206716304806,0.419,0.9973333477973938,0.996666669845581,0.9959999918937683,2528.0,1.0,651264,798720,24704,1.0,128.0,,,,
supcon+signrff,rff,rff,bipolar,none,supcon,"{""bw_select"": ""val""}",,,linear,0,4096,128,30,30,cosine,uniform,1,32,0,0.9975000023841858,0.9959999918937683,0.4778372645378113,0.4456853688763948,0.025,0.9973333477973938,0.9959999918937683,0.9959999918937683,2544.0,32.0,651264,798720,24704,,,,,,
supcon+learned,learned,learned,bipolar,none,supcon,"{""epochs"": 60}",,,linear,0,4096,128,30,30,cosine,uniform,1,32,0,0.9975000023841858,0.9953333139419556,0.5803074240684509,0.9237746497411593,0.322,0.9959999918937683,0.9926666617393494,0.9953333139419556,2529.0,1.0,651520,798720,24704,,,,,,
proxy+gauss,linear,gaussian,bipolar,none,proxy,,,,linear,0,4096,128,30,30,cosine,uniform,1,32,0,0.9925000071525574,0.9926666617393494,0.407067209482193,0.9931681222871495,0.421,0.9913333058357239,0.9906666278839111,0.9926666617393494,2528.0,1.0,651264,798720,24704,1.0,128.0,,,,
proxy+signrff,rff,rff,bipolar,none,proxy,"{""bw_select"": ""val""}",,,linear,0,4096,128,30,30,cosine,uniform,1,32,0,0.9950000047683716,0.9919999837875366,0.22709394991397858,0.6899625896561169,0.025,0.9926666617393494,0.9940000176429749,0.9926666617393494,2544.0,32.0,651264,798720,24704,,,,,,
proxy+learned,learned,learned,bipolar,none,proxy,"{""epochs"": 60}",,,linear,0,4096,128,30,30,cosine,uniform,1,32,0,0.9958333373069763,0.9946666359901428,0.5363194346427917,0.9430517914644371,0.321,0.9946666359901428,0.9913333058357239,0.9953333139419556,2529.0,1.0,651520,798720,24704,,,,,,
arc+gauss,linear,gaussian,bipolar,none,arc,,,,linear,0,4096,128,30,30,cosine,uniform,1,32,0,0.9950000047683716,0.9940000176429749,0.43267178535461426,0.9875927726998769,0.397,0.9266666769981384,0.9919999837875366,0.9946666359901428,2528.0,1.0,651264,798720,24704,1.0,128.0,,,,
arc+signrff,rff,rff,bipolar,none,arc,"{""bw_select"": ""val""}",,,linear,0,4096,128,30,30,cosine,uniform,1,32,0,0.9941666722297668,0.996666669845581,0.22556300461292267,0.5973981713835314,0.025,0.9126666784286499,0.9946666359901428,0.9953333139419556,2544.0,32.0,651264,798720,24704,,,,,,
arc+learned,learned,learned,bipolar,none,arc,"{""epochs"": 60}",,,linear,0,4096,128,30,30,cosine,uniform,1,32,0,0.9941666722297668,0.9946666359901428,0.5761715173721313,0.9464129122044432,0.321,0.9193333387374878,0.9933333396911621,0.9946666359901428,2529.0,1.0,651520,798720,24704,,,,,,
cluster4+gauss,linear,gaussian,bipolar,none,clustered,,,,linear,0,4096,128,30,30,cosine,uniform,1,32,0,0.9891666769981384,0.9879999756813049,0.3472534120082855,0.9943431620887517,0.239,0.9866666793823242,0.9839999675750732,0.9873332977294922,2528.0,1.0,651264,53760,24704,1.0,128.0,,,,
cluster4+signrff,rff,rff,bipolar,none,clustered,"{""bw_select"": ""val""}",,,linear,0,4096,128,30,30,cosine,uniform,1,32,0,0.9916666746139526,0.9913333058357239,0.3779274821281433,0.6605343937026501,0.025,0.9886666536331177,0.9866666793823242,0.9913333058357239,2544.0,32.0,651264,53760,24704,,,,,,
cluster4+learned,learned,learned,bipolar,none,clustered,"{""epochs"": 60}",,,linear,0,4096,128,30,30,cosine,uniform,1,32,0,0.9925000071525574,0.9933333396911621,0.5008690357208252,0.9189988395717602,0.326,0.9919999837875366,0.9919999837875366,0.9940000176429749,2529.0,1.0,651520,53760,24704,,,,,,
cluster8+gauss,linear,gaussian,bipolar,none,clustered,,,,linear,0,4096,128,30,30,cosine,uniform,1,32,0,0.9916666746139526,0.9919999837875366,0.3598932921886444,0.9944865902856669,0.242,0.9900000095367432,0.9900000095367432,0.9913333058357239,2528.0,1.0,651264,78592,24704,1.0,128.0,,,,
cluster8+signrff,rff,rff,bipolar,none,clustered,"{""bw_select"": ""val""}",,,linear,0,4096,128,30,30,cosine,uniform,1,32,0,0.9916666746139526,0.9919999837875366,0.40110331773757935,0.6274891793933177,0.025,0.9913333058357239,0.9886666536331177,0.9913333058357239,2544.0,32.0,651264,78592,24704,,,,,,
cluster8+learned,learned,learned,bipolar,none,clustered,"{""epochs"": 60}",,,linear,0,4096,128,30,30,cosine,uniform,1,32,0,0.9933333396911621,0.9933333396911621,0.508865237236023,0.9286300826587179,0.321,0.9926666617393494,0.9919999837875366,0.9933333396911621,2529.0,1.0,651520,78592,24704,,,,,,
ce_wide+gauss,linear,gaussian,bipolar,none,ce,,,,linear,0,4096,128,30,30,cosine,uniform,1,32,0,0.9933333396911621,0.9919999837875366,0.36971625685691833,0.994940935705006,0.22,0.9919999837875366,0.9900000095367432,0.9906666278839111,2528.0,1.0,651264,1589248,49280,1.0,128.0,,,,
ce_wide+signrff,rff,rff,bipolar,none,ce,"{""bw_select"": ""val""}",,,linear,0,4096,128,30,30,cosine,uniform,1,32,0,0.9933333396911621,0.9926666617393494,0.3986171782016754,0.551099635640378,0.025,0.9913333058357239,0.9913333058357239,0.9913333058357239,2544.0,32.0,651264,1589248,49280,,,,,,
ce_wide+learned,learned,learned,bipolar,none,ce,"{""epochs"": 60}",,,linear,0,4096,128,30,30,cosine,uniform,1,32,0,0.9950000047683716,0.9926666617393494,0.5162947177886963,0.9292976769310407,0.322,0.9953333139419556,0.9919999837875366,0.9926666617393494,2529.0,1.0,651520,1589248,49280,,,,,,
ce_deep+gauss,linear,gaussian,bipolar,none,ce,,,,linear,0,4096,128,30,30,cosine,uniform,1,32,0,0.9825000166893005,0.9793333411216736,0.31653091311454773,0.9955084190832179,0.247,0.9826666712760925,0.9806666374206543,0.9806666374206543,2528.0,1.0,651264,1327104,41088,1.0,128.0,,,,
ce_deep+signrff,rff,rff,bipolar,none,ce,"{""bw_select"": ""val""}",,,linear,0,4096,128,30,30,cosine,uniform,1,32,0,0.987500011920929,0.9786666631698608,0.4068787693977356,0.6242937209303218,0.025,0.9826666712760925,0.9779999852180481,0.9786666631698608,2544.0,32.0,651264,1327104,41088,,,,,,
ce_deep+learned,learned,learned,bipolar,none,ce,"{""epochs"": 60}",,,linear,0,4096,128,30,30,cosine,uniform,1,32,0,0.9908333420753479,0.9873332977294922,0.475874662399292,0.9346597976865396,0.322,0.9860000014305115,0.9866666793823242,0.9873332977294922,2529.0,1.0,651520,1327104,41088,,,,,,
cotrain+gauss,linear,gaussian,bipolar,none,cotrain,,,,linear,0,4096,128,30,30,cosine,uniform,1,32,0,0.9983333349227905,0.9953333139419556,0.5371531248092651,0.988398598587156,0.683,0.9940000176429749,0.9959999918937683,0.9953333139419556,2528.0,1.0,651264,798720,24704,1.0,128.0,,,,
cotrain+signrff,rff,rff,bipolar,none,cotrain,"{""bw_select"": ""val""}",,,linear,0,4096,128,30,30,cosine,uniform,1,32,0,0.9983333349227905,0.9953333139419556,0.5371531248092651,0.988398598587156,0.013,0.9940000176429749,0.9959999918937683,0.9953333139419556,2528.0,1.0,651264,798720,24704,,,,,,
cotrain+learned,learned,learned,bipolar,none,cotrain,"{""epochs"": 60}",,,linear,0,4096,128,30,30,cosine,uniform,1,32,0,0.9983333349227905,0.9953333139419556,0.5371531248092651,0.988398598587156,0.013,0.9940000176429749,0.9959999918937683,0.9953333139419556,2528.0,1.0,651264,798720,24704,,,,,,
cotrain_learnP+gauss,linear,gaussian,bipolar,none,cotrain,,,,linear,0,4096,128,30,30,cosine,uniform,1,32,0,0.9983333349227905,0.9933333396911621,0.4908507168292999,0.9463060741218194,0.697,0.9940000176429749,0.9933333396911621,0.9933333396911621,2528.0,1.0,651264,798720,24704,1.0,128.0,,,,
cotrain_learnP+signrff,rff,rff,bipolar,none,cotrain,"{""bw_select"": ""val""}",,,linear,0,4096,128,30,30,cosine,uniform,1,32,0,0.9983333349227905,0.9933333396911621,0.4908507168292999,0.9463060741218194,0.013,0.9940000176429749,0.9933333396911621,0.9933333396911621,2528.0,1.0,651264,798720,24704,,,,,,
cotrain_learnP+learned,learned,learned,bipolar,none,cotrain,"{""epochs"": 60}",,,linear,0,4096,128,30,30,cosine,uniform,1,32,0,0.9983333349227905,0.9933333396911621,0.4908507168292999,0.9463060741218194,0.013,0.9940000176429749,0.9933333396911621,0.9933333396911621,2528.0,1.0,651264,798720,24704,,,,,,
raw+gauss,linear,gaussian,bipolar,none,raw,,,,linear,1,4096,64,30,30,cosine,uniform,1,32,0,0.9991666674613953,0.996666669845581,0.2578774392604828,0.9828754963327289,0.016,0.9900000095367432,0.9793333411216736,0.9959999918937683,1504.0,1.0,389120,0,0,1.0,64.0,,,,
raw+signrff,rff,rff,bipolar,none,raw,"{""bw_select"": ""val""}",,,linear,1,4096,64,30,30,cosine,uniform,1,32,0,0.9983333349227905,0.996666669845581,0.14933224022388458,0.6197166665200514,0.059,0.9886666536331177,0.9786666631698608,0.9946666359901428,1520.0,32.0,389120,0,0,,,,,,
raw+learned,learned,learned,bipolar,none,raw,"{""epochs"": 60}",,,linear,1,4096,64,30,30,cosine,uniform,1,32,0,1.0,0.9973333477973938,0.42735740542411804,0.7323176411232912,0.32,0.9893333315849304,0.981333315372467,0.9979999661445618,1504.5,1.0,389248,0,0,,,,,,
randmlp+gauss,linear,gaussian,bipolar,none,randmlp,,,,linear,1,4096,128,30,30,cosine,uniform,1,32,0,0.9241666793823242,0.9206666350364685,0.07310067862272263,0.9814596913389961,0.019,0.4466666579246521,0.8840000033378601,0.9120000004768372,2528.0,1.0,651264,798720,24704,1.0,128.0,,,,
randmlp+signrff,rff,rff,bipolar,none,randmlp,"{""bw_select"": ""val""}",,,linear,1,4096,128,30,30,cosine,uniform,1,32,0,0.9300000071525574,0.9259999990463257,0.0458650216460228,0.6387432729323574,0.027,0.312666654586792,0.8786666393280029,0.9079999923706055,2544.0,32.0,651264,798720,24704,,,,,,
randmlp+learned,learned,learned,bipolar,none,randmlp,"{""epochs"": 60}",,,linear,1,4096,128,30,30,cosine,uniform,1,32,0,0.9866666793823242,0.9779999852180481,0.32572412490844727,0.5816117072251255,0.322,0.2840000092983246,0.8840000033378601,0.9766666293144226,2529.0,1.0,651520,798720,24704,,,,,,
ce+gauss,linear,gaussian,bipolar,none,ce,,,,linear,1,4096,128,30,30,cosine,uniform,1,32,0,0.9925000071525574,0.9906666278839111,0.35429647564888,0.9945485320378389,0.221,0.9886666536331177,0.9866666793823242,0.9913333058357239,2528.0,1.0,651264,798720,24704,1.0,128.0,,,,
ce+signrff,rff,rff,bipolar,none,ce,"{""bw_select"": ""val""}",,,linear,1,4096,128,30,30,cosine,uniform,1,32,0,0.9950000047683716,0.9913333058357239,0.4074373245239258,0.650160721320913,0.025,0.9893333315849304,0.9900000095367432,0.9926666617393494,2544.0,32.0,651264,798720,24704,,,,,,
ce+learned,learned,learned,bipolar,none,ce,"{""epochs"": 60}",,,linear,1,4096,128,30,30,cosine,uniform,1,32,0,0.9983333349227905,0.9933333396911621,0.5052438378334045,0.9302859991129745,0.323,0.9913333058357239,0.9913333058357239,0.9919999837875366,2529.0,1.0,651520,798720,24704,,,,,,
supcon+gauss,linear,gaussian,bipolar,none,supcon,,,,linear,1,4096,128,30,30,cosine,uniform,1,32,0,0.9991666674613953,0.996666669845581,0.46150246262550354,0.991707714170006,0.412,0.9926666617393494,0.9953333139419556,0.9953333139419556,2528.0,1.0,651264,798720,24704,1.0,128.0,,,,
supcon+signrff,rff,rff,bipolar,none,supcon,"{""bw_select"": ""val""}",,,linear,1,4096,128,30,30,cosine,uniform,1,32,0,0.9991666674613953,0.9959999918937683,0.3025433421134949,0.1307309757462252,0.025,0.9493333101272583,0.9933333396911621,0.9973333477973938,2544.0,32.0,651264,798720,24704,,,,,,
supcon+learned,learned,learned,bipolar,none,supcon,"{""epochs"": 60}",,,linear,1,4096,128,30,30,cosine,uniform,1,32,0,0.9983333349227905,0.9959999918937683,0.5904277563095093,0.9328554413080167,0.322,0.9933333396911621,0.9946666359901428,0.9959999918937683,2529.0,1.0,651520,798720,24704,,,,,,
proxy+gauss,linear,gaussian,bipolar,none,proxy,,,,linear,1,4096,128,30,30,cosine,uniform,1,32,0,0.9983333349227905,0.9933333396911621,0.4012219309806824,0.9928023304244724,0.418,0.9893333315849304,0.9926666617393494,0.9926666617393494,2528.0,1.0,651264,798720,24704,1.0,128.0,,,,
proxy+signrff,rff,rff,bipolar,none,proxy,"{""bw_select"": ""val""}",,,linear,1,4096,128,30,30,cosine,uniform,1,32,0,0.9983333349227905,0.9933333396911621,0.412894070148468,0.5648871524531922,0.025,0.9886666536331177,0.9919999837875366,0.9926666617393494,2544.0,32.0,651264,798720,24704,,,,,,
proxy+learned,learned,learned,bipolar,none,proxy,"{""epochs"": 60}",,,linear,1,4096,128,30,30,cosine,uniform,1,32,0,0.9983333349227905,0.9933333396911621,0.531764030456543,0.9434559914967339,0.278,0.9879999756813049,0.9913333058357239,0.9926666617393494,2529.0,1.0,651520,798720,24704,,,,,,
arc+gauss,linear,gaussian,bipolar,none,arc,,,,linear,1,4096,128,30,30,cosine,uniform,1,32,0,0.9983333349227905,0.9946666359901428,0.43207836151123047,0.9874228766521498,0.358,0.9306666851043701,0.9933333396911621,0.9946666359901428,2528.0,1.0,651264,798720,24704,1.0,128.0,,,,
arc+signrff,rff,rff,bipolar,none,arc,"{""bw_select"": ""val""}",,,linear,1,4096,128,30,30,cosine,uniform,1,32,0,0.9983333349227905,0.9959999918937683,0.23019243776798248,0.6081806104687526,0.025,0.9239999651908875,0.9946666359901428,0.996666669845581,2544.0,32.0,651264,798720,24704,,,,,,
arc+learned,learned,learned,bipolar,none,arc,"{""epochs"": 60}",,,linear,1,4096,128,30,30,cosine,uniform,1,32,0,0.996666669845581,0.9946666359901428,0.5669850707054138,0.9470197442203121,0.322,0.9246666431427002,0.9940000176429749,0.9940000176429749,2529.0,1.0,651520,798720,24704,,,,,,
cluster4+gauss,linear,gaussian,bipolar,none,clustered,,,,linear,1,4096,128,30,30,cosine,uniform,1,32,0,0.9925000071525574,0.9866666793823242,0.3369270861148834,0.9944088858043527,0.233,0.9819999933242798,0.9839999675750732,0.9866666793823242,2528.0,1.0,651264,53760,24704,1.0,128.0,,,,
cluster4+signrff,rff,rff,bipolar,none,clustered,"{""bw_select"": ""val""}",,,linear,1,4096,128,30,30,cosine,uniform,1,32,0,0.9941666722297668,0.9873332977294922,0.31014761328697205,0.2777527816426768,0.025,0.9839999675750732,0.9866666793823242,0.9873332977294922,2544.0,32.0,651264,53760,24704,,,,,,
cluster4+learned,learned,learned,bipolar,none,clustered,"{""epochs"": 60}",,,linear,1,4096,128,30,30,cosine,uniform,1,32,0,0.9975000023841858,0.9913333058357239,0.49480825662612915,0.9219915488309228,0.322,0.9886666536331177,0.9886666536331177,0.9913333058357239,2529.0,1.0,651520,53760,24704,,,,,,
cluster8+gauss,linear,gaussian,bipolar,none,clustered,,,,linear,1,4096,128,30,30,cosine,uniform,1,32,0,0.9933333396911621,0.9900000095367432,0.3506403863430023,0.9944261205060103,0.242,0.9873332977294922,0.9873332977294922,0.9886666536331177,2528.0,1.0,651264,78592,24704,1.0,128.0,,,,
cluster8+signrff,rff,rff,bipolar,none,clustered,"{""bw_select"": ""val""}",,,linear,1,4096,128,30,30,cosine,uniform,1,32,0,0.9950000047683716,0.9886666536331177,0.2725689113140106,0.1840480389161461,0.025,0.9793333411216736,0.9839999675750732,0.9886666536331177,2544.0,32.0,651264,78592,24704,,,,,,
cluster8+learned,learned,learned,bipolar,none,clustered,"{""epochs"": 60}",,,linear,1,4096,128,30,30,cosine,uniform,1,32,0,0.9983333349227905,0.9926666617393494,0.5026987791061401,0.9287798913722412,0.322,0.9900000095367432,0.9913333058357239,0.9926666617393494,2529.0,1.0,651520,78592,24704,,,,,,
ce_wide+gauss,linear,gaussian,bipolar,none,ce,,,,linear,1,4096,128,30,30,cosine,uniform,1,32,0,0.9933333396911621,0.9913333058357239,0.3716035485267639,0.9946110776526795,0.22,0.9906666278839111,0.9893333315849304,0.9906666278839111,2528.0,1.0,651264,1589248,49280,1.0,128.0,,,,
ce_wide+signrff,rff,rff,bipolar,none,ce,"{""bw_select"": ""val""}",,,linear,1,4096,128,30,30,cosine,uniform,1,32,0,0.9958333373069763,0.9926666617393494,0.4072470963001251,0.5797840475178075,0.025,0.9879999756813049,0.9900000095367432,0.9933333396911621,2544.0,32.0,651264,1589248,49280,,,,,,
ce_wide+learned,learned,learned,bipolar,none,ce,"{""epochs"": 60}",,,linear,1,4096,128,30,30,cosine,uniform,1,32,0,0.9950000047683716,0.9926666617393494,0.507197916507721,0.9341047985088534,0.321,0.9906666278839111,0.9933333396911621,0.9926666617393494,2529.0,1.0,651520,1589248,49280,,,,,,
ce_deep+gauss,linear,gaussian,bipolar,none,ce,,,,linear,1,4096,128,30,30,cosine,uniform,1,32,0,0.9850000143051147,0.9793333411216736,0.3063413202762604,0.9963939726081773,0.248,0.9753333330154419,0.9726666808128357,0.9786666631698608,2528.0,1.0,651264,1327104,41088,1.0,128.0,,,,
ce_deep+signrff,rff,rff,bipolar,none,ce,"{""bw_select"": ""val""}",,,linear,1,4096,128,30,30,cosine,uniform,1,32,0,0.9833333492279053,0.9839999675750732,0.32387474179267883,0.2414128682458575,0.025,0.9826666712760925,0.972000002861023,0.9819999933242798,2544.0,32.0,651264,1327104,41088,,,,,,
ce_deep+learned,learned,learned,bipolar,none,ce,"{""epochs"": 60}",,,linear,1,4096,128,30,30,cosine,uniform,1,32,0,0.9958333373069763,0.9866666793823242,0.46615901589393616,0.9324597862435778,0.323,0.9866666793823242,0.9826666712760925,0.9873332977294922,2529.0,1.0,651520,1327104,41088,,,,,,
cotrain+gauss,linear,gaussian,bipolar,none,cotrain,,,,linear,1,4096,128,30,30,cosine,uniform,1,32,0,0.9991666674613953,0.996666669845581,0.5577000379562378,0.9873032282513169,0.682,0.9940000176429749,0.996666669845581,0.996666669845581,2528.0,1.0,651264,798720,24704,1.0,128.0,,,,
cotrain+signrff,rff,rff,bipolar,none,cotrain,"{""bw_select"": ""val""}",,,linear,1,4096,128,30,30,cosine,uniform,1,32,0,0.9991666674613953,0.996666669845581,0.5577000379562378,0.9873032282513169,0.013,0.9940000176429749,0.996666669845581,0.996666669845581,2528.0,1.0,651264,798720,24704,,,,,,
cotrain+learned,learned,learned,bipolar,none,cotrain,"{""epochs"": 60}",,,linear,1,4096,128,30,30,cosine,uniform,1,32,0,0.9991666674613953,0.996666669845581,0.5577000379562378,0.9873032282513169,0.013,0.9940000176429749,0.996666669845581,0.996666669845581,2528.0,1.0,651264,798720,24704,,,,,,
cotrain_learnP+gauss,linear,gaussian,bipolar,none,cotrain,,,,linear,1,4096,128,30,30,cosine,uniform,1,32,0,1.0,0.9959999918937683,0.523500382900238,0.9550190932081538,0.637,0.9946666359901428,0.9959999918937683,0.996666669845581,2528.0,1.0,651264,798720,24704,1.0,128.0,,,,
cotrain_learnP+signrff,rff,rff,bipolar,none,cotrain,"{""bw_select"": ""val""}",,,linear,1,4096,128,30,30,cosine,uniform,1,32,0,1.0,0.9959999918937683,0.523500382900238,0.9550190932081538,0.013,0.9946666359901428,0.9959999918937683,0.996666669845581,2528.0,1.0,651264,798720,24704,,,,,,
cotrain_learnP+learned,learned,learned,bipolar,none,cotrain,"{""epochs"": 60}",,,linear,1,4096,128,30,30,cosine,uniform,1,32,0,1.0,0.9959999918937683,0.523500382900238,0.9550190932081538,0.013,0.9946666359901428,0.9959999918937683,0.996666669845581,2528.0,1.0,651264,798720,24704,,,,,,
raw+gauss,linear,gaussian,bipolar,none,raw,,,,linear,2,4096,64,30,30,cosine,uniform,1,32,0,0.9975000023841858,0.9973333477973938,0.25736841559410095,0.982928383725162,0.018,0.9886666536331177,0.9913333058357239,0.9973333477973938,1504.0,1.0,389120,0,0,1.0,64.0,,,,
raw+signrff,rff,rff,bipolar,none,raw,"{""bw_select"": ""val""}",,,linear,2,4096,64,30,30,cosine,uniform,1,32,0,0.9991666674613953,0.9946666359901428,0.147195965051651,0.6186398573425952,0.044,0.9853333234786987,0.9819999933242798,0.9946666359901428,1520.0,32.0,389120,0,0,,,,,,
raw+learned,learned,learned,bipolar,none,raw,"{""epochs"": 60}",,,linear,2,4096,64,30,30,cosine,uniform,1,32,0,0.9991666674613953,0.996666669845581,0.41594767570495605,0.7312956203827194,0.327,0.9873332977294922,0.9886666536331177,0.9973333477973938,1504.5,1.0,389248,0,0,,,,,,
randmlp+gauss,linear,gaussian,bipolar,none,randmlp,,,,linear,2,4096,128,30,30,cosine,uniform,1,32,0,0.9258333444595337,0.9226666688919067,0.0877181813120842,0.9830690195957829,0.02,0.4286666512489319,0.8926666378974915,0.9239999651908875,2528.0,1.0,651264,798720,24704,1.0,128.0,,,,
randmlp+signrff,rff,rff,bipolar,none,randmlp,"{""bw_select"": ""val""}",,,linear,2,4096,128,30,30,cosine,uniform,1,32,0,0.9391666650772095,0.9366666674613953,0.04612091928720474,0.6684750533789448,0.027,0.34599998593330383,0.8946666717529297,0.9139999747276306,2544.0,32.0,651264,798720,24704,,,,,,
randmlp+learned,learned,learned,bipolar,none,randmlp,"{""epochs"": 60}",,,linear,2,4096,128,30,30,cosine,uniform,1,32,0,0.9808333516120911,0.9773333072662354,0.32750287652015686,0.5937833966397115,0.324,0.2693333327770233,0.918666660785675,0.9779999852180481,2529.0,1.0,651520,798720,24704,,,,,,
ce+gauss,linear,gaussian,bipolar,none,ce,,,,linear,2,4096,128,30,30,cosine,uniform,1,32,0,0.9933333396911621,0.9953333139419556,0.3504582345485687,0.9949024181533344,0.222,0.9940000176429749,0.9919999837875366,0.9953333139419556,2528.0,1.0,651264,798720,24704,1.0,128.0,,,,
ce+signrff,rff,rff,bipolar,none,ce,"{""bw_select"": ""val""}",,,linear,2,4096,128,30,30,cosine,uniform,1,32,0,0.9958333373069763,0.9946666359901428,0.4084332585334778,0.6638398224032948,0.025,0.9913333058357239,0.9933333396911621,0.9946666359901428,2544.0,32.0,651264,798720,24704,,,,,,
ce+learned,learned,learned,bipolar,none,ce,"{""epochs"": 60}",,,linear,2,4096,128,30,30,cosine,uniform,1,32,0,0.9975000023841858,0.9979999661445618,0.49404677748680115,0.9257821822136146,0.322,0.9953333139419556,0.9959999918937683,0.9979999661445618,2529.0,1.0,651520,798720,24704,,,,,,
supcon+gauss,linear,gaussian,bipolar,none,supcon,,,,linear,2,4096,128,30,30,cosine,uniform,1,32,0,0.9983333349227905,0.996666669845581,0.45256590843200684,0.9925124808503812,0.414,0.9959999918937683,0.996666669845581,0.996666669845581,2528.0,1.0,651264,798720,24704,1.0,128.0,,,,
supcon+signrff,rff,rff,bipolar,none,supcon,"{""bw_select"": ""val""}",,,linear,2,4096,128,30,30,cosine,uniform,1,32,0,0.9983333349227905,0.9973333477973938,0.4505636692047119,0.6905723530889574,0.031,0.9959999918937683,0.9973333477973938,0.9973333477973938,2544.0,32.0,651264,798720,24704,,,,,,
supcon+learned,learned,learned,bipolar,none,supcon,"{""epochs"": 60}",,,linear,2,4096,128,30,30,cosine,uniform,1,32,0,0.9958333373069763,0.9973333477973938,0.5458251237869263,0.9132703035881474,0.334,0.9946666359901428,0.9953333139419556,0.9973333477973938,2529.0,1.0,651520,798720,24704,,,,,,
proxy+gauss,linear,gaussian,bipolar,none,proxy,,,,linear,2,4096,128,30,30,cosine,uniform,1,32,0,0.9975000023841858,0.9946666359901428,0.39718562364578247,0.9941384995157501,0.42,0.9940000176429749,0.9946666359901428,0.9946666359901428,2528.0,1.0,651264,798720,24704,1.0,128.0,,,,
proxy+signrff,rff,rff,bipolar,none,proxy,"{""bw_select"": ""val""}",,,linear,2,4096,128,30,30,cosine,uniform,1,32,0,0.9983333349227905,0.9940000176429749,0.4114566147327423,0.5736610124944846,0.025,0.9933333396911621,0.9953333139419556,0.9940000176429749,2544.0,32.0,651264,798720,24704,,,,,,
proxy+learned,learned,learned,bipolar,none,proxy,"{""epochs"": 60}",,,linear,2,4096,128,30,30,cosine,uniform,1,32,0,0.996666669845581,0.9953333139419556,0.517045795917511,0.9524377517662674,0.298,0.9940000176429749,0.9946666359901428,0.9953333139419556,2529.0,1.0,651520,798720,24704,,,,,,
arc+gauss,linear,gaussian,bipolar,none,arc,,,,linear,2,4096,128,30,30,cosine,uniform,1,32,0,0.9975000023841858,0.996666669845581,0.42660993337631226,0.9879111029351044,0.344,0.9153333306312561,0.9946666359901428,0.996666669845581,2528.0,1.0,651264,798720,24704,1.0,128.0,,,,
arc+signrff,rff,rff,bipolar,none,arc,"{""bw_select"": ""val""}",,,linear,2,4096,128,30,30,cosine,uniform,1,32,0,0.9983333349227905,0.9973333477973938,0.23095831274986267,0.6059750721163636,0.025,0.9200000166893005,0.9940000176429749,0.996666669845581,2544.0,32.0,651264,798720,24704,,,,,,
arc+learned,learned,learned,bipolar,none,arc,"{""epochs"": 60}",,,linear,2,4096,128,30,30,cosine,uniform,1,32,0,0.9975000023841858,0.996666669845581,0.5539368987083435,0.9467731575417232,0.278,0.918666660785675,0.9940000176429749,0.9973333477973938,2529.0,1.0,651520,798720,24704,,,,,,
cluster4+gauss,linear,gaussian,bipolar,none,clustered,,,,linear,2,4096,128,30,30,cosine,uniform,1,32,0,0.9900000095367432,0.9919999837875366,0.3322930335998535,0.994996897093894,0.196,0.9926666617393494,0.9893333315849304,0.9926666617393494,2528.0,1.0,651264,53760,24704,1.0,128.0,,,,
cluster4+signrff,rff,rff,bipolar,none,clustered,"{""bw_select"": ""val""}",,,linear,2,4096,128,30,30,cosine,uniform,1,32,0,0.9900000095367432,0.9926666617393494,0.18772561848163605,0.7698920845546432,0.025,0.9933333396911621,0.9919999837875366,0.9926666617393494,2544.0,32.0,651264,53760,24704,,,,,,
cluster4+learned,learned,learned,bipolar,none,clustered,"{""epochs"": 60}",,,linear,2,4096,128,30,30,cosine,uniform,1,32,0,0.9958333373069763,0.9959999918937683,0.48839038610458374,0.9051817939054383,0.278,0.9940000176429749,0.9940000176429749,0.9953333139419556,2529.0,1.0,651520,53760,24704,,,,,,
cluster8+gauss,linear,gaussian,bipolar,none,clustered,,,,linear,2,4096,128,30,30,cosine,uniform,1,32,0,0.9933333396911621,0.9940000176429749,0.34545621275901794,0.9950630240911399,0.203,0.9933333396911621,0.9913333058357239,0.9940000176429749,2528.0,1.0,651264,78592,24704,1.0,128.0,,,,
cluster8+signrff,rff,rff,bipolar,none,clustered,"{""bw_select"": ""val""}",,,linear,2,4096,128,30,30,cosine,uniform,1,32,0,0.9958333373069763,0.9946666359901428,0.4021436274051666,0.6913741923681505,0.025,0.9933333396911621,0.9933333396911621,0.9946666359901428,2544.0,32.0,651264,78592,24704,,,,,,
cluster8+learned,learned,learned,bipolar,none,clustered,"{""epochs"": 60}",,,linear,2,4096,128,30,30,cosine,uniform,1,32,0,0.9983333349227905,0.9973333477973938,0.49550861120224,0.9163365769052476,0.28,0.996666669845581,0.9959999918937683,0.9973333477973938,2529.0,1.0,651520,78592,24704,,,,,,
ce_wide+gauss,linear,gaussian,bipolar,none,ce,,,,linear,2,4096,128,30,30,cosine,uniform,1,32,0,0.9958333373069763,0.9940000176429749,0.36851415038108826,0.9950269563453149,0.193,0.9906666278839111,0.9919999837875366,0.9940000176429749,2528.0,1.0,651264,1589248,49280,1.0,128.0,,,,
ce_wide+signrff,rff,rff,bipolar,none,ce,"{""bw_select"": ""val""}",,,linear,2,4096,128,30,30,cosine,uniform,1,32,0,0.996666669845581,0.9933333396911621,0.3810182213783264,0.7565674142620756,0.025,0.9913333058357239,0.9919999837875366,0.9933333396911621,2544.0,32.0,651264,1589248,49280,,,,,,
ce_wide+learned,learned,learned,bipolar,none,ce,"{""epochs"": 60}",,,linear,2,4096,128,30,30,cosine,uniform,1,32,0,0.9958333373069763,0.996666669845581,0.5092633962631226,0.9248849427152751,0.317,0.9940000176429749,0.9953333139419556,0.996666669845581,2529.0,1.0,651520,1589248,49280,,,,,,
ce_deep+gauss,linear,gaussian,bipolar,none,ce,,,,linear,2,4096,128,30,30,cosine,uniform,1,32,0,0.9850000143051147,0.9746666550636292,0.3027436435222626,0.9962034320297694,0.248,0.9746666550636292,0.9726666808128357,0.9753333330154419,2528.0,1.0,651264,1327104,41088,1.0,128.0,,,,
ce_deep+signrff,rff,rff,bipolar,none,ce,"{""bw_select"": ""val""}",,,linear,2,4096,128,30,30,cosine,uniform,1,32,0,0.9883333444595337,0.9753333330154419,0.3661101460456848,0.8166325409084638,0.025,0.9760000109672546,0.9753333330154419,0.9760000109672546,2544.0,32.0,651264,1327104,41088,,,,,,
ce_deep+learned,learned,learned,bipolar,none,ce,"{""epochs"": 60}",,,linear,2,4096,128,30,30,cosine,uniform,1,32,0,0.9883333444595337,0.9879999756813049,0.4591112434864044,0.9277644612784325,0.308,0.9866666793823242,0.9833333492279053,0.9893333315849304,2529.0,1.0,651520,1327104,41088,,,,,,
cotrain+gauss,linear,gaussian,bipolar,none,cotrain,,,,linear,2,4096,128,30,30,cosine,uniform,1,32,0,0.9975000023841858,0.9959999918937683,0.5337355136871338,0.9875422488606976,0.57,0.9933333396911621,0.996666669845581,0.9959999918937683,2528.0,1.0,651264,798720,24704,1.0,128.0,,,,
cotrain+signrff,rff,rff,bipolar,none,cotrain,"{""bw_select"": ""val""}",,,linear,2,4096,128,30,30,cosine,uniform,1,32,0,0.9975000023841858,0.9959999918937683,0.5337355136871338,0.9875422488606976,0.013,0.9933333396911621,0.996666669845581,0.9959999918937683,2528.0,1.0,651264,798720,24704,,,,,,
cotrain+learned,learned,learned,bipolar,none,cotrain,"{""epochs"": 60}",,,linear,2,4096,128,30,30,cosine,uniform,1,32,0,0.9975000023841858,0.9959999918937683,0.5337355136871338,0.9875422488606976,0.013,0.9933333396911621,0.996666669845581,0.9959999918937683,2528.0,1.0,651264,798720,24704,,,,,,
cotrain_learnP+gauss,linear,gaussian,bipolar,none,cotrain,,,,linear,2,4096,128,30,30,cosine,uniform,1,32,0,0.996666669845581,0.9959999918937683,0.4960133731365204,0.9511038392287654,0.702,0.9926666617393494,0.9953333139419556,0.9959999918937683,2528.0,1.0,651264,798720,24704,1.0,128.0,,,,
cotrain_learnP+signrff,rff,rff,bipolar,none,cotrain,"{""bw_select"": ""val""}",,,linear,2,4096,128,30,30,cosine,uniform,1,32,0,0.996666669845581,0.9959999918937683,0.4960133731365204,0.9511038392287654,0.013,0.9926666617393494,0.9953333139419556,0.9959999918937683,2528.0,1.0,651264,798720,24704,,,,,,
cotrain_learnP+learned,learned,learned,bipolar,none,cotrain,"{""epochs"": 60}",,,linear,2,4096,128,30,30,cosine,uniform,1,32,0,0.996666669845581,0.9959999918937683,0.4960133731365204,0.9511038392287654,0.013,0.9926666617393494,0.9953333139419556,0.9959999918937683,2528.0,1.0,651264,798720,24704,,,,,,
raw+gauss,linear,gaussian,bipolar,none,raw,,,,fine,0,4096,64,30,30,cosine,uniform,1,32,0,0.7233333587646484,0.7133333086967468,0.04650498926639557,0.9832824817403812,0.018,0.609333336353302,0.6159999966621399,0.7133333086967468,1504.0,1.0,389120,0,0,1.0,64.0,,,,
raw+signrff,rff,rff,bipolar,none,raw,"{""bw_select"": ""val""}",,,fine,0,4096,64,30,30,cosine,uniform,1,32,0,0.7041667103767395,0.6946666836738586,0.008011089637875557,0.6881166234693237,0.047,0.593999981880188,0.5893333554267883,0.5566666722297668,1520.0,32.0,389120,0,0,,,,,,
raw+learned,learned,learned,bipolar,none,raw,"{""epochs"": 60}",,,fine,0,4096,64,30,30,cosine,uniform,1,32,0,0.7391666769981384,0.7113333344459534,0.0823928639292717,0.7049262393499617,0.321,0.6153333187103271,0.6060000061988831,0.7066666483879089,1504.5,1.0,389248,0,0,,,,,,
randmlp+gauss,linear,gaussian,bipolar,none,randmlp,,,,fine,0,4096,128,30,30,cosine,uniform,1,32,0,0.3633333444595337,0.3633333146572113,-0.029411781579256058,0.9828904785985941,0.026,0.13466666638851166,0.3226666748523712,0.3499999940395355,2528.0,1.0,651264,798720,24704,1.0,128.0,,,,
randmlp+signrff,rff,rff,bipolar,none,randmlp,"{""bw_select"": ""val""}",,,fine,0,4096,128,30,30,cosine,uniform,1,32,0,0.3383333384990692,0.3233333230018616,-0.181152805685997,0.561909242519938,0.036,0.10199999809265137,0.2693333327770233,0.3019999861717224,2544.0,32.0,651264,798720,24704,,,,,,
randmlp+learned,learned,learned,bipolar,none,randmlp,"{""epochs"": 60}",,,fine,0,4096,128,30,30,cosine,uniform,1,32,0,0.580833375453949,0.5759999752044678,0.0208455678075552,0.658975231103824,0.326,0.12266666442155838,0.43666666746139526,0.5766666531562805,2529.0,1.0,651520,798720,24704,,,,,,
ce+gauss,linear,gaussian,bipolar,none,ce,,,,fine,0,4096,128,30,30,cosine,uniform,1,32,0,0.690833330154419,0.6773333549499512,0.07004224509000778,0.9929399283728548,0.194,0.668666660785675,0.6579999923706055,0.6753333210945129,2528.0,1.0,651264,798720,24704,1.0,128.0,,,,
ce+signrff,rff,rff,bipolar,none,ce,"{""bw_select"": ""val""}",,,fine,0,4096,128,30,30,cosine,uniform,1,32,0,0.690833330154419,0.6726666688919067,0.0361461341381073,0.6959428035227405,0.028,0.6599999666213989,0.6526666879653931,0.6700000166893005,2544.0,32.0,651264,798720,24704,,,,,,
ce+learned,learned,learned,bipolar,none,ce,"{""epochs"": 60}",,,fine,0,4096,128,30,30,cosine,uniform,1,32,0,0.7091667056083679,0.6733333468437195,0.09808219224214554,0.9432777248899429,0.282,0.6759999990463257,0.6573333144187927,0.6746666431427002,2529.0,1.0,651520,798720,24704,,,,,,
supcon+gauss,linear,gaussian,bipolar,none,supcon,,,,fine,0,4096,128,30,30,cosine,uniform,1,32,0,0.705833375453949,0.7026666402816772,0.07392880320549011,0.9908234979703521,0.374,0.684666633605957,0.6806666851043701,0.6919999718666077,2528.0,1.0,651264,798720,24704,1.0,128.0,,,,
supcon+signrff,rff,rff,bipolar,none,supcon,"{""bw_select"": ""val""}",,,fine,0,4096,128,30,30,cosine,uniform,1,32,0,0.70250004529953,0.6946666836738586,0.06862418353557587,0.7074546700762877,0.028,0.6826666593551636,0.6726666688919067,0.6946666836738586,2544.0,32.0,651264,798720,24704,,,,,,
supcon+learned,learned,learned,bipolar,none,supcon,"{""epochs"": 60}",,,fine,0,4096,128,30,30,cosine,uniform,1,32,0,0.71833336353302,0.6946666836738586,0.1197977289557457,0.9566372108032574,0.283,0.6819999814033508,0.6759999990463257,0.6986666321754456,2529.0,1.0,651520,798720,24704,,,,,,
proxy+gauss,linear,gaussian,bipolar,none,proxy,,,,fine,0,4096,128,30,30,cosine,uniform,1,32,0,0.7050000429153442,0.6813333034515381,0.07878611981868744,0.9929980465059804,0.425,0.6573333144187927,0.6553333401679993,0.6819999814033508,2528.0,1.0,651264,798720,24704,1.0,128.0,,,,
proxy+signrff,rff,rff,bipolar,none,proxy,"{""bw_select"": ""val""}",,,fine,0,4096,128,30,30,cosine,uniform,1,32,0,0.7083333730697632,0.6766666769981384,0.05399368330836296,0.6129613618266022,0.026,0.6413333415985107,0.65666663646698,0.6759999990463257,2544.0,32.0,651264,798720,24704,,,,,,
proxy+learned,learned,learned,bipolar,none,proxy,"{""epochs"": 60}",,,fine,0,4096,128,30,30,cosine,uniform,1,32,0,0.7083333730697632,0.687333345413208,0.10451246798038483,0.9580199019113738,0.323,0.6499999761581421,0.6626666784286499,0.687333345413208,2529.0,1.0,651520,798720,24704,,,,,,
arc+gauss,linear,gaussian,bipolar,none,arc,,,,fine,0,4096,128,30,30,cosine,uniform,1,32,0,0.6825000047683716,0.687333345413208,0.08624660223722458,0.991726840060093,0.366,0.43066665530204773,0.6673333048820496,0.6840000152587891,2528.0,1.0,651264,798720,24704,1.0,128.0,,,,
arc+signrff,rff,rff,bipolar,none,arc,"{""bw_select"": ""val""}",,,fine,0,4096,128,30,30,cosine,uniform,1,32,0,0.6816666722297668,0.6793333292007446,0.02449614927172661,0.5887396570635681,0.028,0.3973333239555359,0.6606666445732117,0.6739999651908875,2544.0,32.0,651264,798720,24704,,,,,,
arc+learned,learned,learned,bipolar,none,arc,"{""epochs"": 60}",,,fine,0,4096,128,30,30,cosine,uniform,1,32,0,0.6858333349227905,0.6753333210945129,0.10943107306957245,0.975961512908491,0.326,0.4086666703224182,0.6673333048820496,0.6773333549499512,2529.0,1.0,651520,798720,24704,,,,,,
cluster4+gauss,linear,gaussian,bipolar,none,clustered,,,,fine,0,4096,128,30,30,cosine,uniform,1,32,0,0.6650000214576721,0.659333348274231,0.05658493563532829,0.9924739711882347,0.235,0.6380000114440918,0.6426666378974915,0.653333306312561,2528.0,1.0,651264,53760,24704,1.0,128.0,,,,
cluster4+signrff,rff,rff,bipolar,none,clustered,"{""bw_select"": ""val""}",,,fine,0,4096,128,30,30,cosine,uniform,1,32,0,0.6675000190734863,0.6513333320617676,0.022898061200976372,0.6994180524585376,0.029,0.6386666893959045,0.6286666393280029,0.6466666460037231,2544.0,32.0,651264,53760,24704,,,,,,
cluster4+learned,learned,learned,bipolar,none,clustered,"{""epochs"": 60}",,,fine,0,4096,128,30,30,cosine,uniform,1,32,0,0.6899999976158142,0.6766666769981384,0.09017949551343918,0.9247402284086882,0.324,0.6473333239555359,0.6453333497047424,0.6786666512489319,2529.0,1.0,651520,53760,24704,,,,,,
cluster8+gauss,linear,gaussian,bipolar,none,clustered,,,,fine,0,4096,128,30,30,cosine,uniform,1,32,0,0.6833333373069763,0.6800000071525574,0.06678477674722672,0.9929896181859833,0.244,0.659333348274231,0.6546666622161865,0.6746666431427002,2528.0,1.0,651264,78592,24704,1.0,128.0,,,,
cluster8+signrff,rff,rff,bipolar,none,clustered,"{""bw_select"": ""val""}",,,fine,0,4096,128,30,30,cosine,uniform,1,32,0,0.6891666650772095,0.6739999651908875,0.03297106921672821,0.6938267164770002,0.029,0.6653333306312561,0.6453333497047424,0.6739999651908875,2544.0,32.0,651264,78592,24704,,,,,,
cluster8+learned,learned,learned,bipolar,none,clustered,"{""epochs"": 60}",,,fine,0,4096,128,30,30,cosine,uniform,1,32,0,0.7050000429153442,0.6800000071525574,0.09680677950382233,0.9374162255967012,0.307,0.6653333306312561,0.6586666703224182,0.6746666431427002,2529.0,1.0,651520,78592,24704,,,,,,
ce_wide+gauss,linear,gaussian,bipolar,none,ce,,,,fine,0,4096,128,30,30,cosine,uniform,1,32,0,0.6825000047683716,0.687333345413208,0.07568313181400299,0.9935596055376469,0.224,0.6806666851043701,0.6786666512489319,0.6866666674613953,2528.0,1.0,651264,1589248,49280,1.0,128.0,,,,
ce_wide+signrff,rff,rff,bipolar,none,ce,"{""bw_select"": ""val""}",,,fine,0,4096,128,30,30,cosine,uniform,1,32,0,0.6899999976158142,0.6840000152587891,0.04635225236415863,0.6948179769668474,0.026,0.6806666851043701,0.6746666431427002,0.6859999895095825,2544.0,32.0,651264,1589248,49280,,,,,,
ce_wide+learned,learned,learned,bipolar,none,ce,"{""epochs"": 60}",,,fine,0,4096,128,30,30,cosine,uniform,1,32,0,0.6941666603088379,0.6940000057220459,0.10543230921030045,0.9416432667280319,0.329,0.6853333115577698,0.6706666350364685,0.6966666579246521,2529.0,1.0,651520,1589248,49280,,,,,,
ce_deep+gauss,linear,gaussian,bipolar,none,ce,,,,fine,0,4096,128,30,30,cosine,uniform,1,32,0,0.6399999856948853,0.6433333158493042,0.056357257068157196,0.9935204493004726,0.242,0.6346666812896729,0.6286666393280029,0.6386666893959045,2528.0,1.0,651264,1327104,41088,1.0,128.0,,,,
ce_deep+signrff,rff,rff,bipolar,none,ce,"{""bw_select"": ""val""}",,,fine,0,4096,128,30,30,cosine,uniform,1,32,0,0.6399999856948853,0.6446666717529297,0.04483388364315033,0.7140882752146939,0.027,0.6319999694824219,0.6193333268165588,0.6386666893959045,2544.0,32.0,651264,1327104,41088,,,,,,
ce_deep+learned,learned,learned,bipolar,none,ce,"{""epochs"": 60}",,,fine,0,4096,128,30,30,cosine,uniform,1,32,0,0.6583333611488342,0.6586666703224182,0.08699682354927063,0.9405220818871315,0.276,0.6526666879653931,0.6386666893959045,0.6573333144187927,2529.0,1.0,651520,1327104,41088,,,,,,
cotrain+gauss,linear,gaussian,bipolar,none,cotrain,,,,fine,0,4096,128,30,30,cosine,uniform,1,32,0,0.7108333706855774,0.6779999732971191,0.10846833139657974,0.9932803110238406,0.588,0.6626666784286499,0.6646666526794434,0.6793333292007446,2528.0,1.0,651264,798720,24704,1.0,128.0,,,,
cotrain+signrff,rff,rff,bipolar,none,cotrain,"{""bw_select"": ""val""}",,,fine,0,4096,128,30,30,cosine,uniform,1,32,0,0.7108333706855774,0.6779999732971191,0.10846833139657974,0.9932803110238406,0.016,0.6626666784286499,0.6646666526794434,0.6793333292007446,2528.0,1.0,651264,798720,24704,,,,,,
cotrain+learned,learned,learned,bipolar,none,cotrain,"{""epochs"": 60}",,,fine,0,4096,128,30,30,cosine,uniform,1,32,0,0.7108333706855774,0.6779999732971191,0.10846833139657974,0.9932803110238406,0.016,0.6626666784286499,0.6646666526794434,0.6793333292007446,2528.0,1.0,651264,798720,24704,,,,,,
cotrain_learnP+gauss,linear,gaussian,bipolar,none,cotrain,,,,fine,0,4096,128,30,30,cosine,uniform,1,32,0,0.6899999976158142,0.6620000004768372,0.10479450225830078,0.8887395135586472,0.703,0.6459999680519104,0.656000018119812,0.6666666865348816,2528.0,1.0,651264,798720,24704,1.0,128.0,,,,
cotrain_learnP+signrff,rff,rff,bipolar,none,cotrain,"{""bw_select"": ""val""}",,,fine,0,4096,128,30,30,cosine,uniform,1,32,0,0.6899999976158142,0.6620000004768372,0.10479450225830078,0.8887395135586472,0.016,0.6459999680519104,0.656000018119812,0.6666666865348816,2528.0,1.0,651264,798720,24704,,,,,,
cotrain_learnP+learned,learned,learned,bipolar,none,cotrain,"{""epochs"": 60}",,,fine,0,4096,128,30,30,cosine,uniform,1,32,0,0.6899999976158142,0.6620000004768372,0.10479450225830078,0.8887395135586472,0.016,0.6459999680519104,0.656000018119812,0.6666666865348816,2528.0,1.0,651264,798720,24704,,,,,,
raw+gauss,linear,gaussian,bipolar,none,raw,,,,fine,1,4096,64,30,30,cosine,uniform,1,32,0,0.7266666889190674,0.7253333330154419,0.0467531643807888,0.9826924739446199,0.017,0.6213333010673523,0.6019999980926514,0.722000002861023,1504.0,1.0,389120,0,0,1.0,64.0,,,,
raw+signrff,rff,rff,bipolar,none,raw,"{""bw_select"": ""val""}",,,fine,1,4096,64,30,30,cosine,uniform,1,32,0,0.7175000309944153,0.7139999866485596,0.008040780201554298,0.6815425284052163,0.039,0.6200000047683716,0.5920000076293945,0.5433333516120911,1520.0,32.0,389120,0,0,,,,,,
raw+learned,learned,learned,bipolar,none,raw,"{""epochs"": 60}",,,fine,1,4096,64,30,30,cosine,uniform,1,32,0,0.7391666769981384,0.7513332962989807,0.08601566404104233,0.7076524867570744,0.319,0.6506666541099548,0.6226666569709778,0.7546666860580444,1504.5,1.0,389248,0,0,,,,,,
randmlp+gauss,linear,gaussian,bipolar,none,randmlp,,,,fine,1,4096,128,30,30,cosine,uniform,1,32,0,0.34833332896232605,0.3466666638851166,-0.046017859131097794,0.9806241401604572,0.026,0.13333332538604736,0.3019999861717224,0.3473333418369293,2528.0,1.0,651264,798720,24704,1.0,128.0,,,,
randmlp+signrff,rff,rff,bipolar,none,randmlp,"{""bw_select"": ""val""}",,,fine,1,4096,128,30,30,cosine,uniform,1,32,0,0.2691666781902313,0.27000001072883606,-0.10655694454908371,0.6222584617888256,0.036,0.12733332812786102,0.20600000023841858,0.25066667795181274,2544.0,32.0,651264,798720,24704,,,,,,
randmlp+learned,learned,learned,bipolar,none,randmlp,"{""epochs"": 60}",,,fine,1,4096,128,30,30,cosine,uniform,1,32,0,0.5741666555404663,0.5759999752044678,0.019904179498553276,0.639158564348612,0.325,0.12666666507720947,0.4099999964237213,0.5719999670982361,2529.0,1.0,651520,798720,24704,,,,,,
ce+gauss,linear,gaussian,bipolar,none,ce,,,,fine,1,4096,128,30,30,cosine,uniform,1,32,0,0.675000011920929,0.7013333439826965,0.0701063722372055,0.9932126256295978,0.224,0.6959999799728394,0.6726666688919067,0.6993333101272583,2528.0,1.0,651264,798720,24704,1.0,128.0,,,,
ce+signrff,rff,rff,bipolar,none,ce,"{""bw_select"": ""val""}",,,fine,1,4096,128,30,30,cosine,uniform,1,32,0,0.6766666769981384,0.6953333020210266,0.05094916373491287,0.6867361168010693,0.028,0.6853333115577698,0.6693333387374878,0.6959999799728394,2544.0,32.0,651264,798720,24704,,,,,,
ce+learned,learned,learned,bipolar,none,ce,"{""epochs"": 60}",,,fine,1,4096,128,30,30,cosine,uniform,1,32,0,0.6983333230018616,0.7160000205039978,0.10342923551797867,0.9329749537414534,0.325,0.6959999799728394,0.6893333196640015,0.7226666808128357,2529.0,1.0,651520,798720,24704,,,,,,
supcon+gauss,linear,gaussian,bipolar,none,supcon,,,,fine,1,4096,128,30,30,cosine,uniform,1,32,0,0.7116667032241821,0.7146666646003723,0.0733872503042221,0.990928890879528,0.377,0.7073333263397217,0.6833333373069763,0.7173333168029785,2528.0,1.0,651264,798720,24704,1.0,128.0,,,,
supcon+signrff,rff,rff,bipolar,none,supcon,"{""bw_select"": ""val""}",,,fine,1,4096,128,30,30,cosine,uniform,1,32,0,0.7108333706855774,0.7093333005905151,0.05012848973274231,0.6960727542843916,0.029,0.7013333439826965,0.6819999814033508,0.7086666822433472,2544.0,32.0,651264,798720,24704,,,,,,
supcon+learned,learned,learned,bipolar,none,supcon,"{""epochs"": 60}",,,fine,1,4096,128,30,30,cosine,uniform,1,32,0,0.7191666960716248,0.7260000109672546,0.12127120047807693,0.9626010749816125,0.317,0.7039999961853027,0.7059999704360962,0.7253333330154419,2529.0,1.0,651520,798720,24704,,,,,,
proxy+gauss,linear,gaussian,bipolar,none,proxy,,,,fine,1,4096,128,30,30,cosine,uniform,1,32,0,0.6949999928474426,0.6919999718666077,0.08023659139871597,0.9924592611373874,0.425,0.6746666431427002,0.6800000071525574,0.6973333358764648,2528.0,1.0,651264,798720,24704,1.0,128.0,,,,
proxy+signrff,rff,rff,bipolar,none,proxy,"{""bw_select"": ""val""}",,,fine,1,4096,128,30,30,cosine,uniform,1,32,0,0.6958333253860474,0.7013333439826965,0.030022185295820236,0.6795706211149735,0.029,0.671999990940094,0.6779999732971191,0.6959999799728394,2544.0,32.0,651264,798720,24704,,,,,,
proxy+learned,learned,learned,bipolar,none,proxy,"{""epochs"": 60}",,,fine,1,4096,128,30,30,cosine,uniform,1,32,0,0.7241666913032532,0.7133333086967468,0.1072581335902214,0.955290856110531,0.294,0.668666660785675,0.6866666674613953,0.7160000205039978,2529.0,1.0,651520,798720,24704,,,,,,
arc+gauss,linear,gaussian,bipolar,none,arc,,,,fine,1,4096,128,30,30,cosine,uniform,1,32,0,0.6741666793823242,0.6833333373069763,0.0842435285449028,0.9912517987721959,0.367,0.4506666660308838,0.6666666865348816,0.684666633605957,2528.0,1.0,651264,798720,24704,1.0,128.0,,,,
arc+signrff,rff,rff,bipolar,none,arc,"{""bw_select"": ""val""}",,,fine,1,4096,128,30,30,cosine,uniform,1,32,0,0.6666666865348816,0.6853333115577698,0.013984343968331814,0.586299035746789,0.028,0.43066665530204773,0.6459999680519104,0.65666663646698,2544.0,32.0,651264,798720,24704,,,,,,
arc+learned,learned,learned,bipolar,none,arc,"{""epochs"": 60}",,,fine,1,4096,128,30,30,cosine,uniform,1,32,0,0.684166669845581,0.6833333373069763,0.10816435515880585,0.9736581160084362,0.322,0.4026666581630707,0.6673333048820496,0.6806666851043701,2529.0,1.0,651520,798720,24704,,,,,,
cluster4+gauss,linear,gaussian,bipolar,none,clustered,,,,fine,1,4096,128,30,30,cosine,uniform,1,32,0,0.6683333516120911,0.6746666431427002,0.06015494838356972,0.992557608646715,0.237,0.6673333048820496,0.65666663646698,0.6759999990463257,2528.0,1.0,651264,53760,24704,1.0,128.0,,,,
cluster4+signrff,rff,rff,bipolar,none,clustered,"{""bw_select"": ""val""}",,,fine,1,4096,128,30,30,cosine,uniform,1,32,0,0.6650000214576721,0.6706666350364685,0.03923886641860008,0.6914749955876913,0.028,0.6653333306312561,0.6626666784286499,0.6726666688919067,2544.0,32.0,651264,53760,24704,,,,,,
cluster4+learned,learned,learned,bipolar,none,clustered,"{""epochs"": 60}",,,fine,1,4096,128,30,30,cosine,uniform,1,32,0,0.6891666650772095,0.699999988079071,0.09551841020584106,0.9148367532365019,0.325,0.6806666851043701,0.6579999923706055,0.6926666498184204,2529.0,1.0,651520,53760,24704,,,,,,
cluster8+gauss,linear,gaussian,bipolar,none,clustered,,,,fine,1,4096,128,30,30,cosine,uniform,1,32,0,0.67166668176651,0.7046666741371155,0.06801855564117432,0.9933370220954674,0.245,0.6933333277702332,0.6766666769981384,0.699999988079071,2528.0,1.0,651264,78592,24704,1.0,128.0,,,,
cluster8+signrff,rff,rff,bipolar,none,clustered,"{""bw_select"": ""val""}",,,fine,1,4096,128,30,30,cosine,uniform,1,32,0,0.6708333492279053,0.6853333115577698,0.04868008941411972,0.6400465050582637,0.026,0.6819999814033508,0.6653333306312561,0.6840000152587891,2544.0,32.0,651264,78592,24704,,,,,,
cluster8+learned,learned,learned,bipolar,none,clustered,"{""epochs"": 60}",,,fine,1,4096,128,30,30,cosine,uniform,1,32,0,0.7033333778381348,0.7266666293144226,0.10192659497261047,0.92493426822063,0.325,0.6959999799728394,0.6833333373069763,0.7273333072662354,2529.0,1.0,651520,78592,24704,,,,,,
ce_wide+gauss,linear,gaussian,bipolar,none,ce,,,,fine,1,4096,128,30,30,cosine,uniform,1,32,0,0.6800000071525574,0.7046666741371155,0.0745738223195076,0.9931920734381913,0.222,0.6853333115577698,0.6853333115577698,0.7013333439826965,2528.0,1.0,651264,1589248,49280,1.0,128.0,,,,
ce_wide+signrff,rff,rff,bipolar,none,ce,"{""bw_select"": ""val""}",,,fine,1,4096,128,30,30,cosine,uniform,1,32,0,0.684166669845581,0.6966666579246521,0.0460834838449955,0.6957770442608284,0.027,0.687999963760376,0.687999963760376,0.6973333358764648,2544.0,32.0,651264,1589248,49280,,,,,,
ce_wide+learned,learned,learned,bipolar,none,ce,"{""epochs"": 60}",,,fine,1,4096,128,30,30,cosine,uniform,1,32,0,0.6974999904632568,0.7106666564941406,0.1073894202709198,0.9318332012763961,0.324,0.7066666483879089,0.699999988079071,0.7120000123977661,2529.0,1.0,651520,1589248,49280,,,,,,
ce_deep+gauss,linear,gaussian,bipolar,none,ce,,,,fine,1,4096,128,30,30,cosine,uniform,1,32,0,0.6500000357627869,0.6746666431427002,0.0562095083296299,0.9943442880946967,0.25,0.6553333401679993,0.6513333320617676,0.6706666350364685,2528.0,1.0,651264,1327104,41088,1.0,128.0,,,,
ce_deep+signrff,rff,rff,bipolar,none,ce,"{""bw_select"": ""val""}",,,fine,1,4096,128,30,30,cosine,uniform,1,32,0,0.6608333587646484,0.6633332967758179,0.04630191996693611,0.7063372297650047,0.027,0.6526666879653931,0.6386666893959045,0.6620000004768372,2544.0,32.0,651264,1327104,41088,,,,,,
ce_deep+learned,learned,learned,bipolar,none,ce,"{""epochs"": 60}",,,fine,1,4096,128,30,30,cosine,uniform,1,32,0,0.6725000143051147,0.6819999814033508,0.0916389524936676,0.9307871875439774,0.325,0.6660000085830688,0.6673333048820496,0.6786666512489319,2529.0,1.0,651520,1327104,41088,,,,,,
cotrain+gauss,linear,gaussian,bipolar,none,cotrain,,,,fine,1,4096,128,30,30,cosine,uniform,1,32,0,0.7083333730697632,0.7099999785423279,0.10913582146167755,0.9938475587006846,0.696,0.70333331823349,0.7020000219345093,0.7093333005905151,2528.0,1.0,651264,798720,24704,1.0,128.0,,,,
cotrain+signrff,rff,rff,bipolar,none,cotrain,"{""bw_select"": ""val""}",,,fine,1,4096,128,30,30,cosine,uniform,1,32,0,0.7083333730697632,0.7099999785423279,0.10913582146167755,0.9938475587006846,0.017,0.70333331823349,0.7020000219345093,0.7093333005905151,2528.0,1.0,651264,798720,24704,,,,,,
cotrain+learned,learned,learned,bipolar,none,cotrain,"{""epochs"": 60}",,,fine,1,4096,128,30,30,cosine,uniform,1,32,0,0.7083333730697632,0.7099999785423279,0.10913582146167755,0.9938475587006846,0.017,0.70333331823349,0.7020000219345093,0.7093333005905151,2528.0,1.0,651264,798720,24704,,,,,,
cotrain_learnP+gauss,linear,gaussian,bipolar,none,cotrain,,,,fine,1,4096,128,30,30,cosine,uniform,1,32,0,0.6974999904632568,0.6933333277702332,0.11061808466911316,0.9017284632932258,0.705,0.6806666851043701,0.6899999976158142,0.6966666579246521,2528.0,1.0,651264,798720,24704,1.0,128.0,,,,
cotrain_learnP+signrff,rff,rff,bipolar,none,cotrain,"{""bw_select"": ""val""}",,,fine,1,4096,128,30,30,cosine,uniform,1,32,0,0.6974999904632568,0.6933333277702332,0.11061808466911316,0.9017284632932258,0.016,0.6806666851043701,0.6899999976158142,0.6966666579246521,2528.0,1.0,651264,798720,24704,,,,,,
cotrain_learnP+learned,learned,learned,bipolar,none,cotrain,"{""epochs"": 60}",,,fine,1,4096,128,30,30,cosine,uniform,1,32,0,0.6974999904632568,0.6933333277702332,0.11061808466911316,0.9017284632932258,0.016,0.6806666851043701,0.6899999976158142,0.6966666579246521,2528.0,1.0,651264,798720,24704,,,,,,
raw+gauss,linear,gaussian,bipolar,none,raw,,,,fine,2,4096,64,30,30,cosine,uniform,1,32,0,0.7125000357627869,0.7273333072662354,0.048547547310590744,0.9827869294110249,0.018,0.6319999694824219,0.6226666569709778,0.722000002861023,1504.0,1.0,389120,0,0,1.0,64.0,,,,
raw+signrff,rff,rff,bipolar,none,raw,"{""bw_select"": ""val""}",,,fine,2,4096,64,30,30,cosine,uniform,1,32,0,0.6991666555404663,0.7080000042915344,0.008352423086762428,0.6594230673357097,0.049,0.6173333525657654,0.6133333444595337,0.6146666407585144,1520.0,32.0,389120,0,0,,,,,,
raw+learned,learned,learned,bipolar,none,raw,"{""epochs"": 60}",,,fine,2,4096,64,30,30,cosine,uniform,1,32,0,0.7308333516120911,0.7379999756813049,0.08537669479846954,0.7011714740713006,0.322,0.6346666812896729,0.6386666893959045,0.7379999756813049,1504.5,1.0,389248,0,0,,,,,,
randmlp+gauss,linear,gaussian,bipolar,none,randmlp,,,,fine,2,4096,128,30,30,cosine,uniform,1,32,0,0.35333335399627686,0.3959999978542328,-0.02694026753306389,0.9832321415463092,0.026,0.11599999666213989,0.33933332562446594,0.37066665291786194,2528.0,1.0,651264,798720,24704,1.0,128.0,,,,
randmlp+signrff,rff,rff,bipolar,none,randmlp,"{""bw_select"": ""val""}",,,fine,2,4096,128,30,30,cosine,uniform,1,32,0,0.35083335638046265,0.35199999809265137,-0.2732102870941162,0.6385548884955594,0.036,0.13466666638851166,0.2966666519641876,0.1966666579246521,2544.0,32.0,651264,798720,24704,,,,,,
randmlp+learned,learned,learned,bipolar,none,randmlp,"{""epochs"": 60}",,,fine,2,4096,128,30,30,cosine,uniform,1,32,0,0.5850000381469727,0.5839999914169312,0.025490330532193184,0.6651789711236349,0.325,0.11733333021402359,0.44066667556762695,0.5893333554267883,2529.0,1.0,651520,798720,24704,,,,,,
ce+gauss,linear,gaussian,bipolar,none,ce,,,,fine,2,4096,128,30,30,cosine,uniform,1,32,0,0.6974999904632568,0.6919999718666077,0.07044802606105804,0.9938852673795138,0.225,0.6840000152587891,0.6700000166893005,0.6940000057220459,2528.0,1.0,651264,798720,24704,1.0,128.0,,,,
ce+signrff,rff,rff,bipolar,none,ce,"{""bw_select"": ""val""}",,,fine,2,4096,128,30,30,cosine,uniform,1,32,0,0.6991666555404663,0.6840000152587891,0.03658207878470421,0.7161364421805627,0.029,0.6739999651908875,0.6606666445732117,0.6819999814033508,2544.0,32.0,651264,798720,24704,,,,,,
ce+learned,learned,learned,bipolar,none,ce,"{""epochs"": 60}",,,fine,2,4096,128,30,30,cosine,uniform,1,32,0,0.6958333253860474,0.6933333277702332,0.09844814985990524,0.931643094546255,0.325,0.6806666851043701,0.6793333292007446,0.687999963760376,2529.0,1.0,651520,798720,24704,,,,,,
supcon+gauss,linear,gaussian,bipolar,none,supcon,,,,fine,2,4096,128,30,30,cosine,uniform,1,32,0,0.7108333706855774,0.7006666660308838,0.07473188638687134,0.9916297978486571,0.42,0.6899999976158142,0.684666633605957,0.7013333439826965,2528.0,1.0,651264,798720,24704,1.0,128.0,,,,
supcon+signrff,rff,rff,bipolar,none,supcon,"{""bw_select"": ""val""}",,,fine,2,4096,128,30,30,cosine,uniform,1,32,0,0.7041667103767395,0.7080000042915344,0.029439356178045273,0.7178589782403697,0.029,0.6726666688919067,0.6813333034515381,0.6940000057220459,2544.0,32.0,651264,798720,24704,,,,,,
supcon+learned,learned,learned,bipolar,none,supcon,"{""epochs"": 60}",,,fine,2,4096,128,30,30,cosine,uniform,1,32,0,0.7075000405311584,0.7059999704360962,0.1173165887594223,0.9548549487328424,0.325,0.6899999976158142,0.6833333373069763,0.7073333263397217,2529.0,1.0,651520,798720,24704,,,,,,
proxy+gauss,linear,gaussian,bipolar,none,proxy,,,,fine,2,4096,128,30,30,cosine,uniform,1,32,0,0.6916666626930237,0.6940000057220459,0.07845783233642578,0.9932793917735223,0.428,0.6733333468437195,0.6766666769981384,0.6959999799728394,2528.0,1.0,651264,798720,24704,1.0,128.0,,,,
proxy+signrff,rff,rff,bipolar,none,proxy,"{""bw_select"": ""val""}",,,fine,2,4096,128,30,30,cosine,uniform,1,32,0,0.705833375453949,0.6946666836738586,0.04532330110669136,0.6802226262671491,0.028,0.6700000166893005,0.6759999990463257,0.6946666836738586,2544.0,32.0,651264,798720,24704,,,,,,
proxy+learned,learned,learned,bipolar,none,proxy,"{""epochs"": 60}",,,fine,2,4096,128,30,30,cosine,uniform,1,32,0,0.70250004529953,0.7066666483879089,0.10362692922353745,0.9598250931023279,0.324,0.6700000166893005,0.6806666851043701,0.7053333520889282,2529.0,1.0,651520,798720,24704,,,,,,
arc+gauss,linear,gaussian,bipolar,none,arc,,,,fine,2,4096,128,30,30,cosine,uniform,1,32,0,0.6666666865348816,0.6759999990463257,0.08043896406888962,0.9915283166076506,0.355,0.44466665387153625,0.6693333387374878,0.6833333373069763,2528.0,1.0,651264,798720,24704,1.0,128.0,,,,
arc+signrff,rff,rff,bipolar,none,arc,"{""bw_select"": ""val""}",,,fine,2,4096,128,30,30,cosine,uniform,1,32,0,0.6641666889190674,0.6819999814033508,0.02465539611876011,0.5935015455798105,0.028,0.42133334279060364,0.6626666784286499,0.6726666688919067,2544.0,32.0,651264,798720,24704,,,,,,
arc+learned,learned,learned,bipolar,none,arc,"{""epochs"": 60}",,,fine,2,4096,128,30,30,cosine,uniform,1,32,0,0.67166668176651,0.6793333292007446,0.10426574945449829,0.9749055245463158,0.324,0.4266666769981384,0.6639999747276306,0.6786666512489319,2529.0,1.0,651520,798720,24704,,,,,,
cluster4+gauss,linear,gaussian,bipolar,none,clustered,,,,fine,2,4096,128,30,30,cosine,uniform,1,32,0,0.6916666626930237,0.6786666512489319,0.058750834316015244,0.9936915998416448,0.236,0.6633332967758179,0.6573333144187927,0.6786666512489319,2528.0,1.0,651264,53760,24704,1.0,128.0,,,,
cluster4+signrff,rff,rff,bipolar,none,clustered,"{""bw_select"": ""val""}",,,fine,2,4096,128,30,30,cosine,uniform,1,32,0,0.6791666746139526,0.6733333468437195,0.043887171894311905,0.6950054681000709,0.027,0.6513333320617676,0.6486666798591614,0.6660000085830688,2544.0,32.0,651264,53760,24704,,,,,,
cluster4+learned,learned,learned,bipolar,none,clustered,"{""epochs"": 60}",,,fine,2,4096,128,30,30,cosine,uniform,1,32,0,0.6966666579246521,0.6859999895095825,0.09051414579153061,0.9223456185557366,0.288,0.6700000166893005,0.6553333401679993,0.6819999814033508,2529.0,1.0,651520,53760,24704,,,,,,
cluster8+gauss,linear,gaussian,bipolar,none,clustered,,,,fine,2,4096,128,30,30,cosine,uniform,1,32,0,0.6941666603088379,0.6886666417121887,0.06775560975074768,0.9938069506084359,0.22,0.6819999814033508,0.6693333387374878,0.687999963760376,2528.0,1.0,651264,78592,24704,1.0,128.0,,,,
cluster8+signrff,rff,rff,bipolar,none,clustered,"{""bw_select"": ""val""}",,,fine,2,4096,128,30,30,cosine,uniform,1,32,0,0.6916666626930237,0.687333345413208,0.04655199125409126,0.7066592991455657,0.027,0.6726666688919067,0.6613333225250244,0.6840000152587891,2544.0,32.0,651264,78592,24704,,,,,,
cluster8+learned,learned,learned,bipolar,none,clustered,"{""epochs"": 60}",,,fine,2,4096,128,30,30,cosine,uniform,1,32,0,0.6966666579246521,0.6940000057220459,0.09682021290063858,0.9284451850636654,0.296,0.6806666851043701,0.6753333210945129,0.6953333020210266,2529.0,1.0,651520,78592,24704,,,,,,
ce_wide+gauss,linear,gaussian,bipolar,none,ce,,,,fine,2,4096,128,30,30,cosine,uniform,1,32,0,0.6983333230018616,0.70333331823349,0.07925461232662201,0.9940829129339933,0.224,0.687999963760376,0.6840000152587891,0.7039999961853027,2528.0,1.0,651264,1589248,49280,1.0,128.0,,,,
ce_wide+signrff,rff,rff,bipolar,none,ce,"{""bw_select"": ""val""}",,,fine,2,4096,128,30,30,cosine,uniform,1,32,0,0.6924999952316284,0.7066666483879089,0.049788132309913635,0.7268371328540979,0.027,0.6853333115577698,0.6853333115577698,0.6993333101272583,2544.0,32.0,651264,1589248,49280,,,,,,
ce_wide+learned,learned,learned,bipolar,none,ce,"{""epochs"": 60}",,,fine,2,4096,128,30,30,cosine,uniform,1,32,0,0.7008333206176758,0.7206666469573975,0.109686940908432,0.9269500609529747,0.324,0.6980000138282776,0.6866666674613953,0.718666672706604,2529.0,1.0,651520,1589248,49280,,,,,,
ce_deep+gauss,linear,gaussian,bipolar,none,ce,,,,fine,2,4096,128,30,30,cosine,uniform,1,32,0,0.6550000309944153,0.6620000004768372,0.060310155153274536,0.9945968256577127,0.252,0.6513333320617676,0.6446666717529297,0.6573333144187927,2528.0,1.0,651264,1327104,41088,1.0,128.0,,,,
ce_deep+signrff,rff,rff,bipolar,none,ce,"{""bw_select"": ""val""}",,,fine,2,4096,128,30,30,cosine,uniform,1,32,0,0.6491667032241821,0.6700000166893005,0.04973170906305313,0.7580951982124569,0.028,0.6579999923706055,0.6433333158493042,0.6693333387374878,2544.0,32.0,651264,1327104,41088,,,,,,
ce_deep+learned,learned,learned,bipolar,none,ce,"{""epochs"": 60}",,,fine,2,4096,128,30,30,cosine,uniform,1,32,0,0.6683333516120911,0.6773333549499512,0.09215815365314484,0.9315054359295616,0.327,0.6759999990463257,0.6646666526794434,0.6793333292007446,2529.0,1.0,651520,1327104,41088,,,,,,
cotrain+gauss,linear,gaussian,bipolar,none,cotrain,,,,fine,2,4096,128,30,30,cosine,uniform,1,32,0,0.6883333325386047,0.6953333020210266,0.10990764945745468,0.9930532829401675,0.688,0.6766666769981384,0.690666675567627,0.6940000057220459,2528.0,1.0,651264,798720,24704,1.0,128.0,,,,
cotrain+signrff,rff,rff,bipolar,none,cotrain,"{""bw_select"": ""val""}",,,fine,2,4096,128,30,30,cosine,uniform,1,32,0,0.6883333325386047,0.6953333020210266,0.10990764945745468,0.9930532829401675,0.016,0.6766666769981384,0.690666675567627,0.6940000057220459,2528.0,1.0,651264,798720,24704,,,,,,
cotrain+learned,learned,learned,bipolar,none,cotrain,"{""epochs"": 60}",,,fine,2,4096,128,30,30,cosine,uniform,1,32,0,0.6883333325386047,0.6953333020210266,0.10990764945745468,0.9930532829401675,0.016,0.6766666769981384,0.690666675567627,0.6940000057220459,2528.0,1.0,651264,798720,24704,,,,,,
cotrain_learnP+gauss,linear,gaussian,bipolar,none,cotrain,,,,fine,2,4096,128,30,30,cosine,uniform,1,32,0,0.6858333349227905,0.6826666593551636,0.10843133181333542,0.8919474581963096,0.709,0.65666663646698,0.6819999814033508,0.6833333373069763,2528.0,1.0,651264,798720,24704,1.0,128.0,,,,
cotrain_learnP+signrff,rff,rff,bipolar,none,cotrain,"{""bw_select"": ""val""}",,,fine,2,4096,128,30,30,cosine,uniform,1,32,0,0.6858333349227905,0.6826666593551636,0.10843133181333542,0.8919474581963096,0.016,0.65666663646698,0.6819999814033508,0.6833333373069763,2528.0,1.0,651264,798720,24704,,,,,,
cotrain_learnP+learned,learned,learned,bipolar,none,cotrain,"{""epochs"": 60}",,,fine,2,4096,128,30,30,cosine,uniform,1,32,0,0.6858333349227905,0.6826666593551636,0.10843133181333542,0.8919474581963096,0.016,0.65666663646698,0.6819999814033508,0.6833333373069763,2528.0,1.0,651264,798720,24704,,,,,,
raw+gauss,linear,gaussian,bipolar,none,raw,,,,heavy_tail,0,4096,64,30,30,cosine,uniform,1,32,0,0.9491667151451111,0.949999988079071,0.18894673883914948,0.9787859686617021,0.017,0.934666633605957,0.9139999747276306,0.949999988079071,1504.0,1.0,389120,0,0,1.0,64.0,,,,
raw+signrff,rff,rff,bipolar,none,raw,"{""bw_select"": ""val""}",,,heavy_tail,0,4096,64,30,30,cosine,uniform,1,32,0,0.9333333373069763,0.9419999718666077,0.08032117784023285,0.23601150680537786,0.038,0.9293333292007446,0.9013333320617676,0.9359999895095825,1520.0,32.0,389120,0,0,,,,,,
raw+learned,learned,learned,bipolar,none,raw,"{""epochs"": 60}",,,heavy_tail,0,4096,64,30,30,cosine,uniform,1,32,0,0.9900000095367432,0.981333315372467,0.3292295038700104,0.7674807958477283,0.322,0.9699999690055847,0.9613333344459534,0.9800000190734863,1504.5,1.0,389248,0,0,,,,,,
randmlp+gauss,linear,gaussian,bipolar,none,randmlp,,,,heavy_tail,0,4096,128,30,30,cosine,uniform,1,32,0,0.8141666650772095,0.8119999766349792,0.04280345141887665,0.9820894988054993,0.02,0.2633333206176758,0.7400000095367432,0.7933333516120911,2528.0,1.0,651264,798720,24704,1.0,128.0,,,,
randmlp+signrff,rff,rff,bipolar,none,randmlp,"{""bw_select"": ""val""}",,,heavy_tail,0,4096,128,30,30,cosine,uniform,1,32,0,0.8283333778381348,0.8246666789054871,0.003224702784791589,0.39521473533561274,0.029,0.22066666185855865,0.731333315372467,0.14733333885669708,2544.0,32.0,651264,798720,24704,,,,,,
randmlp+learned,learned,learned,bipolar,none,randmlp,"{""epochs"": 60}",,,heavy_tail,0,4096,128,30,30,cosine,uniform,1,32,0,0.8833333253860474,0.8933333158493042,0.21359892189502716,0.5899653710530743,0.325,0.18133333325386047,0.7680000066757202,0.8946666717529297,2529.0,1.0,651520,798720,24704,,,,,,
ce+gauss,linear,gaussian,bipolar,none,ce,,,,heavy_tail,0,4096,128,30,30,cosine,uniform,1,32,0,0.9300000071525574,0.9286666512489319,0.26369813084602356,0.9944268414309907,0.223,0.9273332953453064,0.9259999990463257,0.9293333292007446,2528.0,1.0,651264,798720,24704,1.0,128.0,,,,
ce+signrff,rff,rff,bipolar,none,ce,"{""bw_select"": ""val""}",,,heavy_tail,0,4096,128,30,30,cosine,uniform,1,32,0,0.9283333420753479,0.9266666769981384,0.15389099717140198,0.5052689194708349,0.026,0.9233333468437195,0.9193333387374878,0.9279999732971191,2544.0,32.0,651264,798720,24704,,,,,,
ce+learned,learned,learned,bipolar,none,ce,"{""epochs"": 60}",,,heavy_tail,0,4096,128,30,30,cosine,uniform,1,32,0,0.9483333826065063,0.9453333020210266,0.37891340255737305,0.9394183507785052,0.324,0.9466666579246521,0.9393333196640015,0.9446666836738586,2529.0,1.0,651520,798720,24704,,,,,,
supcon+gauss,linear,gaussian,bipolar,none,supcon,,,,heavy_tail,0,4096,128,30,30,cosine,uniform,1,32,0,0.9566667079925537,0.9493333101272583,0.32778897881507874,0.9913519521585146,0.417,0.9413332939147949,0.9466666579246521,0.9513333439826965,2528.0,1.0,651264,798720,24704,1.0,128.0,,,,
supcon+signrff,rff,rff,bipolar,none,supcon,"{""bw_select"": ""val""}",,,heavy_tail,0,4096,128,30,30,cosine,uniform,1,32,0,0.9583333730697632,0.9493333101272583,0.11108680069446564,0.4209878993225529,0.026,0.9419999718666077,0.9393333196640015,0.9466666579246521,2544.0,32.0,651264,798720,24704,,,,,,
supcon+learned,learned,learned,bipolar,none,supcon,"{""epochs"": 60}",,,heavy_tail,0,4096,128,30,30,cosine,uniform,1,32,0,0.9608333706855774,0.9486666321754456,0.44235238432884216,0.9553920377270327,0.325,0.9413332939147949,0.949999988079071,0.9493333101272583,2529.0,1.0,651520,798720,24704,,,,,,
proxy+gauss,linear,gaussian,bipolar,none,proxy,,,,heavy_tail,0,4096,128,30,30,cosine,uniform,1,32,0,0.9483333826065063,0.937999963760376,0.3000050187110901,0.9932372540832844,0.424,0.9266666769981384,0.9340000152587891,0.937999963760376,2528.0,1.0,651264,798720,24704,1.0,128.0,,,,
proxy+signrff,rff,rff,bipolar,none,proxy,"{""bw_select"": ""val""}",,,heavy_tail,0,4096,128,30,30,cosine,uniform,1,32,0,0.9475000500679016,0.9413332939147949,0.07654515653848648,0.4725455703233415,0.026,0.9226666688919067,0.9306666851043701,0.9306666851043701,2544.0,32.0,651264,798720,24704,,,,,,
proxy+learned,learned,learned,bipolar,none,proxy,"{""epochs"": 60}",,,heavy_tail,0,4096,128,30,30,cosine,uniform,1,32,0,0.9600000381469727,0.9559999704360962,0.39580461382865906,0.9602930523418446,0.325,0.9399999976158142,0.9446666836738586,0.9553333520889282,2529.0,1.0,651520,798720,24704,,,,,,
arc+gauss,linear,gaussian,bipolar,none,arc,,,,heavy_tail,0,4096,128,30,30,cosine,uniform,1,32,0,0.9450000524520874,0.9446666836738586,0.33258768916130066,0.9897046879260699,0.398,0.7360000014305115,0.9386666417121887,0.9453333020210266,2528.0,1.0,651264,798720,24704,1.0,128.0,,,,
arc+signrff,rff,rff,bipolar,none,arc,"{""bw_select"": ""val""}",,,heavy_tail,0,4096,128,30,30,cosine,uniform,1,32,0,0.9466667175292969,0.940666675567627,0.11183593422174454,0.3796784621685174,0.025,0.722000002861023,0.9293333292007446,0.940666675567627,2544.0,32.0,651264,798720,24704,,,,,,
arc+learned,learned,learned,bipolar,none,arc,"{""epochs"": 60}",,,heavy_tail,0,4096,128,30,30,cosine,uniform,1,32,0,0.9458333849906921,0.9453333020210266,0.4318428635597229,0.9669328531068644,0.326,0.7339999675750732,0.9399999976158142,0.9433333277702332,2529.0,1.0,651520,798720,24704,,,,,,
cluster4+gauss,linear,gaussian,bipolar,none,clustered,,,,heavy_tail,0,4096,128,30,30,cosine,uniform,1,32,0,0.9283333420753479,0.9253333210945129,0.2454921007156372,0.9944439956176604,0.236,0.9213333129882812,0.9173333048820496,0.9259999990463257,2528.0,1.0,651264,53760,24704,1.0,128.0,,,,
cluster4+signrff,rff,rff,bipolar,none,clustered,"{""bw_select"": ""val""}",,,heavy_tail,0,4096,128,30,30,cosine,uniform,1,32,0,0.9258333444595337,0.9213333129882812,0.1166502982378006,0.5006191305802227,0.027,0.9200000166893005,0.9113333225250244,0.9153333306312561,2544.0,32.0,651264,53760,24704,,,,,,
cluster4+learned,learned,learned,bipolar,none,clustered,"{""epochs"": 60}",,,heavy_tail,0,4096,128,30,30,cosine,uniform,1,32,0,0.9516667127609253,0.9466666579246521,0.3651234209537506,0.9230381562179218,0.326,0.9359999895095825,0.9386666417121887,0.9440000057220459,2529.0,1.0,651520,53760,24704,,,,,,
cluster8+gauss,linear,gaussian,bipolar,none,clustered,,,,heavy_tail,0,4096,128,30,30,cosine,uniform,1,32,0,0.9291666746139526,0.9253333210945129,0.2589900493621826,0.9944814401636516,0.245,0.9266666769981384,0.9206666350364685,0.9259999990463257,2528.0,1.0,651264,78592,24704,1.0,128.0,,,,
cluster8+signrff,rff,rff,bipolar,none,clustered,"{""bw_select"": ""val""}",,,heavy_tail,0,4096,128,30,30,cosine,uniform,1,32,0,0.9291666746139526,0.9226666688919067,0.14440087974071503,0.5051158908545549,0.026,0.921999990940094,0.9173333048820496,0.9246666431427002,2544.0,32.0,651264,78592,24704,,,,,,
cluster8+learned,learned,learned,bipolar,none,clustered,"{""epochs"": 60}",,,heavy_tail,0,4096,128,30,30,cosine,uniform,1,32,0,0.9475000500679016,0.9473333358764648,0.3759304881095886,0.9328260967731796,0.326,0.9426666498184204,0.9359999895095825,0.9459999799728394,2529.0,1.0,651520,78592,24704,,,,,,
ce_wide+gauss,linear,gaussian,bipolar,none,ce,,,,heavy_tail,0,4096,128,30,30,cosine,uniform,1,32,0,0.9416666626930237,0.934666633605957,0.27302318811416626,0.9944497657579957,0.219,0.9313333034515381,0.9259999990463257,0.937333345413208,2528.0,1.0,651264,1589248,49280,1.0,128.0,,,,
ce_wide+signrff,rff,rff,bipolar,none,ce,"{""bw_select"": ""val""}",,,heavy_tail,0,4096,128,30,30,cosine,uniform,1,32,0,0.9450000524520874,0.937333345413208,0.18046246469020844,0.5043884751730542,0.03,0.9319999814033508,0.9279999732971191,0.9413332939147949,2544.0,32.0,651264,1589248,49280,,,,,,
ce_wide+learned,learned,learned,bipolar,none,ce,"{""epochs"": 60}",,,heavy_tail,0,4096,128,30,30,cosine,uniform,1,32,0,0.9625000357627869,0.9526666402816772,0.38774943351745605,0.9408874179781358,0.326,0.9486666321754456,0.9453333020210266,0.95333331823349,2529.0,1.0,651520,1589248,49280,,,,,,
ce_deep+gauss,linear,gaussian,bipolar,none,ce,,,,heavy_tail,0,4096,128,30,30,cosine,uniform,1,32,0,0.909166693687439,0.9099999666213989,0.22992819547653198,0.9946457332352134,0.253,0.9046666622161865,0.9046666622161865,0.9086666703224182,2528.0,1.0,651264,1327104,41088,1.0,128.0,,,,
ce_deep+signrff,rff,rff,bipolar,none,ce,"{""bw_select"": ""val""}",,,heavy_tail,0,4096,128,30,30,cosine,uniform,1,32,0,0.9050000309944153,0.906000018119812,0.22422757744789124,0.5624891650974068,0.032,0.9013333320617676,0.8973333239555359,0.9046666622161865,2544.0,32.0,651264,1327104,41088,,,,,,
ce_deep+learned,learned,learned,bipolar,none,ce,"{""epochs"": 60}",,,heavy_tail,0,4096,128,30,30,cosine,uniform,1,32,0,0.925000011920929,0.9279999732971191,0.355545312166214,0.934597963391214,0.329,0.9266666769981384,0.9179999828338623,0.9293333292007446,2529.0,1.0,651520,1327104,41088,,,,,,
cotrain+gauss,linear,gaussian,bipolar,none,cotrain,,,,heavy_tail,0,4096,128,30,30,cosine,uniform,1,32,0,0.9550000429153442,0.9426666498184204,0.39912301301956177,0.9916850118250433,0.686,0.9300000071525574,0.9419999718666077,0.9419999718666077,2528.0,1.0,651264,798720,24704,1.0,128.0,,,,
cotrain+signrff,rff,rff,bipolar,none,cotrain,"{""bw_select"": ""val""}",,,heavy_tail,0,4096,128,30,30,cosine,uniform,1,32,0,0.9550000429153442,0.9426666498184204,0.39912301301956177,0.9916850118250433,0.013,0.9300000071525574,0.9419999718666077,0.9419999718666077,2528.0,1.0,651264,798720,24704,,,,,,
cotrain+learned,learned,learned,bipolar,none,cotrain,"{""epochs"": 60}",,,heavy_tail,0,4096,128,30,30,cosine,uniform,1,32,0,0.9550000429153442,0.9426666498184204,0.39912301301956177,0.9916850118250433,0.013,0.9300000071525574,0.9419999718666077,0.9419999718666077,2528.0,1.0,651264,798720,24704,,,,,,
cotrain_learnP+gauss,linear,gaussian,bipolar,none,cotrain,,,,heavy_tail,0,4096,128,30,30,cosine,uniform,1,32,0,0.9466667175292969,0.9446666836738586,0.3896145820617676,0.9078668834339182,0.708,0.9333333373069763,0.9366666674613953,0.9426666498184204,2528.0,1.0,651264,798720,24704,1.0,128.0,,,,
cotrain_learnP+signrff,rff,rff,bipolar,none,cotrain,"{""bw_select"": ""val""}",,,heavy_tail,0,4096,128,30,30,cosine,uniform,1,32,0,0.9466667175292969,0.9446666836738586,0.3896145820617676,0.9078668834339182,0.013,0.9333333373069763,0.9366666674613953,0.9426666498184204,2528.0,1.0,651264,798720,24704,,,,,,
cotrain_learnP+learned,learned,learned,bipolar,none,cotrain,"{""epochs"": 60}",,,heavy_tail,0,4096,128,30,30,cosine,uniform,1,32,0,0.9466667175292969,0.9446666836738586,0.3896145820617676,0.9078668834339182,0.013,0.9333333373069763,0.9366666674613953,0.9426666498184204,2528.0,1.0,651264,798720,24704,,,,,,
raw+gauss,linear,gaussian,bipolar,none,raw,,,,heavy_tail,1,4096,64,30,30,cosine,uniform,1,32,0,0.9491667151451111,0.9526666402816772,0.19288451969623566,0.9787654116563916,0.017,0.9440000057220459,0.9206666350364685,0.9513333439826965,1504.0,1.0,389120,0,0,1.0,64.0,,,,
raw+signrff,rff,rff,bipolar,none,raw,"{""bw_select"": ""val""}",,,heavy_tail,1,4096,64,30,30,cosine,uniform,1,32,0,0.9350000023841858,0.9273332953453064,0.08119247108697891,0.24381407612502737,0.041,0.9146666526794434,0.90666663646698,0.921999990940094,1520.0,32.0,389120,0,0,,,,,,
raw+learned,learned,learned,bipolar,none,raw,"{""epochs"": 60}",,,heavy_tail,1,4096,64,30,30,cosine,uniform,1,32,0,0.9783333539962769,0.9786666631698608,0.32853952050209045,0.7775281086103861,0.321,0.9726666808128357,0.9620000123977661,0.9800000190734863,1504.5,1.0,389248,0,0,,,,,,
randmlp+gauss,linear,gaussian,bipolar,none,randmlp,,,,heavy_tail,1,4096,128,30,30,cosine,uniform,1,32,0,0.82750004529953,0.8286666870117188,0.03951399773359299,0.9792327918789469,0.02,0.25866666436195374,0.7746666669845581,0.8053333163261414,2528.0,1.0,651264,798720,24704,1.0,128.0,,,,
randmlp+signrff,rff,rff,bipolar,none,randmlp,"{""bw_select"": ""val""}",,,heavy_tail,1,4096,128,30,30,cosine,uniform,1,32,0,0.8291667103767395,0.8233333230018616,0.018251726403832436,0.4203149166957623,0.027,0.17266666889190674,0.7699999809265137,0.7593333125114441,2544.0,32.0,651264,798720,24704,,,,,,
randmlp+learned,learned,learned,bipolar,none,randmlp,"{""epochs"": 60}",,,heavy_tail,1,4096,128,30,30,cosine,uniform,1,32,0,0.9075000286102295,0.9013333320617676,0.21863684058189392,0.5976031251836441,0.325,0.1979999989271164,0.7793333530426025,0.8980000019073486,2529.0,1.0,651520,798720,24704,,,,,,
ce+gauss,linear,gaussian,bipolar,none,ce,,,,heavy_tail,1,4096,128,30,30,cosine,uniform,1,32,0,0.9283333420753479,0.9313333034515381,0.259914755821228,0.994594042503056,0.224,0.9313333034515381,0.9273332953453064,0.9313333034515381,2528.0,1.0,651264,798720,24704,1.0,128.0,,,,
ce+signrff,rff,rff,bipolar,none,ce,"{""bw_select"": ""val""}",,,heavy_tail,1,4096,128,30,30,cosine,uniform,1,32,0,0.925000011920929,0.9306666851043701,0.15592671930789948,0.5326563652292386,0.026,0.9293333292007446,0.9300000071525574,0.9319999814033508,2544.0,32.0,651264,798720,24704,,,,,,
ce+learned,learned,learned,bipolar,none,ce,"{""epochs"": 60}",,,heavy_tail,1,4096,128,30,30,cosine,uniform,1,32,0,0.940833330154419,0.9519999623298645,0.37764057517051697,0.9378137278765372,0.326,0.9486666321754456,0.9446666836738586,0.9506666660308838,2529.0,1.0,651520,798720,24704,,,,,,
supcon+gauss,linear,gaussian,bipolar,none,supcon,,,,heavy_tail,1,4096,128,30,30,cosine,uniform,1,32,0,0.9433333277702332,0.9480000138282776,0.32624754309654236,0.9913462943595247,0.419,0.9459999799728394,0.9506666660308838,0.9459999799728394,2528.0,1.0,651264,798720,24704,1.0,128.0,,,,
supcon+signrff,rff,rff,bipolar,none,supcon,"{""bw_select"": ""val""}",,,heavy_tail,1,4096,128,30,30,cosine,uniform,1,32,0,0.9450000524520874,0.949999988079071,0.11473225057125092,0.4188119956493056,0.026,0.9473333358764648,0.9473333358764648,0.9473333358764648,2544.0,32.0,651264,798720,24704,,,,,,
supcon+learned,learned,learned,bipolar,none,supcon,"{""epochs"": 60}",,,heavy_tail,1,4096,128,30,30,cosine,uniform,1,32,0,0.9450000524520874,0.9546666741371155,0.43559756875038147,0.9533193374605217,0.32,0.9519999623298645,0.95333331823349,0.9539999961853027,2529.0,1.0,651520,798720,24704,,,,,,
proxy+gauss,linear,gaussian,bipolar,none,proxy,,,,heavy_tail,1,4096,128,30,30,cosine,uniform,1,32,0,0.934166669845581,0.9419999718666077,0.2983745336532593,0.9929929689426473,0.429,0.9393333196640015,0.9426666498184204,0.9419999718666077,2528.0,1.0,651264,798720,24704,1.0,128.0,,,,
proxy+signrff,rff,rff,bipolar,none,proxy,"{""bw_select"": ""val""}",,,heavy_tail,1,4096,128,30,30,cosine,uniform,1,32,0,0.9333333373069763,0.9486666321754456,0.07933394610881805,0.47854110630097907,0.026,0.937333345413208,0.9413332939147949,0.9419999718666077,2544.0,32.0,651264,798720,24704,,,,,,
proxy+learned,learned,learned,bipolar,none,proxy,"{""epochs"": 60}",,,heavy_tail,1,4096,128,30,30,cosine,uniform,1,32,0,0.9475000500679016,0.9513333439826965,0.3958684802055359,0.9620737247102117,0.325,0.9459999799728394,0.9480000138282776,0.9506666660308838,2529.0,1.0,651520,798720,24704,,,,,,
arc+gauss,linear,gaussian,bipolar,none,arc,,,,heavy_tail,1,4096,128,30,30,cosine,uniform,1,32,0,0.9375,0.9473333358764648,0.3356499671936035,0.9896487878986588,0.348,0.7633333206176758,0.9413332939147949,0.9459999799728394,2528.0,1.0,651264,798720,24704,1.0,128.0,,,,
arc+signrff,rff,rff,bipolar,none,arc,"{""bw_select"": ""val""}",,,heavy_tail,1,4096,128,30,30,cosine,uniform,1,32,0,0.9399999976158142,0.9466666579246521,0.11931691318750381,0.35173642781330566,0.026,0.722000002861023,0.9419999718666077,0.9426666498184204,2544.0,32.0,651264,798720,24704,,,,,,
arc+learned,learned,learned,bipolar,none,arc,"{""epochs"": 60}",,,heavy_tail,1,4096,128,30,30,cosine,uniform,1,32,0,0.9391666650772095,0.9480000138282776,0.43445882201194763,0.9661556295518323,0.325,0.7519999742507935,0.9433333277702332,0.9480000138282776,2529.0,1.0,651520,798720,24704,,,,,,
cluster4+gauss,linear,gaussian,bipolar,none,clustered,,,,heavy_tail,1,4096,128,30,30,cosine,uniform,1,32,0,0.9166666865348816,0.9246666431427002,0.24502146244049072,0.9946172938777892,0.235,0.9206666350364685,0.9179999828338623,0.9233333468437195,2528.0,1.0,651264,53760,24704,1.0,128.0,,,,
cluster4+signrff,rff,rff,bipolar,none,clustered,"{""bw_select"": ""val""}",,,heavy_tail,1,4096,128,30,30,cosine,uniform,1,32,0,0.9166666865348816,0.9259999990463257,0.12065859138965607,0.5299572573815321,0.027,0.9200000166893005,0.9200000166893005,0.9239999651908875,2544.0,32.0,651264,53760,24704,,,,,,
cluster4+learned,learned,learned,bipolar,none,clustered,"{""epochs"": 60}",,,heavy_tail,1,4096,128,30,30,cosine,uniform,1,32,0,0.9416666626930237,0.95333331823349,0.3670087158679962,0.9212941605570828,0.325,0.9453333020210266,0.937999963760376,0.9526666402816772,2529.0,1.0,651520,53760,24704,,,,,,
cluster8+gauss,linear,gaussian,bipolar,none,clustered,,,,heavy_tail,1,4096,128,30,30,cosine,uniform,1,32,0,0.925000011920929,0.9293333292007446,0.2558480501174927,0.9946810596552708,0.245,0.9253333210945129,0.9266666769981384,0.9293333292007446,2528.0,1.0,651264,78592,24704,1.0,128.0,,,,
cluster8+signrff,rff,rff,bipolar,none,clustered,"{""bw_select"": ""val""}",,,heavy_tail,1,4096,128,30,30,cosine,uniform,1,32,0,0.92166668176651,0.9326666593551636,0.1464376151561737,0.5369321896853737,0.026,0.9239999651908875,0.9239999651908875,0.9286666512489319,2544.0,32.0,651264,78592,24704,,,,,,
cluster8+learned,learned,learned,bipolar,none,clustered,"{""epochs"": 60}",,,heavy_tail,1,4096,128,30,30,cosine,uniform,1,32,0,0.9433333277702332,0.9493333101272583,0.3742963969707489,0.9313104851325951,0.325,0.9486666321754456,0.9453333020210266,0.949999988079071,2529.0,1.0,651520,78592,24704,,,,,,
ce_wide+gauss,linear,gaussian,bipolar,none,ce,,,,heavy_tail,1,4096,128,30,30,cosine,uniform,1,32,0,0.9283333420753479,0.9399999976158142,0.27140486240386963,0.9947061007570004,0.223,0.9366666674613953,0.9306666851043701,0.9393333196640015,2528.0,1.0,651264,1589248,49280,1.0,128.0,,,,
ce_wide+signrff,rff,rff,bipolar,none,ce,"{""bw_select"": ""val""}",,,heavy_tail,1,4096,128,30,30,cosine,uniform,1,32,0,0.9291666746139526,0.9393333196640015,0.1778864562511444,0.509405711385553,0.026,0.9340000152587891,0.9333333373069763,0.9393333196640015,2544.0,32.0,651264,1589248,49280,,,,,,
ce_wide+learned,learned,learned,bipolar,none,ce,"{""epochs"": 60}",,,heavy_tail,1,4096,128,30,30,cosine,uniform,1,32,0,0.9483333826065063,0.9519999623298645,0.3861580491065979,0.9381536964736994,0.326,0.9480000138282776,0.9493333101272583,0.95333331823349,2529.0,1.0,651520,1589248,49280,,,,,,
ce_deep+gauss,linear,gaussian,bipolar,none,ce,,,,heavy_tail,1,4096,128,30,30,cosine,uniform,1,32,0,0.9133333563804626,0.9120000004768372,0.22899772226810455,0.9956827073464398,0.257,0.9086666703224182,0.9046666622161865,0.9126666784286499,2528.0,1.0,651264,1327104,41088,1.0,128.0,,,,
ce_deep+signrff,rff,rff,bipolar,none,ce,"{""bw_select"": ""val""}",,,heavy_tail,1,4096,128,30,30,cosine,uniform,1,32,0,0.909166693687439,0.9113333225250244,0.2276144176721573,0.5820703841101276,0.028,0.906000018119812,0.9026666283607483,0.9106666445732117,2544.0,32.0,651264,1327104,41088,,,,,,
ce_deep+learned,learned,learned,bipolar,none,ce,"{""epochs"": 60}",,,heavy_tail,1,4096,128,30,30,cosine,uniform,1,32,0,0.9308333396911621,0.9386666417121887,0.3582121431827545,0.9281660342354705,0.277,0.9366666674613953,0.9319999814033508,0.9386666417121887,2529.0,1.0,651520,1327104,41088,,,,,,
cotrain+gauss,linear,gaussian,bipolar,none,cotrain,,,,heavy_tail,1,4096,128,30,30,cosine,uniform,1,32,0,0.9433333277702332,0.9513333439826965,0.41296684741973877,0.9904078017267617,0.6,0.940666675567627,0.9506666660308838,0.9526666402816772,2528.0,1.0,651264,798720,24704,1.0,128.0,,,,
cotrain+signrff,rff,rff,bipolar,none,cotrain,"{""bw_select"": ""val""}",,,heavy_tail,1,4096,128,30,30,cosine,uniform,1,32,0,0.9433333277702332,0.9513333439826965,0.41296684741973877,0.9904078017267617,0.013,0.940666675567627,0.9506666660308838,0.9526666402816772,2528.0,1.0,651264,798720,24704,,,,,,
cotrain+learned,learned,learned,bipolar,none,cotrain,"{""epochs"": 60}",,,heavy_tail,1,4096,128,30,30,cosine,uniform,1,32,0,0.9433333277702332,0.9513333439826965,0.41296684741973877,0.9904078017267617,0.013,0.940666675567627,0.9506666660308838,0.9526666402816772,2528.0,1.0,651264,798720,24704,,,,,,
cotrain_learnP+gauss,linear,gaussian,bipolar,none,cotrain,,,,heavy_tail,1,4096,128,30,30,cosine,uniform,1,32,0,0.9483333826065063,0.9526666402816772,0.41157299280166626,0.922716235354305,0.647,0.9486666321754456,0.9526666402816772,0.9519999623298645,2528.0,1.0,651264,798720,24704,1.0,128.0,,,,
cotrain_learnP+signrff,rff,rff,bipolar,none,cotrain,"{""bw_select"": ""val""}",,,heavy_tail,1,4096,128,30,30,cosine,uniform,1,32,0,0.9483333826065063,0.9526666402816772,0.41157299280166626,0.922716235354305,0.013,0.9486666321754456,0.9526666402816772,0.9519999623298645,2528.0,1.0,651264,798720,24704,,,,,,
cotrain_learnP+learned,learned,learned,bipolar,none,cotrain,"{""epochs"": 60}",,,heavy_tail,1,4096,128,30,30,cosine,uniform,1,32,0,0.9483333826065063,0.9526666402816772,0.41157299280166626,0.922716235354305,0.013,0.9486666321754456,0.9526666402816772,0.9519999623298645,2528.0,1.0,651264,798720,24704,,,,,,
raw+gauss,linear,gaussian,bipolar,none,raw,,,,heavy_tail,2,4096,64,30,30,cosine,uniform,1,32,0,0.955833375453949,0.9419999718666077,0.18982340395450592,0.9777645820129753,0.017,0.9359999895095825,0.906000018119812,0.9399999976158142,1504.0,1.0,389120,0,0,1.0,64.0,,,,
raw+signrff,rff,rff,bipolar,none,raw,"{""bw_select"": ""val""}",,,heavy_tail,2,4096,64,30,30,cosine,uniform,1,32,0,0.9358333349227905,0.9226666688919067,0.08198225498199463,0.22820990245045955,0.04,0.9193333387374878,0.8959999680519104,0.9166666865348816,1520.0,32.0,389120,0,0,,,,,,
raw+learned,learned,learned,bipolar,none,raw,"{""epochs"": 60}",,,heavy_tail,2,4096,64,30,30,cosine,uniform,1,32,0,0.9791666865348816,0.9773333072662354,0.32393917441368103,0.7726038483796397,0.281,0.9713333249092102,0.9539999961853027,0.9760000109672546,1504.5,1.0,389248,0,0,,,,,,
randmlp+gauss,linear,gaussian,bipolar,none,randmlp,,,,heavy_tail,2,4096,128,30,30,cosine,uniform,1,32,0,0.8333333730697632,0.8386666774749756,0.046381670981645584,0.9819399058859848,0.02,0.27666667103767395,0.765333354473114,0.8259999752044678,2528.0,1.0,651264,798720,24704,1.0,128.0,,,,
randmlp+signrff,rff,rff,bipolar,none,randmlp,"{""bw_select"": ""val""}",,,heavy_tail,2,4096,128,30,30,cosine,uniform,1,32,0,0.8475000262260437,0.840666651725769,0.018088750541210175,0.41389648451423816,0.037,0.19200000166893005,0.7726666331291199,0.7599999904632568,2544.0,32.0,651264,798720,24704,,,,,,
randmlp+learned,learned,learned,bipolar,none,randmlp,"{""epochs"": 60}",,,heavy_tail,2,4096,128,30,30,cosine,uniform,1,32,0,0.9100000262260437,0.8993332982063293,0.2217882126569748,0.5793112117362014,0.284,0.18066667020320892,0.7866666316986084,0.8946666717529297,2529.0,1.0,651520,798720,24704,,,,,,
ce+gauss,linear,gaussian,bipolar,none,ce,,,,heavy_tail,2,4096,128,30,30,cosine,uniform,1,32,0,0.934166669845581,0.9239999651908875,0.256798654794693,0.9944383027853245,0.202,0.921999990940094,0.9226666688919067,0.9206666350364685,2528.0,1.0,651264,798720,24704,1.0,128.0,,,,
ce+signrff,rff,rff,bipolar,none,ce,"{""bw_select"": ""val""}",,,heavy_tail,2,4096,128,30,30,cosine,uniform,1,32,0,0.9383333325386047,0.9246666431427002,0.15462005138397217,0.48491447726966713,0.031,0.9226666688919067,0.9166666865348816,0.921999990940094,2544.0,32.0,651264,798720,24704,,,,,,
ce+learned,learned,learned,bipolar,none,ce,"{""epochs"": 60}",,,heavy_tail,2,4096,128,30,30,cosine,uniform,1,32,0,0.9516667127609253,0.9393333196640015,0.3705725073814392,0.9298905645538367,0.325,0.937999963760376,0.9306666851043701,0.9433333277702332,2529.0,1.0,651520,798720,24704,,,,,,
supcon+gauss,linear,gaussian,bipolar,none,supcon,,,,heavy_tail,2,4096,128,30,30,cosine,uniform,1,32,0,0.9441666603088379,0.934666633605957,0.3196519613265991,0.9912118024868153,0.419,0.9333333373069763,0.9259999990463257,0.9326666593551636,2528.0,1.0,651264,798720,24704,1.0,128.0,,,,
supcon+signrff,rff,rff,bipolar,none,supcon,"{""bw_select"": ""val""}",,,heavy_tail,2,4096,128,30,30,cosine,uniform,1,32,0,0.9433333277702332,0.9333333373069763,0.19077712297439575,0.3849005720671669,0.026,0.9300000071525574,0.9286666512489319,0.9353333115577698,2544.0,32.0,651264,798720,24704,,,,,,
supcon+learned,learned,learned,bipolar,none,supcon,"{""epochs"": 60}",,,heavy_tail,2,4096,128,30,30,cosine,uniform,1,32,0,0.9466667175292969,0.9413332939147949,0.42832666635513306,0.9521112069948859,0.326,0.9340000152587891,0.934666633605957,0.9419999718666077,2529.0,1.0,651520,798720,24704,,,,,,
proxy+gauss,linear,gaussian,bipolar,none,proxy,,,,heavy_tail,2,4096,128,30,30,cosine,uniform,1,32,0,0.9399999976158142,0.9253333210945129,0.29088976979255676,0.9931205060690335,0.424,0.9173333048820496,0.918666660785675,0.9266666769981384,2528.0,1.0,651264,798720,24704,1.0,128.0,,,,
proxy+signrff,rff,rff,bipolar,none,proxy,"{""bw_select"": ""val""}",,,heavy_tail,2,4096,128,30,30,cosine,uniform,1,32,0,0.9366666674613953,0.9273332953453064,0.13769683241844177,0.42905731605240766,0.026,0.9206666350364685,0.9200000166893005,0.9279999732971191,2544.0,32.0,651264,798720,24704,,,,,,
proxy+learned,learned,learned,bipolar,none,proxy,"{""epochs"": 60}",,,heavy_tail,2,4096,128,30,30,cosine,uniform,1,32,0,0.9533333778381348,0.937999963760376,0.3850677013397217,0.9586972469034164,0.331,0.9286666512489319,0.9286666512489319,0.9386666417121887,2529.0,1.0,651520,798720,24704,,,,,,
arc+gauss,linear,gaussian,bipolar,none,arc,,,,heavy_tail,2,4096,128,30,30,cosine,uniform,1,32,0,0.9475000500679016,0.9319999814033508,0.3230704665184021,0.989855943091927,0.398,0.7639999985694885,0.921999990940094,0.9306666851043701,2528.0,1.0,651264,798720,24704,1.0,128.0,,,,
arc+signrff,rff,rff,bipolar,none,arc,"{""bw_select"": ""val""}",,,heavy_tail,2,4096,128,30,30,cosine,uniform,1,32,0,0.9391666650772095,0.9273332953453064,0.030059346929192543,0.3338487786651289,0.025,0.7639999985694885,0.9206666350364685,0.8786666393280029,2544.0,32.0,651264,798720,24704,,,,,,
arc+learned,learned,learned,bipolar,none,arc,"{""epochs"": 60}",,,heavy_tail,2,4096,128,30,30,cosine,uniform,1,32,0,0.9466667175292969,0.9340000152587891,0.4203631281852722,0.9655864533588296,0.287,0.7599999904632568,0.9273332953453064,0.934666633605957,2529.0,1.0,651520,798720,24704,,,,,,
cluster4+gauss,linear,gaussian,bipolar,none,clustered,,,,heavy_tail,2,4096,128,30,30,cosine,uniform,1,32,0,0.925000011920929,0.921999990940094,0.23828181624412537,0.9943684555292189,0.237,0.9179999828338623,0.9133332967758179,0.9200000166893005,2528.0,1.0,651264,53760,24704,1.0,128.0,,,,
cluster4+signrff,rff,rff,bipolar,none,clustered,"{""bw_select"": ""val""}",,,heavy_tail,2,4096,128,30,30,cosine,uniform,1,32,0,0.9258333444595337,0.9146666526794434,0.1808936893939972,0.48928274959957,0.042,0.9160000085830688,0.9120000004768372,0.9173333048820496,2544.0,32.0,651264,53760,24704,,,,,,
cluster4+learned,learned,learned,bipolar,none,clustered,"{""epochs"": 60}",,,heavy_tail,2,4096,128,30,30,cosine,uniform,1,32,0,0.9516667127609253,0.9413332939147949,0.3601943254470825,0.906847864237554,0.286,0.9386666417121887,0.9326666593551636,0.9386666417121887,2529.0,1.0,651520,53760,24704,,,,,,
cluster8+gauss,linear,gaussian,bipolar,none,clustered,,,,heavy_tail,2,4096,128,30,30,cosine,uniform,1,32,0,0.934166669845581,0.9246666431427002,0.2523694336414337,0.9944953935725005,0.21,0.9226666688919067,0.918666660785675,0.9213333129882812,2528.0,1.0,651264,78592,24704,1.0,128.0,,,,
cluster8+signrff,rff,rff,bipolar,none,clustered,"{""bw_select"": ""val""}",,,heavy_tail,2,4096,128,30,30,cosine,uniform,1,32,0,0.9316666722297668,0.921999990940094,0.21017077565193176,0.4900294228073468,0.041,0.9160000085830688,0.9126666784286499,0.9193333387374878,2544.0,32.0,651264,78592,24704,,,,,,
cluster8+learned,learned,learned,bipolar,none,clustered,"{""epochs"": 60}",,,heavy_tail,2,4096,128,30,30,cosine,uniform,1,32,0,0.9541667103767395,0.9386666417121887,0.3662719428539276,0.9203953001068674,0.282,0.9359999895095825,0.9253333210945129,0.9393333196640015,2529.0,1.0,651520,78592,24704,,,,,,
ce_wide+gauss,linear,gaussian,bipolar,none,ce,,,,heavy_tail,2,4096,128,30,30,cosine,uniform,1,32,0,0.9416666626930237,0.9326666593551636,0.27028533816337585,0.99425984311127,0.204,0.9259999990463257,0.9266666769981384,0.9293333292007446,2528.0,1.0,651264,1589248,49280,1.0,128.0,,,,
ce_wide+signrff,rff,rff,bipolar,none,ce,"{""bw_select"": ""val""}",,,heavy_tail,2,4096,128,30,30,cosine,uniform,1,32,0,0.9391666650772095,0.9306666851043701,0.18167361617088318,0.48295011814526195,0.03,0.9259999990463257,0.9206666350364685,0.9313333034515381,2544.0,32.0,651264,1589248,49280,,,,,,
ce_wide+learned,learned,learned,bipolar,none,ce,"{""epochs"": 60}",,,heavy_tail,2,4096,128,30,30,cosine,uniform,1,32,0,0.95250004529953,0.9440000057220459,0.37979841232299805,0.9385469508046502,0.288,0.9440000057220459,0.9393333196640015,0.9453333020210266,2529.0,1.0,651520,1589248,49280,,,,,,
ce_deep+gauss,linear,gaussian,bipolar,none,ce,,,,heavy_tail,2,4096,128,30,30,cosine,uniform,1,32,0,0.9141666889190674,0.9046666622161865,0.22461234033107758,0.995137750947914,0.226,0.9026666283607483,0.9013333320617676,0.9046666622161865,2528.0,1.0,651264,1327104,41088,1.0,128.0,,,,
ce_deep+signrff,rff,rff,bipolar,none,ce,"{""bw_select"": ""val""}",,,heavy_tail,2,4096,128,30,30,cosine,uniform,1,32,0,0.9175000190734863,0.8966666460037231,0.21792200207710266,0.527294267268715,0.026,0.8959999680519104,0.8886666297912598,0.8993332982063293,2544.0,32.0,651264,1327104,41088,,,,,,
ce_deep+learned,learned,learned,bipolar,none,ce,"{""epochs"": 60}",,,heavy_tail,2,4096,128,30,30,cosine,uniform,1,32,0,0.9325000047683716,0.9139999747276306,0.34664642810821533,0.9380573015815871,0.31,0.9126666784286499,0.9086666703224182,0.9153333306312561,2529.0,1.0,651520,1327104,41088,,,,,,
cotrain+gauss,linear,gaussian,bipolar,none,cotrain,,,,heavy_tail,2,4096,128,30,30,cosine,uniform,1,32,0,0.9500000476837158,0.9313333034515381,0.39576390385627747,0.9907492074387874,0.608,0.9266666769981384,0.9266666769981384,0.934666633605957,2528.0,1.0,651264,798720,24704,1.0,128.0,,,,
cotrain+signrff,rff,rff,bipolar,none,cotrain,"{""bw_select"": ""val""}",,,heavy_tail,2,4096,128,30,30,cosine,uniform,1,32,0,0.9500000476837158,0.9313333034515381,0.39576390385627747,0.9907492074387874,0.013,0.9266666769981384,0.9266666769981384,0.934666633605957,2528.0,1.0,651264,798720,24704,,,,,,
cotrain+learned,learned,learned,bipolar,none,cotrain,"{""epochs"": 60}",,,heavy_tail,2,4096,128,30,30,cosine,uniform,1,32,0,0.9500000476837158,0.9313333034515381,0.39576390385627747,0.9907492074387874,0.013,0.9266666769981384,0.9266666769981384,0.934666633605957,2528.0,1.0,651264,798720,24704,,,,,,
cotrain_learnP+gauss,linear,gaussian,bipolar,none,cotrain,,,,heavy_tail,2,4096,128,30,30,cosine,uniform,1,32,0,0.9475000500679016,0.9340000152587891,0.38992658257484436,0.9101233368501165,0.621,0.9259999990463257,0.9333333373069763,0.9353333115577698,2528.0,1.0,651264,798720,24704,1.0,128.0,,,,
cotrain_learnP+signrff,rff,rff,bipolar,none,cotrain,"{""bw_select"": ""val""}",,,heavy_tail,2,4096,128,30,30,cosine,uniform,1,32,0,0.9475000500679016,0.9340000152587891,0.38992658257484436,0.9101233368501165,0.013,0.9259999990463257,0.9333333373069763,0.9353333115577698,2528.0,1.0,651264,798720,24704,,,,,,
cotrain_learnP+learned,learned,learned,bipolar,none,cotrain,"{""epochs"": 60}",,,heavy_tail,2,4096,128,30,30,cosine,uniform,1,32,0,0.9475000500679016,0.9340000152587891,0.38992658257484436,0.9101233368501165,0.013,0.9259999990463257,0.9333333373069763,0.9353333115577698,2528.0,1.0,651264,798720,24704,,,,,,
raw+gauss,linear,gaussian,bipolar,none,raw,,,,shift,0,4096,64,30,30,cosine,uniform,1,32,0,0.996666669845581,0.9959999918937683,0.260096937417984,0.9832167550986861,0.019,0.9866666793823242,0.9833333492279053,0.9959999918937683,1504.0,1.0,389120,0,0,1.0,64.0,0.9286666512489319,0.15376679599285126,0.6466666460037231,0.4493333399295807
raw+signrff,rff,rff,bipolar,none,raw,"{""bw_select"": ""val""}",,,shift,0,4096,64,30,30,cosine,uniform,1,32,0,0.9983333349227905,0.9959999918937683,0.14013239741325378,0.6897213786702145,0.043,0.9900000095367432,0.9819999933242798,0.996666669845581,1520.0,32.0,389120,0,0,,,0.9393333196640015,0.07486691325902939,0.6119999885559082,0.17599999904632568
raw+learned,learned,learned,bipolar,none,raw,"{""epochs"": 60}",,,shift,0,4096,64,30,30,cosine,uniform,1,32,0,0.9983333349227905,0.996666669845581,0.422369122505188,0.7218628986878775,0.309,0.9873332977294922,0.984666645526886,0.996666669845581,1504.5,1.0,389248,0,0,,,0.9459999799728394,0.2473200261592865,0.6200000047683716,0.35999998450279236
randmlp+gauss,linear,gaussian,bipolar,none,randmlp,,,,shift,0,4096,128,30,30,cosine,uniform,1,32,0,0.9175000190734863,0.9246666431427002,0.08720507472753525,0.9830282989729923,0.026,0.4266666769981384,0.8880000114440918,0.918666660785675,2528.0,1.0,651264,798720,24704,1.0,128.0,0.7393333315849304,0.04235919564962387,0.4740000069141388,0.32199999690055847
randmlp+signrff,rff,rff,bipolar,none,randmlp,"{""bw_select"": ""val""}",,,shift,0,4096,128,30,30,cosine,uniform,1,32,0,0.9300000071525574,0.934666633605957,0.04284724220633507,0.590684077838516,0.028,0.3386666774749756,0.8833333253860474,0.9139999747276306,2544.0,32.0,651264,798720,24704,,,0.7486666440963745,0.02452145889401436,0.46799999475479126,0.31466665863990784
randmlp+learned,learned,learned,bipolar,none,randmlp,"{""epochs"": 60}",,,shift,0,4096,128,30,30,cosine,uniform,1,32,0,0.9766666889190674,0.9773333072662354,0.3219064176082611,0.5680035154501956,0.328,0.2759999930858612,0.8999999761581421,0.9766666293144226,2529.0,1.0,651520,798720,24704,,,0.825333297252655,0.16508863866329193,0.49133333563804626,0.29466667771339417
ce+gauss,linear,gaussian,bipolar,none,ce,,,,shift,0,4096,128,30,30,cosine,uniform,1,32,0,0.9900000095367432,0.9913333058357239,0.36349964141845703,0.9945332654283985,0.221,0.9906666278839111,0.9886666536331177,0.9906666278839111,2528.0,1.0,651264,798720,24704,1.0,128.0,0.8953333497047424,0.21509875357151031,0.5573333501815796,0.3199999928474426
ce+signrff,rff,rff,bipolar,none,ce,"{""bw_select"": ""val""}",,,shift,0,4096,128,30,30,cosine,uniform,1,32,0,0.9908333420753479,0.9900000095367432,0.40615493059158325,0.608161837151906,0.025,0.9900000095367432,0.9900000095367432,0.9906666278839111,2544.0,32.0,651264,798720,24704,,,0.8946666717529297,0.18823157250881195,0.4933333396911621,0.09066666662693024
ce+learned,learned,learned,bipolar,none,ce,"{""epochs"": 60}",,,shift,0,4096,128,30,30,cosine,uniform,1,32,0,0.9933333396911621,0.9926666617393494,0.5130201578140259,0.9293629395291357,0.327,0.9933333396911621,0.9913333058357239,0.9926666617393494,2529.0,1.0,651520,798720,24704,,,0.9319999814033508,0.32497847080230713,0.628000020980835,0.38999998569488525
supcon+gauss,linear,gaussian,bipolar,none,supcon,,,,shift,0,4096,128,30,30,cosine,uniform,1,32,0,0.9958333373069763,0.9946666359901428,0.462139755487442,0.9917206716304806,0.417,0.9973333477973938,0.996666669845581,0.9959999918937683,2528.0,1.0,651264,798720,24704,1.0,128.0,0.9466666579246521,0.29823794960975647,0.6693333387374878,0.4386666715145111
supcon+signrff,rff,rff,bipolar,none,supcon,"{""bw_select"": ""val""}",,,shift,0,4096,128,30,30,cosine,uniform,1,32,0,0.9975000023841858,0.9959999918937683,0.4778372347354889,0.4456853688763948,0.025,0.9973333477973938,0.9959999918937683,0.9959999918937683,2544.0,32.0,651264,798720,24704,,,0.9440000057220459,0.2186024934053421,0.5366666316986084,0.04866666719317436
supcon+learned,learned,learned,bipolar,none,supcon,"{""epochs"": 60}",,,shift,0,4096,128,30,30,cosine,uniform,1,32,0,0.9975000023841858,0.9953333139419556,0.5803074240684509,0.9237746497411593,0.327,0.9959999918937683,0.9926666617393494,0.9953333139419556,2529.0,1.0,651520,798720,24704,,,0.9293333292007446,0.3673079013824463,0.6333333253860474,0.38600000739097595
proxy+gauss,linear,gaussian,bipolar,none,proxy,,,,shift,0,4096,128,30,30,cosine,uniform,1,32,0,0.9925000071525574,0.9926666617393494,0.407067209482193,0.9931681222871495,0.39,0.9913333058357239,0.9906666278839111,0.9926666617393494,2528.0,1.0,651264,798720,24704,1.0,128.0,0.9126666784286499,0.240463986992836,0.5766666531562805,0.35199999809265137
proxy+signrff,rff,rff,bipolar,none,proxy,"{""bw_select"": ""val""}",,,shift,0,4096,128,30,30,cosine,uniform,1,32,0,0.9950000047683716,0.9919999837875366,0.22709394991397858,0.6899625896561169,0.033,0.9926666617393494,0.9940000176429749,0.9926666617393494,2544.0,32.0,651264,798720,24704,,,0.918666660785675,0.15387865900993347,0.6079999804496765,0.37466666102409363
proxy+learned,learned,learned,bipolar,none,proxy,"{""epochs"": 60}",,,shift,0,4096,128,30,30,cosine,uniform,1,32,0,0.9958333373069763,0.9946666359901428,0.5363194346427917,0.9430517914644371,0.294,0.9946666359901428,0.9913333058357239,0.9953333139419556,2529.0,1.0,651520,798720,24704,,,0.9300000071525574,0.33392390608787537,0.6286666393280029,0.39133334159851074
arc+gauss,linear,gaussian,bipolar,none,arc,,,,shift,0,4096,128,30,30,cosine,uniform,1,32,0,0.9950000047683716,0.9940000176429749,0.43267178535461426,0.9875927726998769,0.349,0.9266666769981384,0.9919999837875366,0.9946666359901428,2528.0,1.0,651264,798720,24704,1.0,128.0,0.9273332953453064,0.2567272484302521,0.6299999952316284,0.3793333172798157
arc+signrff,rff,rff,bipolar,none,arc,"{""bw_select"": ""val""}",,,shift,0,4096,128,30,30,cosine,uniform,1,32,0,0.9941666722297668,0.996666669845581,0.22556298971176147,0.5973981713835314,0.025,0.9126666784286499,0.9946666359901428,0.9953333139419556,2544.0,32.0,651264,798720,24704,,,0.9326666593551636,0.1499062329530716,0.6626666784286499,0.40533334016799927
arc+learned,learned,learned,bipolar,none,arc,"{""epochs"": 60}",,,shift,0,4096,128,30,30,cosine,uniform,1,32,0,0.9941666722297668,0.9946666359901428,0.5761715173721313,0.9464129122044432,0.275,0.9193333387374878,0.9933333396911621,0.9946666359901428,2529.0,1.0,651520,798720,24704,,,0.9326666593551636,0.35024788975715637,0.6660000085830688,0.41333332657814026
cluster4+gauss,linear,gaussian,bipolar,none,clustered,,,,shift,0,4096,128,30,30,cosine,uniform,1,32,0,0.9891666769981384,0.9879999756813049,0.3472534120082855,0.9943431620887517,0.196,0.9866666793823242,0.9839999675750732,0.9873332977294922,2528.0,1.0,651264,53760,24704,1.0,128.0,0.8953333497047424,0.20525357127189636,0.5893333554267883,0.36933332681655884
cluster4+signrff,rff,rff,bipolar,none,clustered,"{""bw_select"": ""val""}",,,shift,0,4096,128,30,30,cosine,uniform,1,32,0,0.9916666746139526,0.9913333058357239,0.3779274821281433,0.6605343937026501,0.025,0.9886666536331177,0.9866666793823242,0.9913333058357239,2544.0,32.0,651264,53760,24704,,,0.8980000019073486,0.1995369791984558,0.5793333053588867,0.2239999920129776
cluster4+learned,learned,learned,bipolar,none,clustered,"{""epochs"": 60}",,,shift,0,4096,128,30,30,cosine,uniform,1,32,0,0.9925000071525574,0.9933333396911621,0.5008690357208252,0.9189988395717602,0.285,0.9919999837875366,0.9919999837875366,0.9940000176429749,2529.0,1.0,651520,53760,24704,,,0.9200000166893005,0.31258445978164673,0.6386666893959045,0.41333332657814026
cluster8+gauss,linear,gaussian,bipolar,none,clustered,,,,shift,0,4096,128,30,30,cosine,uniform,1,32,0,0.9916666746139526,0.9919999837875366,0.3598932921886444,0.9944865902856669,0.234,0.9900000095367432,0.9900000095367432,0.9913333058357239,2528.0,1.0,651264,78592,24704,1.0,128.0,0.8893333077430725,0.20678108930587769,0.5326666831970215,0.28999999165534973
cluster8+signrff,rff,rff,bipolar,none,clustered,"{""bw_select"": ""val""}",,,shift,0,4096,128,30,30,cosine,uniform,1,32,0,0.9916666746139526,0.9919999837875366,0.40110334753990173,0.6274891793933177,0.04,0.9913333058357239,0.9886666536331177,0.9913333058357239,2544.0,32.0,651264,78592,24704,,,0.887333333492279,0.18728426098823547,0.49266666173934937,0.10066666454076767
cluster8+learned,learned,learned,bipolar,none,clustered,"{""epochs"": 60}",,,shift,0,4096,128,30,30,cosine,uniform,1,32,0,0.9933333396911621,0.9933333396911621,0.508865237236023,0.9286300826587179,0.289,0.9926666617393494,0.9919999837875366,0.9933333396911621,2529.0,1.0,651520,78592,24704,,,0.9293333292007446,0.3202926814556122,0.6240000128746033,0.3853333294391632
ce_wide+gauss,linear,gaussian,bipolar,none,ce,,,,shift,0,4096,128,30,30,cosine,uniform,1,32,0,0.9933333396911621,0.9919999837875366,0.36971625685691833,0.994940935705006,0.187,0.9919999837875366,0.9900000095367432,0.9906666278839111,2528.0,1.0,651264,1589248,49280,1.0,128.0,0.9020000100135803,0.22064046561717987,0.5820000171661377,0.3526666760444641
ce_wide+signrff,rff,rff,bipolar,none,ce,"{""bw_select"": ""val""}",,,shift,0,4096,128,30,30,cosine,uniform,1,32,0,0.9933333396911621,0.9926666617393494,0.3986171782016754,0.551099635640378,0.04,0.9913333058357239,0.9913333058357239,0.9913333058357239,2544.0,32.0,651264,1589248,49280,,,0.8999999761581421,0.167843297123909,0.47333332896232605,0.11400000005960464
ce_wide+learned,learned,learned,bipolar,none,ce,"{""epochs"": 60}",,,shift,0,4096,128,30,30,cosine,uniform,1,32,0,0.9950000047683716,0.9926666617393494,0.5162947177886963,0.9292976769310407,0.286,0.9953333139419556,0.9919999837875366,0.9926666617393494,2529.0,1.0,651520,1589248,49280,,,0.9319999814033508,0.32285869121551514,0.6420000195503235,0.4166666567325592
ce_deep+gauss,linear,gaussian,bipolar,none,ce,,,,shift,0,4096,128,30,30,cosine,uniform,1,32,0,0.9825000166893005,0.9793333411216736,0.31653091311454773,0.9955084190832179,0.23,0.9826666712760925,0.9806666374206543,0.9806666374206543,2528.0,1.0,651264,1327104,41088,1.0,128.0,0.8399999737739563,0.17516732215881348,0.5006666779518127,0.26733332872390747
ce_deep+signrff,rff,rff,bipolar,none,ce,"{""bw_select"": ""val""}",,,shift,0,4096,128,30,30,cosine,uniform,1,32,0,0.987500011920929,0.9786666631698608,0.4068787395954132,0.6242937209303218,0.025,0.9826666712760925,0.9779999852180481,0.9786666631698608,2544.0,32.0,651264,1327104,41088,,,0.8506666421890259,0.18068501353263855,0.4373333156108856,0.09933333098888397
ce_deep+learned,learned,learned,bipolar,none,ce,"{""epochs"": 60}",,,shift,0,4096,128,30,30,cosine,uniform,1,32,0,0.9908333420753479,0.9873332977294922,0.475874662399292,0.9346597976865396,0.327,0.9860000014305115,0.9866666793823242,0.9873332977294922,2529.0,1.0,651520,1327104,41088,,,0.8840000033378601,0.28184208273887634,0.5299999713897705,0.27533334493637085
cotrain+gauss,linear,gaussian,bipolar,none,cotrain,,,,shift,0,4096,128,30,30,cosine,uniform,1,32,0,0.9983333349227905,0.9953333139419556,0.5371531248092651,0.988398598587156,0.689,0.9940000176429749,0.9959999918937683,0.9953333139419556,2528.0,1.0,651264,798720,24704,1.0,128.0,0.9473333358764648,0.33674800395965576,0.6639999747276306,0.42533332109451294
cotrain+signrff,rff,rff,bipolar,none,cotrain,"{""bw_select"": ""val""}",,,shift,0,4096,128,30,30,cosine,uniform,1,32,0,0.9983333349227905,0.9953333139419556,0.5371531248092651,0.988398598587156,0.013,0.9940000176429749,0.9959999918937683,0.9953333139419556,2528.0,1.0,651264,798720,24704,,,0.9473333358764648,0.33674800395965576,0.6639999747276306,0.42533332109451294
cotrain+learned,learned,learned,bipolar,none,cotrain,"{""epochs"": 60}",,,shift,0,4096,128,30,30,cosine,uniform,1,32,0,0.9983333349227905,0.9953333139419556,0.5371531248092651,0.988398598587156,0.013,0.9940000176429749,0.9959999918937683,0.9953333139419556,2528.0,1.0,651264,798720,24704,,,0.9473333358764648,0.33674800395965576,0.6639999747276306,0.42533332109451294
cotrain_learnP+gauss,linear,gaussian,bipolar,none,cotrain,,,,shift,0,4096,128,30,30,cosine,uniform,1,32,0,0.9983333349227905,0.9933333396911621,0.4908507168292999,0.9463060741218194,0.707,0.9940000176429749,0.9933333396911621,0.9933333396911621,2528.0,1.0,651264,798720,24704,1.0,128.0,0.940666675567627,0.3073475956916809,0.6486666798591614,0.414000004529953
cotrain_learnP+signrff,rff,rff,bipolar,none,cotrain,"{""bw_select"": ""val""}",,,shift,0,4096,128,30,30,cosine,uniform,1,32,0,0.9983333349227905,0.9933333396911621,0.4908507168292999,0.9463060741218194,0.013,0.9940000176429749,0.9933333396911621,0.9933333396911621,2528.0,1.0,651264,798720,24704,,,0.940666675567627,0.3073475956916809,0.6486666798591614,0.414000004529953
cotrain_learnP+learned,learned,learned,bipolar,none,cotrain,"{""epochs"": 60}",,,shift,0,4096,128,30,30,cosine,uniform,1,32,0,0.9983333349227905,0.9933333396911621,0.4908507168292999,0.9463060741218194,0.013,0.9940000176429749,0.9933333396911621,0.9933333396911621,2528.0,1.0,651264,798720,24704,,,0.940666675567627,0.3073475956916809,0.6486666798591614,0.414000004529953
raw+gauss,linear,gaussian,bipolar,none,raw,,,,shift,1,4096,64,30,30,cosine,uniform,1,32,0,0.9991666674613953,0.996666669845581,0.2578774392604828,0.9828754963327289,0.019,0.9900000095367432,0.9793333411216736,0.9959999918937683,1504.0,1.0,389120,0,0,1.0,64.0,0.9473333358764648,0.15247175097465515,0.6613333225250244,0.30266666412353516
raw+signrff,rff,rff,bipolar,none,raw,"{""bw_select"": ""val""}",,,shift,1,4096,64,30,30,cosine,uniform,1,32,0,0.9983333349227905,0.996666669845581,0.14933224022388458,0.6197166665200514,0.039,0.9886666536331177,0.9786666631698608,0.9946666359901428,1520.0,32.0,389120,0,0,,,0.8946666717529297,0.0442611388862133,0.19733333587646484,0.041333332657814026
raw+learned,learned,learned,bipolar,none,raw,"{""epochs"": 60}",,,shift,1,4096,64,30,30,cosine,uniform,1,32,0,1.0,0.9973333477973938,0.42735740542411804,0.7323176411232912,0.303,0.9893333315849304,0.981333315372467,0.9979999661445618,1504.5,1.0,389248,0,0,,,0.9466666579246521,0.24972973763942719,0.6153333187103271,0.2633333206176758
randmlp+gauss,linear,gaussian,bipolar,none,randmlp,,,,shift,1,4096,128,30,30,cosine,uniform,1,32,0,0.9241666793823242,0.9206666350364685,0.07310067862272263,0.9814596913389961,0.027,0.4466666579246521,0.8840000033378601,0.9120000004768372,2528.0,1.0,651264,798720,24704,1.0,128.0,0.7619999647140503,0.03549167886376381,0.5333333015441895,0.3453333377838135
randmlp+signrff,rff,rff,bipolar,none,randmlp,"{""bw_select"": ""val""}",,,shift,1,4096,128,30,30,cosine,uniform,1,32,0,0.9300000071525574,0.9259999990463257,0.0458650216460228,0.6387432729323574,0.027,0.312666654586792,0.8786666393280029,0.9079999923706055,2544.0,32.0,651264,798720,24704,,,0.7639999985694885,0.023952005431056023,0.5059999823570251,0.2446666657924652
randmlp+learned,learned,learned,bipolar,none,randmlp,"{""epochs"": 60}",,,shift,1,4096,128,30,30,cosine,uniform,1,32,0,0.9866666793823242,0.9779999852180481,0.32572412490844727,0.5816117072251255,0.303,0.2840000092983246,0.8840000033378601,0.9766666293144226,2529.0,1.0,651520,798720,24704,,,0.862666666507721,0.18585367500782013,0.6386666893959045,0.4233333170413971
ce+gauss,linear,gaussian,bipolar,none,ce,,,,shift,1,4096,128,30,30,cosine,uniform,1,32,0,0.9925000071525574,0.9906666278839111,0.35429647564888,0.9945485320378389,0.195,0.9886666536331177,0.9866666793823242,0.9913333058357239,2528.0,1.0,651264,798720,24704,1.0,128.0,0.8953333497047424,0.20993676781654358,0.5686666369438171,0.281333327293396
ce+signrff,rff,rff,bipolar,none,ce,"{""bw_select"": ""val""}",,,shift,1,4096,128,30,30,cosine,uniform,1,32,0,0.9950000047683716,0.9913333058357239,0.4074373245239258,0.650160721320913,0.039,0.9893333315849304,0.9900000095367432,0.9926666617393494,2544.0,32.0,651264,798720,24704,,,0.8959999680519104,0.18906822800636292,0.5386666655540466,0.12733332812786102
ce+learned,learned,learned,bipolar,none,ce,"{""epochs"": 60}",,,shift,1,4096,128,30,30,cosine,uniform,1,32,0,0.9983333349227905,0.9933333396911621,0.5052438378334045,0.9302859991129745,0.28,0.9913333058357239,0.9913333058357239,0.9919999837875366,2529.0,1.0,651520,798720,24704,,,0.9046666622161865,0.30332157015800476,0.5393333435058594,0.24133333563804626
supcon+gauss,linear,gaussian,bipolar,none,supcon,,,,shift,1,4096,128,30,30,cosine,uniform,1,32,0,0.9991666674613953,0.996666669845581,0.46150246262550354,0.991707714170006,0.402,0.9926666617393494,0.9953333139419556,0.9953333139419556,2528.0,1.0,651264,798720,24704,1.0,128.0,0.9286666512489319,0.2930842638015747,0.637333333492279,0.3033333420753479
supcon+signrff,rff,rff,bipolar,none,supcon,"{""bw_select"": ""val""}",,,shift,1,4096,128,30,30,cosine,uniform,1,32,0,0.9991666674613953,0.9959999918937683,0.3025433421134949,0.1307309757462252,0.029,0.9493333101272583,0.9933333396911621,0.9973333477973938,2544.0,32.0,651264,798720,24704,,,0.8539999723434448,0.09140101820230484,0.17133332788944244,0.04466666653752327
supcon+learned,learned,learned,bipolar,none,supcon,"{""epochs"": 60}",,,shift,1,4096,128,30,30,cosine,uniform,1,32,0,0.9983333349227905,0.9959999918937683,0.5904277563095093,0.9328554413080167,0.279,0.9933333396911621,0.9946666359901428,0.9959999918937683,2529.0,1.0,651520,798720,24704,,,0.9253333210945129,0.3867034912109375,0.6539999842643738,0.3059999942779541
proxy+gauss,linear,gaussian,bipolar,none,proxy,,,,shift,1,4096,128,30,30,cosine,uniform,1,32,0,0.9983333349227905,0.9933333396911621,0.4012219309806824,0.9928023304244724,0.405,0.9893333315849304,0.9926666617393494,0.9926666617393494,2528.0,1.0,651264,798720,24704,1.0,128.0,0.9133332967758179,0.2457117885351181,0.5999999642372131,0.3199999928474426
proxy+signrff,rff,rff,bipolar,none,proxy,"{""bw_select"": ""val""}",,,shift,1,4096,128,30,30,cosine,uniform,1,32,0,0.9983333349227905,0.9933333396911621,0.412894070148468,0.5648871524531922,0.031,0.9886666536331177,0.9919999837875366,0.9926666617393494,2544.0,32.0,651264,798720,24704,,,0.9133332967758179,0.18960221111774445,0.5659999847412109,0.12200000137090683
proxy+learned,learned,learned,bipolar,none,proxy,"{""epochs"": 60}",,,shift,1,4096,128,30,30,cosine,uniform,1,32,0,0.9983333349227905,0.9933333396911621,0.531764030456543,0.9434559914967339,0.289,0.9879999756813049,0.9913333058357239,0.9926666617393494,2529.0,1.0,651520,798720,24704,,,0.9233333468437195,0.32669252157211304,0.5960000157356262,0.3086666762828827
arc+gauss,linear,gaussian,bipolar,none,arc,,,,shift,1,4096,128,30,30,cosine,uniform,1,32,0,0.9983333349227905,0.9946666359901428,0.43207836151123047,0.9874228766521498,0.376,0.9306666851043701,0.9933333396911621,0.9946666359901428,2528.0,1.0,651264,798720,24704,1.0,128.0,0.9279999732971191,0.2551758885383606,0.6140000224113464,0.3400000035762787
arc+signrff,rff,rff,bipolar,none,arc,"{""bw_select"": ""val""}",,,shift,1,4096,128,30,30,cosine,uniform,1,32,0,0.9983333349227905,0.9959999918937683,0.23019243776798248,0.6081806104687526,0.028,0.9239999651908875,0.9946666359901428,0.996666669845581,2544.0,32.0,651264,798720,24704,,,0.9286666512489319,0.14306369423866272,0.5986666679382324,0.3213333189487457
arc+learned,learned,learned,bipolar,none,arc,"{""epochs"": 60}",,,shift,1,4096,128,30,30,cosine,uniform,1,32,0,0.996666669845581,0.9946666359901428,0.5669850707054138,0.9470197442203121,0.335,0.9246666431427002,0.9940000176429749,0.9940000176429749,2529.0,1.0,651520,798720,24704,,,0.9300000071525574,0.33448049426078796,0.6306666731834412,0.35333332419395447
cluster4+gauss,linear,gaussian,bipolar,none,clustered,,,,shift,1,4096,128,30,30,cosine,uniform,1,32,0,0.9925000071525574,0.9866666793823242,0.3369270861148834,0.9944088858043527,0.235,0.9819999933242798,0.9839999675750732,0.9866666793823242,2528.0,1.0,651264,53760,24704,1.0,128.0,0.8880000114440918,0.19880937039852142,0.5460000038146973,0.2639999985694885
cluster4+signrff,rff,rff,bipolar,none,clustered,"{""bw_select"": ""val""}",,,shift,1,4096,128,30,30,cosine,uniform,1,32,0,0.9941666722297668,0.9873332977294922,0.31014761328697205,0.2777527816426768,0.025,0.9839999675750732,0.9866666793823242,0.9873332977294922,2544.0,32.0,651264,53760,24704,,,0.8560000061988831,0.09540321677923203,0.1886666715145111,0.025333333760499954
cluster4+learned,learned,learned,bipolar,none,clustered,"{""epochs"": 60}",,,shift,1,4096,128,30,30,cosine,uniform,1,32,0,0.9975000023841858,0.9913333058357239,0.49480825662612915,0.9219915488309228,0.327,0.9886666536331177,0.9886666536331177,0.9913333058357239,2529.0,1.0,651520,53760,24704,,,0.8939999938011169,0.2870078384876251,0.5080000162124634,0.1966666579246521
cluster8+gauss,linear,gaussian,bipolar,none,clustered,,,,shift,1,4096,128,30,30,cosine,uniform,1,32,0,0.9933333396911621,0.9900000095367432,0.3506403863430023,0.9944261205060103,0.244,0.9873332977294922,0.9873332977294922,0.9886666536331177,2528.0,1.0,651264,78592,24704,1.0,128.0,0.9006666541099548,0.20856286585330963,0.5866666436195374,0.2980000078678131
cluster8+signrff,rff,rff,bipolar,none,clustered,"{""bw_select"": ""val""}",,,shift,1,4096,128,30,30,cosine,uniform,1,32,0,0.9950000047683716,0.9886666536331177,0.2725689113140106,0.1840480389161461,0.025,0.9793333411216736,0.9839999675750732,0.9886666536331177,2544.0,32.0,651264,78592,24704,,,0.8106666803359985,0.07537542283535004,0.13599999248981476,0.029333332553505898
cluster8+learned,learned,learned,bipolar,none,clustered,"{""epochs"": 60}",,,shift,1,4096,128,30,30,cosine,uniform,1,32,0,0.9983333349227905,0.9926666617393494,0.5026987791061401,0.9287798913722412,0.327,0.9900000095367432,0.9913333058357239,0.9926666617393494,2529.0,1.0,651520,78592,24704,,,0.9099999666213989,0.3057495355606079,0.5633333325386047,0.2526666522026062
ce_wide+gauss,linear,gaussian,bipolar,none,ce,,,,shift,1,4096,128,30,30,cosine,uniform,1,32,0,0.9933333396911621,0.9913333058357239,0.3716035485267639,0.9946110776526795,0.223,0.9906666278839111,0.9893333315849304,0.9906666278839111,2528.0,1.0,651264,1589248,49280,1.0,128.0,0.8999999761581421,0.21948471665382385,0.5653333067893982,0.2459999918937683
ce_wide+signrff,rff,rff,bipolar,none,ce,"{""bw_select"": ""val""}",,,shift,1,4096,128,30,30,cosine,uniform,1,32,0,0.9958333373069763,0.9926666617393494,0.4072471559047699,0.5797840475178075,0.025,0.9879999756813049,0.9900000095367432,0.9933333396911621,2544.0,32.0,651264,1589248,49280,,,0.8986666798591614,0.18069326877593994,0.5046666860580444,0.09466666728258133
ce_wide+learned,learned,learned,bipolar,none,ce,"{""epochs"": 60}",,,shift,1,4096,128,30,30,cosine,uniform,1,32,0,0.9950000047683716,0.9926666617393494,0.507197916507721,0.9341047985088534,0.327,0.9906666278839111,0.9933333396911621,0.9926666617393494,2529.0,1.0,651520,1589248,49280,,,0.9053333401679993,0.29506853222846985,0.5419999957084656,0.22599999606609344
ce_deep+gauss,linear,gaussian,bipolar,none,ce,,,,shift,1,4096,128,30,30,cosine,uniform,1,32,0,0.9850000143051147,0.9793333411216736,0.3063413202762604,0.9963939726081773,0.223,0.9753333330154419,0.9726666808128357,0.9786666631698608,2528.0,1.0,651264,1327104,41088,1.0,128.0,0.8286666870117188,0.1625322848558426,0.515333354473114,0.2633333206176758
ce_deep+signrff,rff,rff,bipolar,none,ce,"{""bw_select"": ""val""}",,,shift,1,4096,128,30,30,cosine,uniform,1,32,0,0.9833333492279053,0.9839999675750732,0.32387474179267883,0.2414128682458575,0.025,0.9826666712760925,0.972000002861023,0.9819999933242798,2544.0,32.0,651264,1327104,41088,,,0.793999969959259,0.09683103114366531,0.20733332633972168,0.036666665226221085
ce_deep+learned,learned,learned,bipolar,none,ce,"{""epochs"": 60}",,,shift,1,4096,128,30,30,cosine,uniform,1,32,0,0.9958333373069763,0.9866666793823242,0.46615901589393616,0.9324597862435778,0.282,0.9866666793823242,0.9826666712760925,0.9873332977294922,2529.0,1.0,651520,1327104,41088,,,0.8693333268165588,0.27104759216308594,0.5673333406448364,0.28599998354911804
cotrain+gauss,linear,gaussian,bipolar,none,cotrain,,,,shift,1,4096,128,30,30,cosine,uniform,1,32,0,0.9991666674613953,0.996666669845581,0.5577000379562378,0.9873032282513169,0.591,0.9940000176429749,0.996666669845581,0.996666669845581,2528.0,1.0,651264,798720,24704,1.0,128.0,0.9113333225250244,0.3328992426395416,0.5666666626930237,0.2706666588783264
cotrain+signrff,rff,rff,bipolar,none,cotrain,"{""bw_select"": ""val""}",,,shift,1,4096,128,30,30,cosine,uniform,1,32,0,0.9991666674613953,0.996666669845581,0.5577000379562378,0.9873032282513169,0.013,0.9940000176429749,0.996666669845581,0.996666669845581,2528.0,1.0,651264,798720,24704,,,0.9113333225250244,0.3328992426395416,0.5666666626930237,0.2706666588783264
cotrain+learned,learned,learned,bipolar,none,cotrain,"{""epochs"": 60}",,,shift,1,4096,128,30,30,cosine,uniform,1,32,0,0.9991666674613953,0.996666669845581,0.5577000379562378,0.9873032282513169,0.013,0.9940000176429749,0.996666669845581,0.996666669845581,2528.0,1.0,651264,798720,24704,,,0.9113333225250244,0.3328992426395416,0.5666666626930237,0.2706666588783264
cotrain_learnP+gauss,linear,gaussian,bipolar,none,cotrain,,,,shift,1,4096,128,30,30,cosine,uniform,1,32,0,1.0,0.9959999918937683,0.523500382900238,0.9550190932081538,0.621,0.9946666359901428,0.9959999918937683,0.996666669845581,2528.0,1.0,651264,798720,24704,1.0,128.0,0.9139999747276306,0.3199610114097595,0.5646666884422302,0.26466667652130127
cotrain_learnP+signrff,rff,rff,bipolar,none,cotrain,"{""bw_select"": ""val""}",,,shift,1,4096,128,30,30,cosine,uniform,1,32,0,1.0,0.9959999918937683,0.523500382900238,0.9550190932081538,0.013,0.9946666359901428,0.9959999918937683,0.996666669845581,2528.0,1.0,651264,798720,24704,,,0.9139999747276306,0.3199610114097595,0.5646666884422302,0.26466667652130127
cotrain_learnP+learned,learned,learned,bipolar,none,cotrain,"{""epochs"": 60}",,,shift,1,4096,128,30,30,cosine,uniform,1,32,0,1.0,0.9959999918937683,0.523500382900238,0.9550190932081538,0.013,0.9946666359901428,0.9959999918937683,0.996666669845581,2528.0,1.0,651264,798720,24704,,,0.9139999747276306,0.3199610114097595,0.5646666884422302,0.26466667652130127
raw+gauss,linear,gaussian,bipolar,none,raw,,,,shift,2,4096,64,30,30,cosine,uniform,1,32,0,0.9975000023841858,0.9973333477973938,0.25736841559410095,0.982928383725162,0.019,0.9886666536331177,0.9913333058357239,0.9973333477973938,1504.0,1.0,389120,0,0,1.0,64.0,0.9539999961853027,0.16176192462444305,0.762666642665863,0.4886666536331177
raw+signrff,rff,rff,bipolar,none,raw,"{""bw_select"": ""val""}",,,shift,2,4096,64,30,30,cosine,uniform,1,32,0,0.9991666674613953,0.9946666359901428,0.147195965051651,0.6186398573425952,0.037,0.9853333234786987,0.9819999933242798,0.9946666359901428,1520.0,32.0,389120,0,0,,,0.9246666431427002,0.04932467266917229,0.28200000524520874,0.0573333315551281
raw+learned,learned,learned,bipolar,none,raw,"{""epochs"": 60}",,,shift,2,4096,64,30,30,cosine,uniform,1,32,0,0.9991666674613953,0.996666669845581,0.41594767570495605,0.7312956203827194,0.297,0.9873332977294922,0.9886666536331177,0.9973333477973938,1504.5,1.0,389248,0,0,,,0.9353333115577698,0.24746443331241608,0.6493332982063293,0.39666667580604553
randmlp+gauss,linear,gaussian,bipolar,none,randmlp,,,,shift,2,4096,128,30,30,cosine,uniform,1,32,0,0.9258333444595337,0.9226666688919067,0.0877181813120842,0.9830690195957829,0.02,0.4286666512489319,0.8926666378974915,0.9239999651908875,2528.0,1.0,651264,798720,24704,1.0,128.0,0.7273333072662354,0.03470493480563164,0.39133334159851074,0.2226666659116745
randmlp+signrff,rff,rff,bipolar,none,randmlp,"{""bw_select"": ""val""}",,,shift,2,4096,128,30,30,cosine,uniform,1,32,0,0.9391666650772095,0.9366666674613953,0.04612091928720474,0.6684750533789448,0.043,0.34599998593330383,0.8946666717529297,0.9139999747276306,2544.0,32.0,651264,798720,24704,,,0.7319999933242798,0.0206022746860981,0.4153333306312561,0.24333332479000092
randmlp+learned,learned,learned,bipolar,none,randmlp,"{""epochs"": 60}",,,shift,2,4096,128,30,30,cosine,uniform,1,32,0,0.9808333516120911,0.9773333072662354,0.32750287652015686,0.5937833966397115,0.293,0.2693333327770233,0.918666660785675,0.9779999852180481,2529.0,1.0,651520,798720,24704,,,0.8446666598320007,0.1749461591243744,0.5113333463668823,0.3153333365917206
ce+gauss,linear,gaussian,bipolar,none,ce,,,,shift,2,4096,128,30,30,cosine,uniform,1,32,0,0.9933333396911621,0.9953333139419556,0.3504582345485687,0.9949024181533344,0.187,0.9940000176429749,0.9919999837875366,0.9953333139419556,2528.0,1.0,651264,798720,24704,1.0,128.0,0.9106666445732117,0.22216881811618805,0.612666666507721,0.42399999499320984
ce+signrff,rff,rff,bipolar,none,ce,"{""bw_select"": ""val""}",,,shift,2,4096,128,30,30,cosine,uniform,1,32,0,0.9958333373069763,0.9946666359901428,0.4084332585334778,0.6638398224032948,0.035,0.9913333058357239,0.9933333396911621,0.9946666359901428,2544.0,32.0,651264,798720,24704,,,0.9106666445732117,0.20971208810806274,0.5733333230018616,0.1626666635274887
ce+learned,learned,learned,bipolar,none,ce,"{""epochs"": 60}",,,shift,2,4096,128,30,30,cosine,uniform,1,32,0,0.9975000023841858,0.9979999661445618,0.49404677748680115,0.9257821822136146,0.286,0.9953333139419556,0.9959999918937683,0.9979999661445618,2529.0,1.0,651520,798720,24704,,,0.9120000004768372,0.3063274323940277,0.6066666841506958,0.3973333239555359
supcon+gauss,linear,gaussian,bipolar,none,supcon,,,,shift,2,4096,128,30,30,cosine,uniform,1,32,0,0.9983333349227905,0.996666669845581,0.45256590843200684,0.9925124808503812,0.38,0.9959999918937683,0.996666669845581,0.996666669845581,2528.0,1.0,651264,798720,24704,1.0,128.0,0.9353333115577698,0.29597073793411255,0.6473333239555359,0.38999998569488525
supcon+signrff,rff,rff,bipolar,none,supcon,"{""bw_select"": ""val""}",,,shift,2,4096,128,30,30,cosine,uniform,1,32,0,0.9983333349227905,0.9973333477973938,0.4505636692047119,0.6905723530889574,0.029,0.9959999918937683,0.9973333477973938,0.9973333477973938,2544.0,32.0,651264,798720,24704,,,0.934666633605957,0.2822071611881256,0.6473333239555359,0.3726666569709778
supcon+learned,learned,learned,bipolar,none,supcon,"{""epochs"": 60}",,,shift,2,4096,128,30,30,cosine,uniform,1,32,0,0.9958333373069763,0.9973333477973938,0.5458251237869263,0.9132703035881474,0.286,0.9946666359901428,0.9953333139419556,0.9973333477973938,2529.0,1.0,651520,798720,24704,,,0.9246666431427002,0.3535696268081665,0.628000020980835,0.3633333146572113
proxy+gauss,linear,gaussian,bipolar,none,proxy,,,,shift,2,4096,128,30,30,cosine,uniform,1,32,0,0.9975000023841858,0.9946666359901428,0.39718562364578247,0.9941384995157501,0.383,0.9940000176429749,0.9946666359901428,0.9946666359901428,2528.0,1.0,651264,798720,24704,1.0,128.0,0.9259999990463257,0.25802549719810486,0.6146666407585144,0.3493333160877228
proxy+signrff,rff,rff,bipolar,none,proxy,"{""bw_select"": ""val""}",,,shift,2,4096,128,30,30,cosine,uniform,1,32,0,0.9983333349227905,0.9940000176429749,0.4114566147327423,0.5736610124944846,0.025,0.9933333396911621,0.9953333139419556,0.9940000176429749,2544.0,32.0,651264,798720,24704,,,0.9266666769981384,0.20425689220428467,0.5659999847412109,0.11933333426713943
proxy+learned,learned,learned,bipolar,none,proxy,"{""epochs"": 60}",,,shift,2,4096,128,30,30,cosine,uniform,1,32,0,0.996666669845581,0.9953333139419556,0.517045795917511,0.9524377517662674,0.293,0.9940000176429749,0.9946666359901428,0.9953333139419556,2529.0,1.0,651520,798720,24704,,,0.9139999747276306,0.31796735525131226,0.5733333230018616,0.304666668176651
arc+gauss,linear,gaussian,bipolar,none,arc,,,,shift,2,4096,128,30,30,cosine,uniform,1,32,0,0.9975000023841858,0.996666669845581,0.42660993337631226,0.9879111029351044,0.357,0.9153333306312561,0.9946666359901428,0.996666669845581,2528.0,1.0,651264,798720,24704,1.0,128.0,0.921999990940094,0.2585682272911072,0.6146666407585144,0.343999981880188
arc+signrff,rff,rff,bipolar,none,arc,"{""bw_select"": ""val""}",,,shift,2,4096,128,30,30,cosine,uniform,1,32,0,0.9983333349227905,0.9973333477973938,0.23095832765102386,0.6059750721163636,0.04,0.9200000166893005,0.9940000176429749,0.996666669845581,2544.0,32.0,651264,798720,24704,,,0.9239999651908875,0.1482594609260559,0.6106666326522827,0.35333332419395447
arc+learned,learned,learned,bipolar,none,arc,"{""epochs"": 60}",,,shift,2,4096,128,30,30,cosine,uniform,1,32,0,0.9975000023841858,0.996666669845581,0.5539368987083435,0.9467731575417232,0.279,0.918666660785675,0.9940000176429749,0.9973333477973938,2529.0,1.0,651520,798720,24704,,,0.9099999666213989,0.3263663053512573,0.6113333106040955,0.35466665029525757
cluster4+gauss,linear,gaussian,bipolar,none,clustered,,,,shift,2,4096,128,30,30,cosine,uniform,1,32,0,0.9900000095367432,0.9919999837875366,0.3322930335998535,0.994996897093894,0.2,0.9926666617393494,0.9893333315849304,0.9926666617393494,2528.0,1.0,651264,53760,24704,1.0,128.0,0.9133332967758179,0.21451057493686676,0.6293333172798157,0.4373333156108856
cluster4+signrff,rff,rff,bipolar,none,clustered,"{""bw_select"": ""val""}",,,shift,2,4096,128,30,30,cosine,uniform,1,32,0,0.9900000095367432,0.9926666617393494,0.18772561848163605,0.7698920845546432,0.041,0.9933333396911621,0.9919999837875366,0.9926666617393494,2544.0,32.0,651264,53760,24704,,,0.9139999747276306,0.13055600225925446,0.6240000128746033,0.42533332109451294
cluster4+learned,learned,learned,bipolar,none,clustered,"{""epochs"": 60}",,,shift,2,4096,128,30,30,cosine,uniform,1,32,0,0.9958333373069763,0.9959999918937683,0.48839038610458374,0.9051817939054383,0.283,0.9940000176429749,0.9940000176429749,0.9953333139419556,2529.0,1.0,651520,53760,24704,,,0.9173333048820496,0.3064135015010834,0.6259999871253967,0.42533332109451294
cluster8+gauss,linear,gaussian,bipolar,none,clustered,,,,shift,2,4096,128,30,30,cosine,uniform,1,32,0,0.9933333396911621,0.9940000176429749,0.34545621275901794,0.9950630240911399,0.241,0.9933333396911621,0.9913333058357239,0.9940000176429749,2528.0,1.0,651264,78592,24704,1.0,128.0,0.9099999666213989,0.21690905094146729,0.6046666502952576,0.4046666622161865
cluster8+signrff,rff,rff,bipolar,none,clustered,"{""bw_select"": ""val""}",,,shift,2,4096,128,30,30,cosine,uniform,1,32,0,0.9958333373069763,0.9946666359901428,0.4021436274051666,0.6913741923681505,0.025,0.9933333396911621,0.9933333396911621,0.9946666359901428,2544.0,32.0,651264,78592,24704,,,0.9086666703224182,0.20963126420974731,0.5706666707992554,0.18066667020320892
cluster8+learned,learned,learned,bipolar,none,clustered,"{""epochs"": 60}",,,shift,2,4096,128,30,30,cosine,uniform,1,32,0,0.9983333349227905,0.9973333477973938,0.49550861120224,0.9163365769052476,0.279,0.996666669845581,0.9959999918937683,0.9973333477973938,2529.0,1.0,651520,78592,24704,,,0.9120000004768372,0.3079516291618347,0.6206666827201843,0.4033333361148834
ce_wide+gauss,linear,gaussian,bipolar,none,ce,,,,shift,2,4096,128,30,30,cosine,uniform,1,32,0,0.9958333373069763,0.9940000176429749,0.36851415038108826,0.9950269563453149,0.193,0.9906666278839111,0.9919999837875366,0.9940000176429749,2528.0,1.0,651264,1589248,49280,1.0,128.0,0.9300000071525574,0.24247094988822937,0.6613333225250244,0.4673333168029785
ce_wide+signrff,rff,rff,bipolar,none,ce,"{""bw_select"": ""val""}",,,shift,2,4096,128,30,30,cosine,uniform,1,32,0,0.996666669845581,0.9933333396911621,0.3810182213783264,0.7565674142620756,0.025,0.9913333058357239,0.9919999837875366,0.9933333396911621,2544.0,32.0,651264,1589248,49280,,,0.9273332953453064,0.23167173564434052,0.6660000085830688,0.4346666634082794
ce_wide+learned,learned,learned,bipolar,none,ce,"{""epochs"": 60}",,,shift,2,4096,128,30,30,cosine,uniform,1,32,0,0.9958333373069763,0.996666669845581,0.5092633962631226,0.9248849427152751,0.293,0.9940000176429749,0.9953333139419556,0.996666669845581,2529.0,1.0,651520,1589248,49280,,,0.9286666512489319,0.32217177748680115,0.6459999680519104,0.4373333156108856
ce_deep+gauss,linear,gaussian,bipolar,none,ce,,,,shift,2,4096,128,30,30,cosine,uniform,1,32,0,0.9850000143051147,0.9746666550636292,0.3027436435222626,0.9962034320297694,0.225,0.9746666550636292,0.9726666808128357,0.9753333330154419,2528.0,1.0,651264,1327104,41088,1.0,128.0,0.8560000061988831,0.18248331546783447,0.5533333420753479,0.33133333921432495
ce_deep+signrff,rff,rff,bipolar,none,ce,"{""bw_select"": ""val""}",,,shift,2,4096,128,30,30,cosine,uniform,1,32,0,0.9883333444595337,0.9753333330154419,0.3661101460456848,0.8166325409084638,0.03,0.9760000109672546,0.9753333330154419,0.9760000109672546,2544.0,32.0,651264,1327104,41088,,,0.8673333525657654,0.2166251540184021,0.5659999847412109,0.3246666491031647
ce_deep+learned,learned,learned,bipolar,none,ce,"{""epochs"": 60}",,,shift,2,4096,128,30,30,cosine,uniform,1,32,0,0.9883333444595337,0.9879999756813049,0.4591112434864044,0.9277644612784325,0.286,0.9866666793823242,0.9833333492279053,0.9893333315849304,2529.0,1.0,651520,1327104,41088,,,0.871999979019165,0.26954200863838196,0.5146666765213013,0.26733332872390747
cotrain+gauss,linear,gaussian,bipolar,none,cotrain,,,,shift,2,4096,128,30,30,cosine,uniform,1,32,0,0.9975000023841858,0.9959999918937683,0.5337355136871338,0.9875422488606976,0.606,0.9933333396911621,0.996666669845581,0.9959999918937683,2528.0,1.0,651264,798720,24704,1.0,128.0,0.937333345413208,0.34481292963027954,0.6420000195503235,0.33533331751823425
cotrain+signrff,rff,rff,bipolar,none,cotrain,"{""bw_select"": ""val""}",,,shift,2,4096,128,30,30,cosine,uniform,1,32,0,0.9975000023841858,0.9959999918937683,0.5337355136871338,0.9875422488606976,0.013,0.9933333396911621,0.996666669845581,0.9959999918937683,2528.0,1.0,651264,798720,24704,,,0.937333345413208,0.34481292963027954,0.6420000195503235,0.33533331751823425
cotrain+learned,learned,learned,bipolar,none,cotrain,"{""epochs"": 60}",,,shift,2,4096,128,30,30,cosine,uniform,1,32,0,0.9975000023841858,0.9959999918937683,0.5337355136871338,0.9875422488606976,0.013,0.9933333396911621,0.996666669845581,0.9959999918937683,2528.0,1.0,651264,798720,24704,,,0.937333345413208,0.34481292963027954,0.6420000195503235,0.33533331751823425
cotrain_learnP+gauss,linear,gaussian,bipolar,none,cotrain,,,,shift,2,4096,128,30,30,cosine,uniform,1,32,0,0.996666669845581,0.9959999918937683,0.4960133731365204,0.9511038392287654,0.613,0.9926666617393494,0.9953333139419556,0.9959999918937683,2528.0,1.0,651264,798720,24704,1.0,128.0,0.9193333387374878,0.30773746967315674,0.5793333053588867,0.27000001072883606
cotrain_learnP+signrff,rff,rff,bipolar,none,cotrain,"{""bw_select"": ""val""}",,,shift,2,4096,128,30,30,cosine,uniform,1,32,0,0.996666669845581,0.9959999918937683,0.4960133731365204,0.9511038392287654,0.013,0.9926666617393494,0.9953333139419556,0.9959999918937683,2528.0,1.0,651264,798720,24704,,,0.9193333387374878,0.30773746967315674,0.5793333053588867,0.27000001072883606
cotrain_learnP+learned,learned,learned,bipolar,none,cotrain,"{""epochs"": 60}",,,shift,2,4096,128,30,30,cosine,uniform,1,32,0,0.996666669845581,0.9959999918937683,0.4960133731365204,0.9511038392287654,0.013,0.9926666617393494,0.9953333139419556,0.9959999918937683,2528.0,1.0,651264,798720,24704,,,0.9193333387374878,0.30773746967315674,0.5793333053588867,0.27000001072883606
