spec,family,rp,out,preproc,extractor,params,spec_sim,codec,task,seed,dim,F,C,epochs,sim,weight,multi,proto_bits,quant_train,val_acc,id_acc,margin_id,geom_fid,fit_s,mem_kb,vec_bits,ops_per_query,ext_bits,ext_ops,rp_density,rp_rank,proj,acc_shift_6,margin_ood,acc_shift_12,acc_shift_18,nmi,ari,auroc
gauss|fp32,linear,gaussian,bipolar,none,raw,,,fp32,fine,0,256,64,30,30,cosine,uniform,1,32,0,0.5616666674613953,0.5619999766349792,0.00877720583230257,0.8148260380545594,0.245,94.0,1.0,24320,0,0,1.0,64.0,gauss,,,,,,,
gauss|int4,linear,gaussian,bipolar,none,raw,,,int4,fine,0,256,64,30,30,cosine,uniform,1,32,0,0.5616666674613953,0.5619999766349792,0.00877720583230257,0.8148260380545594,0.026,94.0,4.0,24576,0,0,,,gauss,,,,,,,
gauss|ternary,linear,gaussian,bipolar,none,raw,,,ternary,fine,0,256,64,30,30,cosine,uniform,1,32,0,0.5616666674613953,0.5619999766349792,0.00877720583230257,0.8148260380545594,0.01,94.0,2.0,24576,0,0,,,gauss,,,,,,,
gauss|bipolar,linear,gaussian,bipolar,none,raw,,,bipolar,fine,0,256,64,30,30,cosine,uniform,1,32,0,0.5616666674613953,0.5619999766349792,0.00877720583230257,0.8148260380545594,0.008,94.0,1.0,24576,0,0,,,gauss,,,,,,,
signrff|fp32,rff,rff,real,none,raw,"{""bw_scale"": 1.0}",,fp32,fine,0,256,64,30,30,cosine,uniform,1,32,0,0.4933333396911621,0.49266666173934937,-0.010582060553133488,0.5868774272191383,0.036,95.0,32.0,24320,0,0,,,signrff,,,,,,,
signrff|int4,rff,rff,real,none,raw,"{""bw_scale"": 1.0}",,int4,fine,0,256,64,30,30,cosine,uniform,1,32,0,0.4858333468437195,0.49000000953674316,-0.023258956149220467,0.586174520344522,0.033,95.0,4.0,24576,0,0,,,signrff,,,,,,,
signrff|ternary,rff,rff,real,none,raw,"{""bw_scale"": 1.0}",,ternary,fine,0,256,64,30,30,cosine,uniform,1,32,0,0.44083333015441895,0.45266667008399963,-0.03096991404891014,0.5463562049196069,0.033,95.0,2.0,24576,0,0,,,signrff,,,,,,,
signrff|bipolar,rff,rff,real,none,raw,"{""bw_scale"": 1.0}",,bipolar,fine,0,256,64,30,30,cosine,uniform,1,32,0,0.35916668176651,0.34466665983200073,-0.11046002060174942,0.49255964813821884,0.032,95.0,1.0,24576,0,0,,,signrff,,,,,,,
fpe_b1|fp32,fpe,fpe,bipolar,none,raw,"{""bw_scale"": 0.25, ""phase_bits"": 1}",,fp32,fine,0,256,64,30,30,cosine,uniform,1,32,0,0.1274999976158142,0.12333333492279053,-0.021655192598700523,0.0024403540863149518,0.032,94.03,1.0,24320,0,0,,,fpe_b1,,,,,,,
fpe_b1|int4,fpe,fpe,bipolar,none,raw,"{""bw_scale"": 0.25, ""phase_bits"": 1}",,int4,fine,0,256,64,30,30,cosine,uniform,1,32,0,0.1274999976158142,0.12333333492279053,-0.021655192598700523,0.0024403540863149518,0.032,94.03,4.0,24576,0,0,,,fpe_b1,,,,,,,
fpe_b1|ternary,fpe,fpe,bipolar,none,raw,"{""bw_scale"": 0.25, ""phase_bits"": 1}",,ternary,fine,0,256,64,30,30,cosine,uniform,1,32,0,0.1274999976158142,0.12333333492279053,-0.021655192598700523,0.0024403540863149518,0.033,94.03,2.0,24576,0,0,,,fpe_b1,,,,,,,
fpe_b1|bipolar,fpe,fpe,bipolar,none,raw,"{""bw_scale"": 0.25, ""phase_bits"": 1}",,bipolar,fine,0,256,64,30,30,cosine,uniform,1,32,0,0.1274999976158142,0.12333333492279053,-0.021655192598700523,0.0024403540863149518,0.032,94.03,1.0,24576,0,0,,,fpe_b1,,,,,,,
learned|fp32,learned,learned,bipolar,none,raw,"{""epochs"": 60}",,fp32,fine,0,256,64,30,30,cosine,uniform,1,32,0,0.7075000405311584,0.6980000138282776,0.07489822059869766,0.6267509245606379,0.645,94.5,1.0,24448,0,0,,,learned,,,,,,,
learned|int4,learned,learned,bipolar,none,raw,"{""epochs"": 60}",,int4,fine,0,256,64,30,30,cosine,uniform,1,32,0,0.7075000405311584,0.6980000138282776,0.07489822059869766,0.6267509245606379,0.259,94.5,4.0,24704,0,0,,,learned,,,,,,,
learned|ternary,learned,learned,bipolar,none,raw,"{""epochs"": 60}",,ternary,fine,0,256,64,30,30,cosine,uniform,1,32,0,0.7075000405311584,0.6980000138282776,0.07489822059869766,0.6267509245606379,0.256,94.5,2.0,24704,0,0,,,learned,,,,,,,
learned|bipolar,learned,learned,bipolar,none,raw,"{""epochs"": 60}",,bipolar,fine,0,256,64,30,30,cosine,uniform,1,32,0,0.7075000405311584,0.6980000138282776,0.07489822059869766,0.6267509245606379,0.259,94.5,1.0,24704,0,0,,,learned,,,,,,,
gauss|fp32,linear,gaussian,bipolar,none,raw,,,fp32,fine,0,1024,64,30,30,cosine,uniform,1,32,0,0.7008333206176758,0.6959999799728394,0.0404355563223362,0.9384927333913473,0.011,376.0,1.0,97280,0,0,1.0,64.0,gauss,,,,,,,
gauss|int4,linear,gaussian,bipolar,none,raw,,,int4,fine,0,1024,64,30,30,cosine,uniform,1,32,0,0.7008333206176758,0.6959999799728394,0.0404355563223362,0.9384927333913473,0.01,376.0,4.0,98304,0,0,,,gauss,,,,,,,
gauss|ternary,linear,gaussian,bipolar,none,raw,,,ternary,fine,0,1024,64,30,30,cosine,uniform,1,32,0,0.7008333206176758,0.6959999799728394,0.0404355563223362,0.9384927333913473,0.013,376.0,2.0,98304,0,0,,,gauss,,,,,,,
gauss|bipolar,linear,gaussian,bipolar,none,raw,,,bipolar,fine,0,1024,64,30,30,cosine,uniform,1,32,0,0.7008333206176758,0.6959999799728394,0.0404355563223362,0.9384927333913473,0.009,376.0,1.0,98304,0,0,,,gauss,,,,,,,
signrff|fp32,rff,rff,real,none,raw,"{""bw_scale"": 1.0}",,fp32,fine,0,1024,64,30,30,cosine,uniform,1,32,0,0.7100000381469727,0.6899999976158142,0.007400943897664547,0.6680543725613959,0.034,380.0,32.0,97280,0,0,,,signrff,,,,,,,
signrff|int4,rff,rff,real,none,raw,"{""bw_scale"": 1.0}",,int4,fine,0,1024,64,30,30,cosine,uniform,1,32,0,0.7050000429153442,0.6913333535194397,0.007470204494893551,0.6670748692320587,0.034,380.0,4.0,98304,0,0,,,signrff,,,,,,,
signrff|ternary,rff,rff,real,none,raw,"{""bw_scale"": 1.0}",,ternary,fine,0,1024,64,30,30,cosine,uniform,1,32,0,0.7141667008399963,0.6913333535194397,0.007405248004943132,0.6472774402742767,0.036,380.0,2.0,98304,0,0,,,signrff,,,,,,,
signrff|bipolar,rff,rff,real,none,raw,"{""bw_scale"": 1.0}",,bipolar,fine,0,1024,64,30,30,cosine,uniform,1,32,0,0.6700000166893005,0.6646666526794434,0.006587986368685961,0.6289462425361816,0.032,380.0,1.0,98304,0,0,,,signrff,,,,,,,
fpe_b1|fp32,fpe,fpe,bipolar,none,raw,"{""bw_scale"": 0.25, ""phase_bits"": 1}",,fp32,fine,0,1024,64,30,30,cosine,uniform,1,32,0,0.23666667938232422,0.2786666750907898,-0.007144138216972351,0.0036039096822823823,0.032,376.12,1.0,97280,0,0,,,fpe_b1,,,,,,,
fpe_b1|int4,fpe,fpe,bipolar,none,raw,"{""bw_scale"": 0.25, ""phase_bits"": 1}",,int4,fine,0,1024,64,30,30,cosine,uniform,1,32,0,0.23666667938232422,0.2786666750907898,-0.007144138216972351,0.0036039096822823823,0.033,376.12,4.0,98304,0,0,,,fpe_b1,,,,,,,
fpe_b1|ternary,fpe,fpe,bipolar,none,raw,"{""bw_scale"": 0.25, ""phase_bits"": 1}",,ternary,fine,0,1024,64,30,30,cosine,uniform,1,32,0,0.23666667938232422,0.2786666750907898,-0.007144138216972351,0.0036039096822823823,0.036,376.12,2.0,98304,0,0,,,fpe_b1,,,,,,,
fpe_b1|bipolar,fpe,fpe,bipolar,none,raw,"{""bw_scale"": 0.25, ""phase_bits"": 1}",,bipolar,fine,0,1024,64,30,30,cosine,uniform,1,32,0,0.23666667938232422,0.2786666750907898,-0.007144138216972351,0.0036039096822823823,0.032,376.12,1.0,98304,0,0,,,fpe_b1,,,,,,,
learned|fp32,learned,learned,bipolar,none,raw,"{""epochs"": 60}",,fp32,fine,0,1024,64,30,30,cosine,uniform,1,32,0,0.7266666889190674,0.7120000123977661,0.08079048246145248,0.6872848720327202,0.304,376.5,1.0,97408,0,0,,,learned,,,,,,,
learned|int4,learned,learned,bipolar,none,raw,"{""epochs"": 60}",,int4,fine,0,1024,64,30,30,cosine,uniform,1,32,0,0.7266666889190674,0.7120000123977661,0.08079048246145248,0.6872848720327202,0.306,376.5,4.0,98432,0,0,,,learned,,,,,,,
learned|ternary,learned,learned,bipolar,none,raw,"{""epochs"": 60}",,ternary,fine,0,1024,64,30,30,cosine,uniform,1,32,0,0.7266666889190674,0.7120000123977661,0.08079048246145248,0.6872848720327202,0.309,376.5,2.0,98432,0,0,,,learned,,,,,,,
learned|bipolar,learned,learned,bipolar,none,raw,"{""epochs"": 60}",,bipolar,fine,0,1024,64,30,30,cosine,uniform,1,32,0,0.7266666889190674,0.7120000123977661,0.08079048246145248,0.6872848720327202,0.304,376.5,1.0,98432,0,0,,,learned,,,,,,,
gauss|fp32,linear,gaussian,bipolar,none,raw,,,fp32,fine,0,4096,64,30,30,cosine,uniform,1,32,0,0.7233333587646484,0.7133333086967468,0.04650498926639557,0.9832824817403812,0.017,1504.0,1.0,389120,0,0,1.0,64.0,gauss,,,,,,,
gauss|int4,linear,gaussian,bipolar,none,raw,,,int4,fine,0,4096,64,30,30,cosine,uniform,1,32,0,0.7233333587646484,0.7133333086967468,0.04650498926639557,0.9832824817403812,0.031,1504.0,4.0,393216,0,0,,,gauss,,,,,,,
gauss|ternary,linear,gaussian,bipolar,none,raw,,,ternary,fine,0,4096,64,30,30,cosine,uniform,1,32,0,0.7233333587646484,0.7133333086967468,0.04650498926639557,0.9832824817403812,0.048,1504.0,2.0,393216,0,0,,,gauss,,,,,,,
gauss|bipolar,linear,gaussian,bipolar,none,raw,,,bipolar,fine,0,4096,64,30,30,cosine,uniform,1,32,0,0.7233333587646484,0.7133333086967468,0.04650498926639557,0.9832824817403812,0.018,1504.0,1.0,393216,0,0,,,gauss,,,,,,,
signrff|fp32,rff,rff,real,none,raw,"{""bw_scale"": 1.0}",,fp32,fine,0,4096,64,30,30,cosine,uniform,1,32,0,0.7041667103767395,0.6946666836738586,0.008011087775230408,0.6881166234693237,0.04,1520.0,32.0,389120,0,0,,,signrff,,,,,,,
signrff|int4,rff,rff,real,none,raw,"{""bw_scale"": 1.0}",,int4,fine,0,4096,64,30,30,cosine,uniform,1,32,0,0.7116667032241821,0.684666633605957,0.007974164560437202,0.687854976851274,0.054,1520.0,4.0,393216,0,0,,,signrff,,,,,,,
signrff|ternary,rff,rff,real,none,raw,"{""bw_scale"": 1.0}",,ternary,fine,0,4096,64,30,30,cosine,uniform,1,32,0,0.7133333683013916,0.6993333101272583,0.008492061868309975,0.6814424183660468,0.074,1520.0,2.0,393216,0,0,,,signrff,,,,,,,
signrff|bipolar,rff,rff,real,none,raw,"{""bw_scale"": 1.0}",,bipolar,fine,0,4096,64,30,30,cosine,uniform,1,32,0,0.721666693687439,0.7020000219345093,0.008494431152939796,0.6772444470143592,0.04,1520.0,1.0,393216,0,0,,,signrff,,,,,,,
fpe_b1|fp32,fpe,fpe,bipolar,none,raw,"{""bw_scale"": 0.25, ""phase_bits"": 1}",,fp32,fine,0,4096,64,30,30,cosine,uniform,1,32,0,0.4866666793823242,0.5173333287239075,0.0007018423057161272,0.0032500694254692553,0.038,1504.5,1.0,389120,0,0,,,fpe_b1,,,,,,,
fpe_b1|int4,fpe,fpe,bipolar,none,raw,"{""bw_scale"": 0.25, ""phase_bits"": 1}",,int4,fine,0,4096,64,30,30,cosine,uniform,1,32,0,0.4866666793823242,0.5173333287239075,0.0007018423057161272,0.0032500694254692553,0.052,1504.5,4.0,393216,0,0,,,fpe_b1,,,,,,,
fpe_b1|ternary,fpe,fpe,bipolar,none,raw,"{""bw_scale"": 0.25, ""phase_bits"": 1}",,ternary,fine,0,4096,64,30,30,cosine,uniform,1,32,0,0.4866666793823242,0.5173333287239075,0.0007018423057161272,0.0032500694254692553,0.07,1504.5,2.0,393216,0,0,,,fpe_b1,,,,,,,
fpe_b1|bipolar,fpe,fpe,bipolar,none,raw,"{""bw_scale"": 0.25, ""phase_bits"": 1}",,bipolar,fine,0,4096,64,30,30,cosine,uniform,1,32,0,0.4866666793823242,0.5173333287239075,0.0007018423057161272,0.0032500694254692553,0.04,1504.5,1.0,393216,0,0,,,fpe_b1,,,,,,,
learned|fp32,learned,learned,bipolar,none,raw,"{""epochs"": 60}",,fp32,fine,0,4096,64,30,30,cosine,uniform,1,32,0,0.7391666769981384,0.7113333344459534,0.0823928639292717,0.7049262393499617,0.313,1504.5,1.0,389248,0,0,,,learned,,,,,,,
learned|int4,learned,learned,bipolar,none,raw,"{""epochs"": 60}",,int4,fine,0,4096,64,30,30,cosine,uniform,1,32,0,0.7391666769981384,0.7113333344459534,0.0823928639292717,0.7049262393499617,0.288,1504.5,4.0,393344,0,0,,,learned,,,,,,,
learned|ternary,learned,learned,bipolar,none,raw,"{""epochs"": 60}",,ternary,fine,0,4096,64,30,30,cosine,uniform,1,32,0,0.7391666769981384,0.7113333344459534,0.0823928639292717,0.7049262393499617,0.308,1504.5,2.0,393344,0,0,,,learned,,,,,,,
learned|bipolar,learned,learned,bipolar,none,raw,"{""epochs"": 60}",,bipolar,fine,0,4096,64,30,30,cosine,uniform,1,32,0,0.7391666769981384,0.7113333344459534,0.0823928639292717,0.7049262393499617,0.279,1504.5,1.0,393344,0,0,,,learned,,,,,,,
gauss|fp32,linear,gaussian,bipolar,none,raw,,,fp32,fine,1,256,64,30,30,cosine,uniform,1,32,0,0.5875000357627869,0.5740000009536743,0.007285405416041613,0.8011670131034484,0.009,94.0,1.0,24320,0,0,1.0,64.0,gauss,,,,,,,
gauss|int4,linear,gaussian,bipolar,none,raw,,,int4,fine,1,256,64,30,30,cosine,uniform,1,32,0,0.5875000357627869,0.5740000009536743,0.007285405416041613,0.8011670131034484,0.009,94.0,4.0,24576,0,0,,,gauss,,,,,,,
gauss|ternary,linear,gaussian,bipolar,none,raw,,,ternary,fine,1,256,64,30,30,cosine,uniform,1,32,0,0.5875000357627869,0.5740000009536743,0.007285405416041613,0.8011670131034484,0.01,94.0,2.0,24576,0,0,,,gauss,,,,,,,
gauss|bipolar,linear,gaussian,bipolar,none,raw,,,bipolar,fine,1,256,64,30,30,cosine,uniform,1,32,0,0.5875000357627869,0.5740000009536743,0.007285405416041613,0.8011670131034484,0.009,94.0,1.0,24576,0,0,,,gauss,,,,,,,
signrff|fp32,rff,rff,real,none,raw,"{""bw_scale"": 1.0}",,fp32,fine,1,256,64,30,30,cosine,uniform,1,32,0,0.5316666960716248,0.5346666574478149,-0.005585108883678913,0.6015480201117281,0.026,95.0,32.0,24320,0,0,,,signrff,,,,,,,
signrff|int4,rff,rff,real,none,raw,"{""bw_scale"": 1.0}",,int4,fine,1,256,64,30,30,cosine,uniform,1,32,0,0.5316666960716248,0.5339999794960022,-0.002781770657747984,0.6018005030148579,0.025,95.0,4.0,24576,0,0,,,signrff,,,,,,,
signrff|ternary,rff,rff,real,none,raw,"{""bw_scale"": 1.0}",,ternary,fine,1,256,64,30,30,cosine,uniform,1,32,0,0.4466666877269745,0.44999998807907104,-0.045512016862630844,0.5622935646182019,0.026,95.0,2.0,24576,0,0,,,signrff,,,,,,,
signrff|bipolar,rff,rff,real,none,raw,"{""bw_scale"": 1.0}",,bipolar,fine,1,256,64,30,30,cosine,uniform,1,32,0,0.3933333456516266,0.3840000033378601,-0.07542364299297333,0.4997952546283184,0.024,95.0,1.0,24576,0,0,,,signrff,,,,,,,
fpe_b1|fp32,fpe,fpe,bipolar,none,raw,"{""bw_scale"": 0.25, ""phase_bits"": 1}",,fp32,fine,1,256,64,30,30,cosine,uniform,1,32,0,0.12083333730697632,0.11733333021402359,-0.021379221230745316,0.0003757380213265686,0.025,94.03,1.0,24320,0,0,,,fpe_b1,,,,,,,
fpe_b1|int4,fpe,fpe,bipolar,none,raw,"{""bw_scale"": 0.25, ""phase_bits"": 1}",,int4,fine,1,256,64,30,30,cosine,uniform,1,32,0,0.12083333730697632,0.11733333021402359,-0.021379221230745316,0.0003757380213265686,0.025,94.03,4.0,24576,0,0,,,fpe_b1,,,,,,,
fpe_b1|ternary,fpe,fpe,bipolar,none,raw,"{""bw_scale"": 0.25, ""phase_bits"": 1}",,ternary,fine,1,256,64,30,30,cosine,uniform,1,32,0,0.12083333730697632,0.11733333021402359,-0.021379221230745316,0.0003757380213265686,0.026,94.03,2.0,24576,0,0,,,fpe_b1,,,,,,,
fpe_b1|bipolar,fpe,fpe,bipolar,none,raw,"{""bw_scale"": 0.25, ""phase_bits"": 1}",,bipolar,fine,1,256,64,30,30,cosine,uniform,1,32,0,0.12083333730697632,0.11733333021402359,-0.021379221230745316,0.0003757380213265686,0.025,94.03,1.0,24576,0,0,,,fpe_b1,,,,,,,
learned|fp32,learned,learned,bipolar,none,raw,"{""epochs"": 60}",,fp32,fine,1,256,64,30,30,cosine,uniform,1,32,0,0.7008333206176758,0.7160000205039978,0.07920211553573608,0.6402833458649343,0.306,94.5,1.0,24448,0,0,,,learned,,,,,,,
learned|int4,learned,learned,bipolar,none,raw,"{""epochs"": 60}",,int4,fine,1,256,64,30,30,cosine,uniform,1,32,0,0.7008333206176758,0.7160000205039978,0.07920211553573608,0.6402833458649343,0.283,94.5,4.0,24704,0,0,,,learned,,,,,,,
learned|ternary,learned,learned,bipolar,none,raw,"{""epochs"": 60}",,ternary,fine,1,256,64,30,30,cosine,uniform,1,32,0,0.7008333206176758,0.7160000205039978,0.07920211553573608,0.6402833458649343,0.258,94.5,2.0,24704,0,0,,,learned,,,,,,,
learned|bipolar,learned,learned,bipolar,none,raw,"{""epochs"": 60}",,bipolar,fine,1,256,64,30,30,cosine,uniform,1,32,0,0.7008333206176758,0.7160000205039978,0.07920211553573608,0.6402833458649343,0.265,94.5,1.0,24704,0,0,,,learned,,,,,,,
gauss|fp32,linear,gaussian,bipolar,none,raw,,,fp32,fine,1,1024,64,30,30,cosine,uniform,1,32,0,0.6866666674613953,0.6893333196640015,0.039852213114500046,0.9336790201664159,0.008,376.0,1.0,97280,0,0,1.0,64.0,gauss,,,,,,,
gauss|int4,linear,gaussian,bipolar,none,raw,,,int4,fine,1,1024,64,30,30,cosine,uniform,1,32,0,0.6866666674613953,0.6893333196640015,0.039852213114500046,0.9336790201664159,0.009,376.0,4.0,98304,0,0,,,gauss,,,,,,,
gauss|ternary,linear,gaussian,bipolar,none,raw,,,ternary,fine,1,1024,64,30,30,cosine,uniform,1,32,0,0.6866666674613953,0.6893333196640015,0.039852213114500046,0.9336790201664159,0.012,376.0,2.0,98304,0,0,,,gauss,,,,,,,
gauss|bipolar,linear,gaussian,bipolar,none,raw,,,bipolar,fine,1,1024,64,30,30,cosine,uniform,1,32,0,0.6866666674613953,0.6893333196640015,0.039852213114500046,0.9336790201664159,0.009,376.0,1.0,98304,0,0,,,gauss,,,,,,,
signrff|fp32,rff,rff,real,none,raw,"{""bw_scale"": 1.0}",,fp32,fine,1,1024,64,30,30,cosine,uniform,1,32,0,0.699999988079071,0.699999988079071,0.007028593681752682,0.6602771461229091,0.025,380.0,32.0,97280,0,0,,,signrff,,,,,,,
signrff|int4,rff,rff,real,none,raw,"{""bw_scale"": 1.0}",,int4,fine,1,1024,64,30,30,cosine,uniform,1,32,0,0.6991666555404663,0.7099999785423279,0.007079960312694311,0.6600306807971177,0.026,380.0,4.0,98304,0,0,,,signrff,,,,,,,
signrff|ternary,rff,rff,real,none,raw,"{""bw_scale"": 1.0}",,ternary,fine,1,1024,64,30,30,cosine,uniform,1,32,0,0.6958333253860474,0.6926666498184204,0.007114351727068424,0.6463772782638436,0.029,380.0,2.0,98304,0,0,,,signrff,,,,,,,
signrff|bipolar,rff,rff,real,none,raw,"{""bw_scale"": 1.0}",,bipolar,fine,1,1024,64,30,30,cosine,uniform,1,32,0,0.6958333253860474,0.6739999651908875,0.006012805737555027,0.6176604766627173,0.024,380.0,1.0,98304,0,0,,,signrff,,,,,,,
fpe_b1|fp32,fpe,fpe,bipolar,none,raw,"{""bw_scale"": 0.25, ""phase_bits"": 1}",,fp32,fine,1,1024,64,30,30,cosine,uniform,1,32,0,0.2866666615009308,0.2666666507720947,-0.007052632048726082,-0.0018458276643222888,0.026,376.12,1.0,97280,0,0,,,fpe_b1,,,,,,,
fpe_b1|int4,fpe,fpe,bipolar,none,raw,"{""bw_scale"": 0.25, ""phase_bits"": 1}",,int4,fine,1,1024,64,30,30,cosine,uniform,1,32,0,0.2866666615009308,0.2666666507720947,-0.007052632048726082,-0.0018458276643222888,0.027,376.12,4.0,98304,0,0,,,fpe_b1,,,,,,,
fpe_b1|ternary,fpe,fpe,bipolar,none,raw,"{""bw_scale"": 0.25, ""phase_bits"": 1}",,ternary,fine,1,1024,64,30,30,cosine,uniform,1,32,0,0.2866666615009308,0.2666666507720947,-0.007052632048726082,-0.0018458276643222888,0.03,376.12,2.0,98304,0,0,,,fpe_b1,,,,,,,
fpe_b1|bipolar,fpe,fpe,bipolar,none,raw,"{""bw_scale"": 0.25, ""phase_bits"": 1}",,bipolar,fine,1,1024,64,30,30,cosine,uniform,1,32,0,0.2866666615009308,0.2666666507720947,-0.007052632048726082,-0.0018458276643222888,0.026,376.12,1.0,98304,0,0,,,fpe_b1,,,,,,,
learned|fp32,learned,learned,bipolar,none,raw,"{""epochs"": 60}",,fp32,fine,1,1024,64,30,30,cosine,uniform,1,32,0,0.7308333516120911,0.7453333139419556,0.08516594022512436,0.6925503263287973,0.278,376.5,1.0,97408,0,0,,,learned,,,,,,,
learned|int4,learned,learned,bipolar,none,raw,"{""epochs"": 60}",,int4,fine,1,1024,64,30,30,cosine,uniform,1,32,0,0.7308333516120911,0.7453333139419556,0.08516594022512436,0.6925503263287973,0.268,376.5,4.0,98432,0,0,,,learned,,,,,,,
learned|ternary,learned,learned,bipolar,none,raw,"{""epochs"": 60}",,ternary,fine,1,1024,64,30,30,cosine,uniform,1,32,0,0.7308333516120911,0.7453333139419556,0.08516594022512436,0.6925503263287973,0.268,376.5,2.0,98432,0,0,,,learned,,,,,,,
learned|bipolar,learned,learned,bipolar,none,raw,"{""epochs"": 60}",,bipolar,fine,1,1024,64,30,30,cosine,uniform,1,32,0,0.7308333516120911,0.7453333139419556,0.08516594022512436,0.6925503263287973,0.306,376.5,1.0,98432,0,0,,,learned,,,,,,,
gauss|fp32,linear,gaussian,bipolar,none,raw,,,fp32,fine,1,4096,64,30,30,cosine,uniform,1,32,0,0.7266666889190674,0.7253333330154419,0.0467531643807888,0.9826924739446199,0.017,1504.0,1.0,389120,0,0,1.0,64.0,gauss,,,,,,,
gauss|int4,linear,gaussian,bipolar,none,raw,,,int4,fine,1,4096,64,30,30,cosine,uniform,1,32,0,0.7266666889190674,0.7253333330154419,0.0467531643807888,0.9826924739446199,0.03,1504.0,4.0,393216,0,0,,,gauss,,,,,,,
gauss|ternary,linear,gaussian,bipolar,none,raw,,,ternary,fine,1,4096,64,30,30,cosine,uniform,1,32,0,0.7266666889190674,0.7253333330154419,0.0467531643807888,0.9826924739446199,0.047,1504.0,2.0,393216,0,0,,,gauss,,,,,,,
gauss|bipolar,linear,gaussian,bipolar,none,raw,,,bipolar,fine,1,4096,64,30,30,cosine,uniform,1,32,0,0.7266666889190674,0.7253333330154419,0.0467531643807888,0.9826924739446199,0.017,1504.0,1.0,393216,0,0,,,gauss,,,,,,,
signrff|fp32,rff,rff,real,none,raw,"{""bw_scale"": 1.0}",,fp32,fine,1,4096,64,30,30,cosine,uniform,1,32,0,0.7175000309944153,0.7139999866485596,0.008040783926844597,0.6815425284052163,0.033,1520.0,32.0,389120,0,0,,,signrff,,,,,,,
signrff|int4,rff,rff,real,none,raw,"{""bw_scale"": 1.0}",,int4,fine,1,4096,64,30,30,cosine,uniform,1,32,0,0.7166666984558105,0.7160000205039978,0.00819659885019064,0.6814944004012148,0.047,1520.0,4.0,393216,0,0,,,signrff,,,,,,,
signrff|ternary,rff,rff,real,none,raw,"{""bw_scale"": 1.0}",,ternary,fine,1,4096,64,30,30,cosine,uniform,1,32,0,0.7258333563804626,0.7306666374206543,0.0086170993745327,0.676559055734077,0.067,1520.0,2.0,393216,0,0,,,signrff,,,,,,,
signrff|bipolar,rff,rff,real,none,raw,"{""bw_scale"": 1.0}",,bipolar,fine,1,4096,64,30,30,cosine,uniform,1,32,0,0.7291666865348816,0.7306666374206543,0.008495383895933628,0.6622015135025975,0.033,1520.0,1.0,393216,0,0,,,signrff,,,,,,,
fpe_b1|fp32,fpe,fpe,bipolar,none,raw,"{""bw_scale"": 0.25, ""phase_bits"": 1}",,fp32,fine,1,4096,64,30,30,cosine,uniform,1,32,0,0.5133333206176758,0.49133333563804626,0.000575441459659487,0.0005950615246801343,0.031,1504.5,1.0,389120,0,0,,,fpe_b1,,,,,,,
fpe_b1|int4,fpe,fpe,bipolar,none,raw,"{""bw_scale"": 0.25, ""phase_bits"": 1}",,int4,fine,1,4096,64,30,30,cosine,uniform,1,32,0,0.5133333206176758,0.49133333563804626,0.000575441459659487,0.0005950615246801343,0.046,1504.5,4.0,393216,0,0,,,fpe_b1,,,,,,,
fpe_b1|ternary,fpe,fpe,bipolar,none,raw,"{""bw_scale"": 0.25, ""phase_bits"": 1}",,ternary,fine,1,4096,64,30,30,cosine,uniform,1,32,0,0.5133333206176758,0.49133333563804626,0.000575441459659487,0.0005950615246801343,0.063,1504.5,2.0,393216,0,0,,,fpe_b1,,,,,,,
fpe_b1|bipolar,fpe,fpe,bipolar,none,raw,"{""bw_scale"": 0.25, ""phase_bits"": 1}",,bipolar,fine,1,4096,64,30,30,cosine,uniform,1,32,0,0.5133333206176758,0.49133333563804626,0.000575441459659487,0.0005950615246801343,0.033,1504.5,1.0,393216,0,0,,,fpe_b1,,,,,,,
learned|fp32,learned,learned,bipolar,none,raw,"{""epochs"": 60}",,fp32,fine,1,4096,64,30,30,cosine,uniform,1,32,0,0.7391666769981384,0.7513332962989807,0.08601566404104233,0.7076524867570744,0.287,1504.5,1.0,389248,0,0,,,learned,,,,,,,
learned|int4,learned,learned,bipolar,none,raw,"{""epochs"": 60}",,int4,fine,1,4096,64,30,30,cosine,uniform,1,32,0,0.7391666769981384,0.7513332962989807,0.08601566404104233,0.7076524867570744,0.293,1504.5,4.0,393344,0,0,,,learned,,,,,,,
learned|ternary,learned,learned,bipolar,none,raw,"{""epochs"": 60}",,ternary,fine,1,4096,64,30,30,cosine,uniform,1,32,0,0.7391666769981384,0.7513332962989807,0.08601566404104233,0.7076524867570744,0.35,1504.5,2.0,393344,0,0,,,learned,,,,,,,
learned|bipolar,learned,learned,bipolar,none,raw,"{""epochs"": 60}",,bipolar,fine,1,4096,64,30,30,cosine,uniform,1,32,0,0.7391666769981384,0.7513332962989807,0.08601566404104233,0.7076524867570744,0.296,1504.5,1.0,393344,0,0,,,learned,,,,,,,
gauss|fp32,linear,gaussian,bipolar,none,raw,,,fp32,fine,2,256,64,30,30,cosine,uniform,1,32,0,0.5541666746139526,0.5766666531562805,0.011466782540082932,0.7991271638301248,0.011,94.0,1.0,24320,0,0,1.0,64.0,gauss,,,,,,,
gauss|int4,linear,gaussian,bipolar,none,raw,,,int4,fine,2,256,64,30,30,cosine,uniform,1,32,0,0.5541666746139526,0.5766666531562805,0.011466782540082932,0.7991271638301248,0.009,94.0,4.0,24576,0,0,,,gauss,,,,,,,
gauss|ternary,linear,gaussian,bipolar,none,raw,,,ternary,fine,2,256,64,30,30,cosine,uniform,1,32,0,0.5541666746139526,0.5766666531562805,0.011466782540082932,0.7991271638301248,0.01,94.0,2.0,24576,0,0,,,gauss,,,,,,,
gauss|bipolar,linear,gaussian,bipolar,none,raw,,,bipolar,fine,2,256,64,30,30,cosine,uniform,1,32,0,0.5541666746139526,0.5766666531562805,0.011466782540082932,0.7991271638301248,0.009,94.0,1.0,24576,0,0,,,gauss,,,,,,,
signrff|fp32,rff,rff,real,none,raw,"{""bw_scale"": 1.0}",,fp32,fine,2,256,64,30,30,cosine,uniform,1,32,0,0.5300000309944153,0.5433333516120911,-0.0043145776726305485,0.597098712450098,0.032,95.0,32.0,24320,0,0,,,signrff,,,,,,,
signrff|int4,rff,rff,real,none,raw,"{""bw_scale"": 1.0}",,int4,fine,2,256,64,30,30,cosine,uniform,1,32,0,0.5416666865348816,0.5426666736602783,-0.002909525763243437,0.5969429748596837,0.033,95.0,4.0,24576,0,0,,,signrff,,,,,,,
signrff|ternary,rff,rff,real,none,raw,"{""bw_scale"": 1.0}",,ternary,fine,2,256,64,30,30,cosine,uniform,1,32,0,0.40833333134651184,0.414000004529953,-0.06031504273414612,0.5682086159897766,0.034,95.0,2.0,24576,0,0,,,signrff,,,,,,,
signrff|bipolar,rff,rff,real,none,raw,"{""bw_scale"": 1.0}",,bipolar,fine,2,256,64,30,30,cosine,uniform,1,32,0,0.38333335518836975,0.39399999380111694,-0.025722136721014977,0.503373435994097,0.032,95.0,1.0,24576,0,0,,,signrff,,,,,,,
fpe_b1|fp32,fpe,fpe,bipolar,none,raw,"{""bw_scale"": 0.25, ""phase_bits"": 1}",,fp32,fine,2,256,64,30,30,cosine,uniform,1,32,0,0.11166667193174362,0.10999999940395355,-0.022078311070799828,0.001984136101067412,0.032,94.03,1.0,24320,0,0,,,fpe_b1,,,,,,,
fpe_b1|int4,fpe,fpe,bipolar,none,raw,"{""bw_scale"": 0.25, ""phase_bits"": 1}",,int4,fine,2,256,64,30,30,cosine,uniform,1,32,0,0.11166667193174362,0.10999999940395355,-0.022078311070799828,0.001984136101067412,0.033,94.03,4.0,24576,0,0,,,fpe_b1,,,,,,,
fpe_b1|ternary,fpe,fpe,bipolar,none,raw,"{""bw_scale"": 0.25, ""phase_bits"": 1}",,ternary,fine,2,256,64,30,30,cosine,uniform,1,32,0,0.11166667193174362,0.10999999940395355,-0.022078311070799828,0.001984136101067412,0.034,94.03,2.0,24576,0,0,,,fpe_b1,,,,,,,
fpe_b1|bipolar,fpe,fpe,bipolar,none,raw,"{""bw_scale"": 0.25, ""phase_bits"": 1}",,bipolar,fine,2,256,64,30,30,cosine,uniform,1,32,0,0.11166667193174362,0.10999999940395355,-0.022078311070799828,0.001984136101067412,0.032,94.03,1.0,24576,0,0,,,fpe_b1,,,,,,,
learned|fp32,learned,learned,bipolar,none,raw,"{""epochs"": 60}",,fp32,fine,2,256,64,30,30,cosine,uniform,1,32,0,0.7075000405311584,0.7086666822433472,0.07567369192838669,0.6313859829140973,0.268,94.5,1.0,24448,0,0,,,learned,,,,,,,
learned|int4,learned,learned,bipolar,none,raw,"{""epochs"": 60}",,int4,fine,2,256,64,30,30,cosine,uniform,1,32,0,0.7075000405311584,0.7086666822433472,0.07567369192838669,0.6313859829140973,0.263,94.5,4.0,24704,0,0,,,learned,,,,,,,
learned|ternary,learned,learned,bipolar,none,raw,"{""epochs"": 60}",,ternary,fine,2,256,64,30,30,cosine,uniform,1,32,0,0.7075000405311584,0.7086666822433472,0.07567369192838669,0.6313859829140973,0.262,94.5,2.0,24704,0,0,,,learned,,,,,,,
learned|bipolar,learned,learned,bipolar,none,raw,"{""epochs"": 60}",,bipolar,fine,2,256,64,30,30,cosine,uniform,1,32,0,0.7075000405311584,0.7086666822433472,0.07567369192838669,0.6313859829140973,0.26,94.5,1.0,24704,0,0,,,learned,,,,,,,
gauss|fp32,linear,gaussian,bipolar,none,raw,,,fp32,fine,2,1024,64,30,30,cosine,uniform,1,32,0,0.6800000071525574,0.7099999785423279,0.04239689186215401,0.9348585442244072,0.009,376.0,1.0,97280,0,0,1.0,64.0,gauss,,,,,,,
gauss|int4,linear,gaussian,bipolar,none,raw,,,int4,fine,2,1024,64,30,30,cosine,uniform,1,32,0,0.6800000071525574,0.7099999785423279,0.04239689186215401,0.9348585442244072,0.01,376.0,4.0,98304,0,0,,,gauss,,,,,,,
gauss|ternary,linear,gaussian,bipolar,none,raw,,,ternary,fine,2,1024,64,30,30,cosine,uniform,1,32,0,0.6800000071525574,0.7099999785423279,0.04239689186215401,0.9348585442244072,0.013,376.0,2.0,98304,0,0,,,gauss,,,,,,,
gauss|bipolar,linear,gaussian,bipolar,none,raw,,,bipolar,fine,2,1024,64,30,30,cosine,uniform,1,32,0,0.6800000071525574,0.7099999785423279,0.04239689186215401,0.9348585442244072,0.009,376.0,1.0,98304,0,0,,,gauss,,,,,,,
signrff|fp32,rff,rff,real,none,raw,"{""bw_scale"": 1.0}",,fp32,fine,2,1024,64,30,30,cosine,uniform,1,32,0,0.6974999904632568,0.7013333439826965,0.007283640559762716,0.6189879753829161,0.033,380.0,32.0,97280,0,0,,,signrff,,,,,,,
signrff|int4,rff,rff,real,none,raw,"{""bw_scale"": 1.0}",,int4,fine,2,1024,64,30,30,cosine,uniform,1,32,0,0.705833375453949,0.6926666498184204,0.007286895532160997,0.6185280398553469,0.034,380.0,4.0,98304,0,0,,,signrff,,,,,,,
signrff|ternary,rff,rff,real,none,raw,"{""bw_scale"": 1.0}",,ternary,fine,2,1024,64,30,30,cosine,uniform,1,32,0,0.6816666722297668,0.6913333535194397,0.0072297896258533,0.606294082445936,0.036,380.0,2.0,98304,0,0,,,signrff,,,,,,,
signrff|bipolar,rff,rff,real,none,raw,"{""bw_scale"": 1.0}",,bipolar,fine,2,1024,64,30,30,cosine,uniform,1,32,0,0.6616666913032532,0.6693333387374878,0.006336830090731382,0.5826271418370781,0.032,380.0,1.0,98304,0,0,,,signrff,,,,,,,
fpe_b1|fp32,fpe,fpe,bipolar,none,raw,"{""bw_scale"": 0.25, ""phase_bits"": 1}",,fp32,fine,2,1024,64,30,30,cosine,uniform,1,32,0,0.2683333456516266,0.26866665482521057,-0.00721285305917263,0.006384622327574739,0.033,376.12,1.0,97280,0,0,,,fpe_b1,,,,,,,
fpe_b1|int4,fpe,fpe,bipolar,none,raw,"{""bw_scale"": 0.25, ""phase_bits"": 1}",,int4,fine,2,1024,64,30,30,cosine,uniform,1,32,0,0.2683333456516266,0.26866665482521057,-0.00721285305917263,0.006384622327574739,0.035,376.12,4.0,98304,0,0,,,fpe_b1,,,,,,,
fpe_b1|ternary,fpe,fpe,bipolar,none,raw,"{""bw_scale"": 0.25, ""phase_bits"": 1}",,ternary,fine,2,1024,64,30,30,cosine,uniform,1,32,0,0.2683333456516266,0.26866665482521057,-0.00721285305917263,0.006384622327574739,0.038,376.12,2.0,98304,0,0,,,fpe_b1,,,,,,,
fpe_b1|bipolar,fpe,fpe,bipolar,none,raw,"{""bw_scale"": 0.25, ""phase_bits"": 1}",,bipolar,fine,2,1024,64,30,30,cosine,uniform,1,32,0,0.2683333456516266,0.26866665482521057,-0.00721285305917263,0.006384622327574739,0.034,376.12,1.0,98304,0,0,,,fpe_b1,,,,,,,
learned|fp32,learned,learned,bipolar,none,raw,"{""epochs"": 60}",,fp32,fine,2,1024,64,30,30,cosine,uniform,1,32,0,0.7291666865348816,0.7266666293144226,0.08433359861373901,0.6857094812634889,0.294,376.5,1.0,97408,0,0,,,learned,,,,,,,
learned|int4,learned,learned,bipolar,none,raw,"{""epochs"": 60}",,int4,fine,2,1024,64,30,30,cosine,uniform,1,32,0,0.7291666865348816,0.7266666293144226,0.08433359861373901,0.6857094812634889,0.306,376.5,4.0,98432,0,0,,,learned,,,,,,,
learned|ternary,learned,learned,bipolar,none,raw,"{""epochs"": 60}",,ternary,fine,2,1024,64,30,30,cosine,uniform,1,32,0,0.7291666865348816,0.7266666293144226,0.08433359861373901,0.6857094812634889,0.304,376.5,2.0,98432,0,0,,,learned,,,,,,,
learned|bipolar,learned,learned,bipolar,none,raw,"{""epochs"": 60}",,bipolar,fine,2,1024,64,30,30,cosine,uniform,1,32,0,0.7291666865348816,0.7266666293144226,0.08433359861373901,0.6857094812634889,0.273,376.5,1.0,98432,0,0,,,learned,,,,,,,
gauss|fp32,linear,gaussian,bipolar,none,raw,,,fp32,fine,2,4096,64,30,30,cosine,uniform,1,32,0,0.7125000357627869,0.7273333072662354,0.048547547310590744,0.9827869294110249,0.017,1504.0,1.0,389120,0,0,1.0,64.0,gauss,,,,,,,
gauss|int4,linear,gaussian,bipolar,none,raw,,,int4,fine,2,4096,64,30,30,cosine,uniform,1,32,0,0.7125000357627869,0.7273333072662354,0.048547547310590744,0.9827869294110249,0.031,1504.0,4.0,393216,0,0,,,gauss,,,,,,,
gauss|ternary,linear,gaussian,bipolar,none,raw,,,ternary,fine,2,4096,64,30,30,cosine,uniform,1,32,0,0.7125000357627869,0.7273333072662354,0.048547547310590744,0.9827869294110249,0.048,1504.0,2.0,393216,0,0,,,gauss,,,,,,,
gauss|bipolar,linear,gaussian,bipolar,none,raw,,,bipolar,fine,2,4096,64,30,30,cosine,uniform,1,32,0,0.7125000357627869,0.7273333072662354,0.048547547310590744,0.9827869294110249,0.018,1504.0,1.0,393216,0,0,,,gauss,,,,,,,
signrff|fp32,rff,rff,real,none,raw,"{""bw_scale"": 1.0}",,fp32,fine,2,4096,64,30,30,cosine,uniform,1,32,0,0.6991666555404663,0.7080000042915344,0.008352422155439854,0.6594230673357097,0.042,1520.0,32.0,389120,0,0,,,signrff,,,,,,,
signrff|int4,rff,rff,real,none,raw,"{""bw_scale"": 1.0}",,int4,fine,2,4096,64,30,30,cosine,uniform,1,32,0,0.7008333206176758,0.7080000042915344,0.008384855464100838,0.6593888875436985,0.055,1520.0,4.0,393216,0,0,,,signrff,,,,,,,
signrff|ternary,rff,rff,real,none,raw,"{""bw_scale"": 1.0}",,ternary,fine,2,4096,64,30,30,cosine,uniform,1,32,0,0.7166666984558105,0.7213333249092102,0.008661911822855473,0.65970854932793,0.075,1520.0,2.0,393216,0,0,,,signrff,,,,,,,
signrff|bipolar,rff,rff,real,none,raw,"{""bw_scale"": 1.0}",,bipolar,fine,2,4096,64,30,30,cosine,uniform,1,32,0,0.7150000333786011,0.7173333168029785,0.008795157074928284,0.652856981459255,0.04,1520.0,1.0,393216,0,0,,,signrff,,,,,,,
fpe_b1|fp32,fpe,fpe,bipolar,none,raw,"{""bw_scale"": 0.25, ""phase_bits"": 1}",,fp32,fine,2,4096,64,30,30,cosine,uniform,1,32,0,0.4891666769981384,0.49533331394195557,0.0006095634889788926,0.006502784705542952,0.039,1504.5,1.0,389120,0,0,,,fpe_b1,,,,,,,
fpe_b1|int4,fpe,fpe,bipolar,none,raw,"{""bw_scale"": 0.25, ""phase_bits"": 1}",,int4,fine,2,4096,64,30,30,cosine,uniform,1,32,0,0.4891666769981384,0.49533331394195557,0.0006095634889788926,0.006502784705542952,0.053,1504.5,4.0,393216,0,0,,,fpe_b1,,,,,,,
fpe_b1|ternary,fpe,fpe,bipolar,none,raw,"{""bw_scale"": 0.25, ""phase_bits"": 1}",,ternary,fine,2,4096,64,30,30,cosine,uniform,1,32,0,0.4891666769981384,0.49533331394195557,0.0006095634889788926,0.006502784705542952,0.07,1504.5,2.0,393216,0,0,,,fpe_b1,,,,,,,
fpe_b1|bipolar,fpe,fpe,bipolar,none,raw,"{""bw_scale"": 0.25, ""phase_bits"": 1}",,bipolar,fine,2,4096,64,30,30,cosine,uniform,1,32,0,0.4891666769981384,0.49533331394195557,0.0006095634889788926,0.006502784705542952,0.04,1504.5,1.0,393216,0,0,,,fpe_b1,,,,,,,
learned|fp32,learned,learned,bipolar,none,raw,"{""epochs"": 60}",,fp32,fine,2,4096,64,30,30,cosine,uniform,1,32,0,0.7308333516120911,0.7379999756813049,0.08537669479846954,0.7011714740713006,0.318,1504.5,1.0,389248,0,0,,,learned,,,,,,,
learned|int4,learned,learned,bipolar,none,raw,"{""epochs"": 60}",,int4,fine,2,4096,64,30,30,cosine,uniform,1,32,0,0.7308333516120911,0.7379999756813049,0.08537669479846954,0.7011714740713006,0.313,1504.5,4.0,393344,0,0,,,learned,,,,,,,
learned|ternary,learned,learned,bipolar,none,raw,"{""epochs"": 60}",,ternary,fine,2,4096,64,30,30,cosine,uniform,1,32,0,0.7308333516120911,0.7379999756813049,0.08537669479846954,0.7011714740713006,0.351,1504.5,2.0,393344,0,0,,,learned,,,,,,,
learned|bipolar,learned,learned,bipolar,none,raw,"{""epochs"": 60}",,bipolar,fine,2,4096,64,30,30,cosine,uniform,1,32,0,0.7308333516120911,0.7379999756813049,0.08537669479846954,0.7011714740713006,0.286,1504.5,1.0,393344,0,0,,,learned,,,,,,,
gauss|fp32,linear,gaussian,bipolar,none,raw,,,fp32,shift,0,256,64,30,30,cosine,uniform,1,32,0,0.9808333516120911,0.9746666550636292,0.2254595309495926,0.8196357294635678,0.007,94.0,1.0,24320,0,0,1.0,64.0,gauss,0.8653333187103271,0.12633129954338074,0.5773333311080933,0.335999995470047,,,
gauss|int4,linear,gaussian,bipolar,none,raw,,,int4,shift,0,256,64,30,30,cosine,uniform,1,32,0,0.9808333516120911,0.9746666550636292,0.2254595309495926,0.8196357294635678,0.006,94.0,4.0,24576,0,0,,,gauss,0.8653333187103271,0.12633129954338074,0.5773333311080933,0.335999995470047,,,
gauss|ternary,linear,gaussian,bipolar,none,raw,,,ternary,shift,0,256,64,30,30,cosine,uniform,1,32,0,0.9808333516120911,0.9746666550636292,0.2254595309495926,0.8196357294635678,0.007,94.0,2.0,24576,0,0,,,gauss,0.8653333187103271,0.12633129954338074,0.5773333311080933,0.335999995470047,,,
gauss|bipolar,linear,gaussian,bipolar,none,raw,,,bipolar,shift,0,256,64,30,30,cosine,uniform,1,32,0,0.9808333516120911,0.9746666550636292,0.2254595309495926,0.8196357294635678,0.006,94.0,1.0,24576,0,0,,,gauss,0.8653333187103271,0.12633129954338074,0.5773333311080933,0.335999995470047,,,
signrff|fp32,rff,rff,real,none,raw,"{""bw_scale"": 1.0}",,fp32,shift,0,256,64,30,30,cosine,uniform,1,32,0,0.9825000166893005,0.9800000190734863,0.08675871044397354,0.5949674282333537,0.027,95.0,32.0,24320,0,0,,,signrff,0.8320000171661377,0.04760569706559181,0.47200000286102295,0.15533332526683807,,,
signrff|int4,rff,rff,real,none,raw,"{""bw_scale"": 1.0}",,int4,shift,0,256,64,30,30,cosine,uniform,1,32,0,0.9850000143051147,0.9779999852180481,0.08656472712755203,0.5937145161956912,0.027,95.0,4.0,24576,0,0,,,signrff,0.8320000171661377,0.04736489802598953,0.46799999475479126,0.1599999964237213,,,
signrff|ternary,rff,rff,real,none,raw,"{""bw_scale"": 1.0}",,ternary,shift,0,256,64,30,30,cosine,uniform,1,32,0,0.9750000238418579,0.9726666808128357,0.08124751597642899,0.5647359454166551,0.028,95.0,2.0,24576,0,0,,,signrff,0.8086666464805603,0.04266009479761124,0.4466666579246521,0.14266666769981384,,,
signrff|bipolar,rff,rff,real,none,raw,"{""bw_scale"": 1.0}",,bipolar,shift,0,256,64,30,30,cosine,uniform,1,32,0,0.9550000429153442,0.9646666646003723,0.07355653494596481,0.5153425005793312,0.026,95.0,1.0,24576,0,0,,,signrff,0.7826666831970215,0.037452202290296555,0.4313333332538605,0.13333332538604736,,,
fpe_b1|fp32,fpe,fpe,bipolar,none,raw,"{""bw_scale"": 0.25, ""phase_bits"": 1}",,fp32,shift,0,256,64,30,30,cosine,uniform,1,32,0,0.7325000166893005,0.7206666469573975,0.03143619745969772,0.02537301424741957,0.028,94.03,1.0,24320,0,0,,,fpe_b1,0.2253333330154419,-0.03260466828942299,0.03399999812245369,0.0279999990016222,,,
fpe_b1|int4,fpe,fpe,bipolar,none,raw,"{""bw_scale"": 0.25, ""phase_bits"": 1}",,int4,shift,0,256,64,30,30,cosine,uniform,1,32,0,0.7325000166893005,0.7206666469573975,0.03143619745969772,0.02537301424741957,0.028,94.03,4.0,24576,0,0,,,fpe_b1,0.2253333330154419,-0.03260466828942299,0.03399999812245369,0.0279999990016222,,,
fpe_b1|ternary,fpe,fpe,bipolar,none,raw,"{""bw_scale"": 0.25, ""phase_bits"": 1}",,ternary,shift,0,256,64,30,30,cosine,uniform,1,32,0,0.7325000166893005,0.7206666469573975,0.03143619745969772,0.02537301424741957,0.029,94.03,2.0,24576,0,0,,,fpe_b1,0.2253333330154419,-0.03260466828942299,0.03399999812245369,0.0279999990016222,,,
fpe_b1|bipolar,fpe,fpe,bipolar,none,raw,"{""bw_scale"": 0.25, ""phase_bits"": 1}",,bipolar,shift,0,256,64,30,30,cosine,uniform,1,32,0,0.7325000166893005,0.7206666469573975,0.03143619745969772,0.02537301424741957,0.028,94.03,1.0,24576,0,0,,,fpe_b1,0.2253333330154419,-0.03260466828942299,0.03399999812245369,0.0279999990016222,,,
learned|fp32,learned,learned,bipolar,none,raw,"{""epochs"": 60}",,fp32,shift,0,256,64,30,30,cosine,uniform,1,32,0,0.9975000023841858,0.9953333139419556,0.4184929132461548,0.6739255273908373,0.26,94.5,1.0,24448,0,0,,,learned,0.9319999814033508,0.24420836567878723,0.6153333187103271,0.3499999940395355,,,
learned|int4,learned,learned,bipolar,none,raw,"{""epochs"": 60}",,int4,shift,0,256,64,30,30,cosine,uniform,1,32,0,0.9975000023841858,0.9953333139419556,0.4184929132461548,0.6739255273908373,0.258,94.5,4.0,24704,0,0,,,learned,0.9319999814033508,0.24420836567878723,0.6153333187103271,0.3499999940395355,,,
learned|ternary,learned,learned,bipolar,none,raw,"{""epochs"": 60}",,ternary,shift,0,256,64,30,30,cosine,uniform,1,32,0,0.9975000023841858,0.9953333139419556,0.4184929132461548,0.6739255273908373,0.253,94.5,2.0,24704,0,0,,,learned,0.9319999814033508,0.24420836567878723,0.6153333187103271,0.3499999940395355,,,
learned|bipolar,learned,learned,bipolar,none,raw,"{""epochs"": 60}",,bipolar,shift,0,256,64,30,30,cosine,uniform,1,32,0,0.9975000023841858,0.9953333139419556,0.4184929132461548,0.6739255273908373,0.255,94.5,1.0,24704,0,0,,,learned,0.9319999814033508,0.24420836567878723,0.6153333187103271,0.3499999940395355,,,
gauss|fp32,linear,gaussian,bipolar,none,raw,,,fp32,shift,0,1024,64,30,30,cosine,uniform,1,32,0,0.9950000047683716,0.9926666617393494,0.2523500323295593,0.9389883125250222,0.007,376.0,1.0,97280,0,0,1.0,64.0,gauss,0.9146666526794434,0.14865370094776154,0.6553333401679993,0.4726666510105133,,,
gauss|int4,linear,gaussian,bipolar,none,raw,,,int4,shift,0,1024,64,30,30,cosine,uniform,1,32,0,0.9950000047683716,0.9926666617393494,0.2523500323295593,0.9389883125250222,0.008,376.0,4.0,98304,0,0,,,gauss,0.9146666526794434,0.14865370094776154,0.6553333401679993,0.4726666510105133,,,
gauss|ternary,linear,gaussian,bipolar,none,raw,,,ternary,shift,0,1024,64,30,30,cosine,uniform,1,32,0,0.9950000047683716,0.9926666617393494,0.2523500323295593,0.9389883125250222,0.011,376.0,2.0,98304,0,0,,,gauss,0.9146666526794434,0.14865370094776154,0.6553333401679993,0.4726666510105133,,,
gauss|bipolar,linear,gaussian,bipolar,none,raw,,,bipolar,shift,0,1024,64,30,30,cosine,uniform,1,32,0,0.9950000047683716,0.9926666617393494,0.2523500323295593,0.9389883125250222,0.007,376.0,1.0,98304,0,0,,,gauss,0.9146666526794434,0.14865370094776154,0.6553333401679993,0.4726666510105133,,,
signrff|fp32,rff,rff,real,none,raw,"{""bw_scale"": 1.0}",,fp32,shift,0,1024,64,30,30,cosine,uniform,1,32,0,0.996666669845581,0.9946666359901428,0.09601746499538422,0.6740444043870121,0.027,380.0,32.0,97280,0,0,,,signrff,0.9353333115577698,0.062306929379701614,0.6399999856948853,0.33666667342185974,,,
signrff|int4,rff,rff,real,none,raw,"{""bw_scale"": 1.0}",,int4,shift,0,1024,64,30,30,cosine,uniform,1,32,0,0.996666669845581,0.9946666359901428,0.09582053869962692,0.673268055926859,0.028,380.0,4.0,98304,0,0,,,signrff,0.9353333115577698,0.062230076640844345,0.6399999856948853,0.3333333432674408,,,
signrff|ternary,rff,rff,real,none,raw,"{""bw_scale"": 1.0}",,ternary,shift,0,1024,64,30,30,cosine,uniform,1,32,0,0.9958333373069763,0.9940000176429749,0.09161529690027237,0.6616017019251776,0.031,380.0,2.0,98304,0,0,,,signrff,0.9286666512489319,0.059700317680835724,0.6380000114440918,0.33133333921432495,,,
signrff|bipolar,rff,rff,real,none,raw,"{""bw_scale"": 1.0}",,bipolar,shift,0,1024,64,30,30,cosine,uniform,1,32,0,0.9941666722297668,0.9913333058357239,0.08584035187959671,0.6412728077298255,0.027,380.0,1.0,98304,0,0,,,signrff,0.9233333468437195,0.0542534738779068,0.621999979019165,0.30266666412353516,,,
fpe_b1|fp32,fpe,fpe,bipolar,none,raw,"{""bw_scale"": 0.25, ""phase_bits"": 1}",,fp32,shift,0,1024,64,30,30,cosine,uniform,1,32,0,0.9566667079925537,0.9626666307449341,0.06662259995937347,0.04137796599816011,0.027,376.12,1.0,97280,0,0,,,fpe_b1,0.6213333010673523,0.010593442246317863,0.0793333351612091,0.025333333760499954,,,
fpe_b1|int4,fpe,fpe,bipolar,none,raw,"{""bw_scale"": 0.25, ""phase_bits"": 1}",,int4,shift,0,1024,64,30,30,cosine,uniform,1,32,0,0.9566667079925537,0.9626666307449341,0.06662259995937347,0.04137796599816011,0.028,376.12,4.0,98304,0,0,,,fpe_b1,0.6213333010673523,0.010593442246317863,0.0793333351612091,0.025333333760499954,,,
fpe_b1|ternary,fpe,fpe,bipolar,none,raw,"{""bw_scale"": 0.25, ""phase_bits"": 1}",,ternary,shift,0,1024,64,30,30,cosine,uniform,1,32,0,0.9566667079925537,0.9626666307449341,0.06662259995937347,0.04137796599816011,0.031,376.12,2.0,98304,0,0,,,fpe_b1,0.6213333010673523,0.010593442246317863,0.0793333351612091,0.025333333760499954,,,
fpe_b1|bipolar,fpe,fpe,bipolar,none,raw,"{""bw_scale"": 0.25, ""phase_bits"": 1}",,bipolar,shift,0,1024,64,30,30,cosine,uniform,1,32,0,0.9566667079925537,0.9626666307449341,0.06662259995937347,0.04137796599816011,0.027,376.12,1.0,98304,0,0,,,fpe_b1,0.6213333010673523,0.010593442246317863,0.0793333351612091,0.025333333760499954,,,
learned|fp32,learned,learned,bipolar,none,raw,"{""epochs"": 60}",,fp32,shift,0,1024,64,30,30,cosine,uniform,1,32,0,0.9983333349227905,0.996666669845581,0.4248325824737549,0.7107328237919461,0.277,376.5,1.0,97408,0,0,,,learned,0.9466666579246521,0.2507251501083374,0.6326666474342346,0.35733333230018616,,,
learned|int4,learned,learned,bipolar,none,raw,"{""epochs"": 60}",,int4,shift,0,1024,64,30,30,cosine,uniform,1,32,0,0.9983333349227905,0.996666669845581,0.4248325824737549,0.7107328237919461,0.282,376.5,4.0,98432,0,0,,,learned,0.9466666579246521,0.2507251501083374,0.6326666474342346,0.35733333230018616,,,
learned|ternary,learned,learned,bipolar,none,raw,"{""epochs"": 60}",,ternary,shift,0,1024,64,30,30,cosine,uniform,1,32,0,0.9983333349227905,0.996666669845581,0.4248325824737549,0.7107328237919461,0.264,376.5,2.0,98432,0,0,,,learned,0.9466666579246521,0.2507251501083374,0.6326666474342346,0.35733333230018616,,,
learned|bipolar,learned,learned,bipolar,none,raw,"{""epochs"": 60}",,bipolar,shift,0,1024,64,30,30,cosine,uniform,1,32,0,0.9983333349227905,0.996666669845581,0.4248325824737549,0.7107328237919461,0.26,376.5,1.0,98432,0,0,,,learned,0.9466666579246521,0.2507251501083374,0.6326666474342346,0.35733333230018616,,,
gauss|fp32,linear,gaussian,bipolar,none,raw,,,fp32,shift,0,4096,64,30,30,cosine,uniform,1,32,0,0.996666669845581,0.9959999918937683,0.260096937417984,0.9832167550986861,0.015,1504.0,1.0,389120,0,0,1.0,64.0,gauss,0.9286666512489319,0.15376679599285126,0.6466666460037231,0.4493333399295807,,,
gauss|int4,linear,gaussian,bipolar,none,raw,,,int4,shift,0,4096,64,30,30,cosine,uniform,1,32,0,0.996666669845581,0.9959999918937683,0.260096937417984,0.9832167550986861,0.029,1504.0,4.0,393216,0,0,,,gauss,0.9286666512489319,0.15376679599285126,0.6466666460037231,0.4493333399295807,,,
gauss|ternary,linear,gaussian,bipolar,none,raw,,,ternary,shift,0,4096,64,30,30,cosine,uniform,1,32,0,0.996666669845581,0.9959999918937683,0.260096937417984,0.9832167550986861,0.046,1504.0,2.0,393216,0,0,,,gauss,0.9286666512489319,0.15376679599285126,0.6466666460037231,0.4493333399295807,,,
gauss|bipolar,linear,gaussian,bipolar,none,raw,,,bipolar,shift,0,4096,64,30,30,cosine,uniform,1,32,0,0.996666669845581,0.9959999918937683,0.260096937417984,0.9832167550986861,0.016,1504.0,1.0,393216,0,0,,,gauss,0.9286666512489319,0.15376679599285126,0.6466666460037231,0.4493333399295807,,,
signrff|fp32,rff,rff,real,none,raw,"{""bw_scale"": 1.0}",,fp32,shift,0,4096,64,30,30,cosine,uniform,1,32,0,0.9983333349227905,0.9959999918937683,0.09646595269441605,0.6958375287967298,0.035,1520.0,32.0,389120,0,0,,,signrff,0.9459999799728394,0.06381978839635849,0.6579999923706055,0.41200000047683716,,,
signrff|int4,rff,rff,real,none,raw,"{""bw_scale"": 1.0}",,int4,shift,0,4096,64,30,30,cosine,uniform,1,32,0,0.9983333349227905,0.9959999918937683,0.0963076576590538,0.6959117999106345,0.049,1520.0,4.0,393216,0,0,,,signrff,0.9440000057220459,0.0637204721570015,0.6586666703224182,0.414000004529953,,,
signrff|ternary,rff,rff,real,none,raw,"{""bw_scale"": 1.0}",,ternary,shift,0,4096,64,30,30,cosine,uniform,1,32,0,0.9975000023841858,0.9959999918937683,0.09265696257352829,0.6923904022907325,0.07,1520.0,2.0,393216,0,0,,,signrff,0.9426666498184204,0.06119735166430473,0.6486666798591614,0.41066667437553406,,,
signrff|bipolar,rff,rff,real,none,raw,"{""bw_scale"": 1.0}",,bipolar,shift,0,4096,64,30,30,cosine,uniform,1,32,0,0.9983333349227905,0.9973333477973938,0.0877249464392662,0.6842001241920584,0.036,1520.0,1.0,393216,0,0,,,signrff,0.9419999718666077,0.05682472512125969,0.656000018119812,0.4033333361148834,,,
fpe_b1|fp32,fpe,fpe,bipolar,none,raw,"{""bw_scale"": 0.25, ""phase_bits"": 1}",,fp32,shift,0,4096,64,30,30,cosine,uniform,1,32,0,0.98416668176651,0.9886666536331177,0.07655137777328491,0.04546359113093857,0.035,1504.5,1.0,389120,0,0,,,fpe_b1,0.8320000171661377,0.024287933483719826,0.15066666901111603,0.03866666555404663,,,
fpe_b1|int4,fpe,fpe,bipolar,none,raw,"{""bw_scale"": 0.25, ""phase_bits"": 1}",,int4,shift,0,4096,64,30,30,cosine,uniform,1,32,0,0.98416668176651,0.9886666536331177,0.07655137777328491,0.04546359113093857,0.049,1504.5,4.0,393216,0,0,,,fpe_b1,0.8320000171661377,0.024287933483719826,0.15066666901111603,0.03866666555404663,,,
fpe_b1|ternary,fpe,fpe,bipolar,none,raw,"{""bw_scale"": 0.25, ""phase_bits"": 1}",,ternary,shift,0,4096,64,30,30,cosine,uniform,1,32,0,0.98416668176651,0.9886666536331177,0.07655137777328491,0.04546359113093857,0.066,1504.5,2.0,393216,0,0,,,fpe_b1,0.8320000171661377,0.024287933483719826,0.15066666901111603,0.03866666555404663,,,
fpe_b1|bipolar,fpe,fpe,bipolar,none,raw,"{""bw_scale"": 0.25, ""phase_bits"": 1}",,bipolar,shift,0,4096,64,30,30,cosine,uniform,1,32,0,0.98416668176651,0.9886666536331177,0.07655137777328491,0.04546359113093857,0.036,1504.5,1.0,393216,0,0,,,fpe_b1,0.8320000171661377,0.024287933483719826,0.15066666901111603,0.03866666555404663,,,
learned|fp32,learned,learned,bipolar,none,raw,"{""epochs"": 60}",,fp32,shift,0,4096,64,30,30,cosine,uniform,1,32,0,0.9983333349227905,0.996666669845581,0.422369122505188,0.7218628986878775,0.273,1504.5,1.0,389248,0,0,,,learned,0.9459999799728394,0.2473200261592865,0.6200000047683716,0.35999998450279236,,,
learned|int4,learned,learned,bipolar,none,raw,"{""epochs"": 60}",,int4,shift,0,4096,64,30,30,cosine,uniform,1,32,0,0.9983333349227905,0.996666669845581,0.422369122505188,0.7218628986878775,0.285,1504.5,4.0,393344,0,0,,,learned,0.9459999799728394,0.2473200261592865,0.6200000047683716,0.35999998450279236,,,
learned|ternary,learned,learned,bipolar,none,raw,"{""epochs"": 60}",,ternary,shift,0,4096,64,30,30,cosine,uniform,1,32,0,0.9983333349227905,0.996666669845581,0.422369122505188,0.7218628986878775,0.303,1504.5,2.0,393344,0,0,,,learned,0.9459999799728394,0.2473200261592865,0.6200000047683716,0.35999998450279236,,,
learned|bipolar,learned,learned,bipolar,none,raw,"{""epochs"": 60}",,bipolar,shift,0,4096,64,30,30,cosine,uniform,1,32,0,0.9983333349227905,0.996666669845581,0.422369122505188,0.7218628986878775,0.28,1504.5,1.0,393344,0,0,,,learned,0.9459999799728394,0.2473200261592865,0.6200000047683716,0.35999998450279236,,,
gauss|fp32,linear,gaussian,bipolar,none,raw,,,fp32,shift,1,256,64,30,30,cosine,uniform,1,32,0,0.9850000143051147,0.9753333330154419,0.22000658512115479,0.8106204610052659,0.007,94.0,1.0,24320,0,0,1.0,64.0,gauss,0.887333333492279,0.12703071534633636,0.6206666827201843,0.3493333160877228,,,
gauss|int4,linear,gaussian,bipolar,none,raw,,,int4,shift,1,256,64,30,30,cosine,uniform,1,32,0,0.9850000143051147,0.9753333330154419,0.22000658512115479,0.8106204610052659,0.006,94.0,4.0,24576,0,0,,,gauss,0.887333333492279,0.12703071534633636,0.6206666827201843,0.3493333160877228,,,
gauss|ternary,linear,gaussian,bipolar,none,raw,,,ternary,shift,1,256,64,30,30,cosine,uniform,1,32,0,0.9850000143051147,0.9753333330154419,0.22000658512115479,0.8106204610052659,0.007,94.0,2.0,24576,0,0,,,gauss,0.887333333492279,0.12703071534633636,0.6206666827201843,0.3493333160877228,,,
gauss|bipolar,linear,gaussian,bipolar,none,raw,,,bipolar,shift,1,256,64,30,30,cosine,uniform,1,32,0,0.9850000143051147,0.9753333330154419,0.22000658512115479,0.8106204610052659,0.006,94.0,1.0,24576,0,0,,,gauss,0.887333333492279,0.12703071534633636,0.6206666827201843,0.3493333160877228,,,
signrff|fp32,rff,rff,real,none,raw,"{""bw_scale"": 1.0}",,fp32,shift,1,256,64,30,30,cosine,uniform,1,32,0,0.9850000143051147,0.9806666374206543,0.09453260898590088,0.620803895638114,0.023,95.0,32.0,24320,0,0,,,signrff,0.7833333015441895,0.03766584396362305,0.32999998331069946,0.10333333164453506,,,
signrff|int4,rff,rff,real,none,raw,"{""bw_scale"": 1.0}",,int4,shift,1,256,64,30,30,cosine,uniform,1,32,0,0.9833333492279053,0.9806666374206543,0.09436141699552536,0.6203486385036889,0.024,95.0,4.0,24576,0,0,,,signrff,0.7826666831970215,0.037668995559215546,0.33266666531562805,0.10199999809265137,,,
signrff|ternary,rff,rff,real,none,raw,"{""bw_scale"": 1.0}",,ternary,shift,1,256,64,30,30,cosine,uniform,1,32,0,0.9800000190734863,0.9806666374206543,0.08823239803314209,0.5865439729686331,0.025,95.0,2.0,24576,0,0,,,signrff,0.7646666765213013,0.034420594573020935,0.33133333921432495,0.10333333164453506,,,
signrff|bipolar,rff,rff,real,none,raw,"{""bw_scale"": 1.0}",,bipolar,shift,1,256,64,30,30,cosine,uniform,1,32,0,0.9708333611488342,0.9626666307449341,0.0781780332326889,0.5408758808050295,0.024,95.0,1.0,24576,0,0,,,signrff,0.7266666293144226,0.02849847450852394,0.3073333203792572,0.09866666793823242,,,
fpe_b1|fp32,fpe,fpe,bipolar,none,raw,"{""bw_scale"": 0.25, ""phase_bits"": 1}",,fp32,shift,1,256,64,30,30,cosine,uniform,1,32,0,0.7125000357627869,0.70333331823349,0.027652882039546967,0.021568695764093388,0.025,94.03,1.0,24320,0,0,,,fpe_b1,0.2446666657924652,-0.028241924941539764,0.057999998331069946,0.03733333200216293,,,
fpe_b1|int4,fpe,fpe,bipolar,none,raw,"{""bw_scale"": 0.25, ""phase_bits"": 1}",,int4,shift,1,256,64,30,30,cosine,uniform,1,32,0,0.7125000357627869,0.70333331823349,0.027652882039546967,0.021568695764093388,0.026,94.03,4.0,24576,0,0,,,fpe_b1,0.2446666657924652,-0.028241924941539764,0.057999998331069946,0.03733333200216293,,,
fpe_b1|ternary,fpe,fpe,bipolar,none,raw,"{""bw_scale"": 0.25, ""phase_bits"": 1}",,ternary,shift,1,256,64,30,30,cosine,uniform,1,32,0,0.7125000357627869,0.70333331823349,0.027652882039546967,0.021568695764093388,0.026,94.03,2.0,24576,0,0,,,fpe_b1,0.2446666657924652,-0.028241924941539764,0.057999998331069946,0.03733333200216293,,,
fpe_b1|bipolar,fpe,fpe,bipolar,none,raw,"{""bw_scale"": 0.25, ""phase_bits"": 1}",,bipolar,shift,1,256,64,30,30,cosine,uniform,1,32,0,0.7125000357627869,0.70333331823349,0.027652882039546967,0.021568695764093388,0.025,94.03,1.0,24576,0,0,,,fpe_b1,0.2446666657924652,-0.028241924941539764,0.057999998331069946,0.03733333200216293,,,
learned|fp32,learned,learned,bipolar,none,raw,"{""epochs"": 60}",,fp32,shift,1,256,64,30,30,cosine,uniform,1,32,0,0.9991666674613953,0.996666669845581,0.42484593391418457,0.6877219482628344,0.258,94.5,1.0,24448,0,0,,,learned,0.9226666688919067,0.23927147686481476,0.5766666531562805,0.24400000274181366,,,
learned|int4,learned,learned,bipolar,none,raw,"{""epochs"": 60}",,int4,shift,1,256,64,30,30,cosine,uniform,1,32,0,0.9991666674613953,0.996666669845581,0.42484593391418457,0.6877219482628344,0.261,94.5,4.0,24704,0,0,,,learned,0.9226666688919067,0.23927147686481476,0.5766666531562805,0.24400000274181366,,,
learned|ternary,learned,learned,bipolar,none,raw,"{""epochs"": 60}",,ternary,shift,1,256,64,30,30,cosine,uniform,1,32,0,0.9991666674613953,0.996666669845581,0.42484593391418457,0.6877219482628344,0.319,94.5,2.0,24704,0,0,,,learned,0.9226666688919067,0.23927147686481476,0.5766666531562805,0.24400000274181366,,,
learned|bipolar,learned,learned,bipolar,none,raw,"{""epochs"": 60}",,bipolar,shift,1,256,64,30,30,cosine,uniform,1,32,0,0.9991666674613953,0.996666669845581,0.42484593391418457,0.6877219482628344,0.304,94.5,1.0,24704,0,0,,,learned,0.9226666688919067,0.23927147686481476,0.5766666531562805,0.24400000274181366,,,
gauss|fp32,linear,gaussian,bipolar,none,raw,,,fp32,shift,1,1024,64,30,30,cosine,uniform,1,32,0,1.0,0.9926666617393494,0.25013864040374756,0.9356412907035259,0.007,376.0,1.0,97280,0,0,1.0,64.0,gauss,0.9273332953453064,0.1465594619512558,0.6426666378974915,0.3100000023841858,,,
gauss|int4,linear,gaussian,bipolar,none,raw,,,int4,shift,1,1024,64,30,30,cosine,uniform,1,32,0,1.0,0.9926666617393494,0.25013864040374756,0.9356412907035259,0.008,376.0,4.0,98304,0,0,,,gauss,0.9273332953453064,0.1465594619512558,0.6426666378974915,0.3100000023841858,,,
gauss|ternary,linear,gaussian,bipolar,none,raw,,,ternary,shift,1,1024,64,30,30,cosine,uniform,1,32,0,1.0,0.9926666617393494,0.25013864040374756,0.9356412907035259,0.011,376.0,2.0,98304,0,0,,,gauss,0.9273332953453064,0.1465594619512558,0.6426666378974915,0.3100000023841858,,,
gauss|bipolar,linear,gaussian,bipolar,none,raw,,,bipolar,shift,1,1024,64,30,30,cosine,uniform,1,32,0,1.0,0.9926666617393494,0.25013864040374756,0.9356412907035259,0.007,376.0,1.0,98304,0,0,,,gauss,0.9273332953453064,0.1465594619512558,0.6426666378974915,0.3100000023841858,,,
signrff|fp32,rff,rff,real,none,raw,"{""bw_scale"": 1.0}",,fp32,shift,1,1024,64,30,30,cosine,uniform,1,32,0,0.9983333349227905,0.9940000176429749,0.09354980289936066,0.6779499014127455,0.024,380.0,32.0,97280,0,0,,,signrff,0.9139999747276306,0.05318976938724518,0.5433333516120911,0.27399998903274536,,,
signrff|int4,rff,rff,real,none,raw,"{""bw_scale"": 1.0}",,int4,shift,1,1024,64,30,30,cosine,uniform,1,32,0,0.9983333349227905,0.9940000176429749,0.09347952902317047,0.6782419256675387,0.025,380.0,4.0,98304,0,0,,,signrff,0.9139999747276306,0.05301471799612045,0.5446666479110718,0.273333340883255,,,
signrff|ternary,rff,rff,real,none,raw,"{""bw_scale"": 1.0}",,ternary,shift,1,1024,64,30,30,cosine,uniform,1,32,0,0.9983333349227905,0.9940000176429749,0.08905351907014847,0.6681741377165655,0.028,380.0,2.0,98304,0,0,,,signrff,0.9099999666213989,0.05070095881819725,0.5413333177566528,0.273333340883255,,,
signrff|bipolar,rff,rff,real,none,raw,"{""bw_scale"": 1.0}",,bipolar,shift,1,1024,64,30,30,cosine,uniform,1,32,0,0.996666669845581,0.9900000095367432,0.08292754739522934,0.6474597125962479,0.024,380.0,1.0,98304,0,0,,,signrff,0.8980000019073486,0.04627705365419388,0.5433333516120911,0.26866665482521057,,,
fpe_b1|fp32,fpe,fpe,bipolar,none,raw,"{""bw_scale"": 0.25, ""phase_bits"": 1}",,fp32,shift,1,1024,64,30,30,cosine,uniform,1,32,0,0.9625000357627869,0.9519999623298645,0.06675177812576294,0.028165184759253423,0.024,376.12,1.0,97280,0,0,,,fpe_b1,0.6153333187103271,0.009536724537611008,0.09200000017881393,0.04066666588187218,,,
fpe_b1|int4,fpe,fpe,bipolar,none,raw,"{""bw_scale"": 0.25, ""phase_bits"": 1}",,int4,shift,1,1024,64,30,30,cosine,uniform,1,32,0,0.9625000357627869,0.9519999623298645,0.06675177812576294,0.028165184759253423,0.025,376.12,4.0,98304,0,0,,,fpe_b1,0.6153333187103271,0.009536724537611008,0.09200000017881393,0.04066666588187218,,,
fpe_b1|ternary,fpe,fpe,bipolar,none,raw,"{""bw_scale"": 0.25, ""phase_bits"": 1}",,ternary,shift,1,1024,64,30,30,cosine,uniform,1,32,0,0.9625000357627869,0.9519999623298645,0.06675177812576294,0.028165184759253423,0.028,376.12,2.0,98304,0,0,,,fpe_b1,0.6153333187103271,0.009536724537611008,0.09200000017881393,0.04066666588187218,,,
fpe_b1|bipolar,fpe,fpe,bipolar,none,raw,"{""bw_scale"": 0.25, ""phase_bits"": 1}",,bipolar,shift,1,1024,64,30,30,cosine,uniform,1,32,0,0.9625000357627869,0.9519999623298645,0.06675177812576294,0.028165184759253423,0.024,376.12,1.0,98304,0,0,,,fpe_b1,0.6153333187103271,0.009536724537611008,0.09200000017881393,0.04066666588187218,,,
learned|fp32,learned,learned,bipolar,none,raw,"{""epochs"": 60}",,fp32,shift,1,1024,64,30,30,cosine,uniform,1,32,0,1.0,0.9973333477973938,0.4280475974082947,0.7196834409029632,0.304,376.5,1.0,97408,0,0,,,learned,0.9413332939147949,0.25050824880599976,0.6226666569709778,0.281333327293396,,,
learned|int4,learned,learned,bipolar,none,raw,"{""epochs"": 60}",,int4,shift,1,1024,64,30,30,cosine,uniform,1,32,0,1.0,0.9973333477973938,0.4280475974082947,0.7196834409029632,0.282,376.5,4.0,98432,0,0,,,learned,0.9413332939147949,0.25050824880599976,0.6226666569709778,0.281333327293396,,,
learned|ternary,learned,learned,bipolar,none,raw,"{""epochs"": 60}",,ternary,shift,1,1024,64,30,30,cosine,uniform,1,32,0,1.0,0.9973333477973938,0.4280475974082947,0.7196834409029632,0.268,376.5,2.0,98432,0,0,,,learned,0.9413332939147949,0.25050824880599976,0.6226666569709778,0.281333327293396,,,
learned|bipolar,learned,learned,bipolar,none,raw,"{""epochs"": 60}",,bipolar,shift,1,1024,64,30,30,cosine,uniform,1,32,0,1.0,0.9973333477973938,0.4280475974082947,0.7196834409029632,0.303,376.5,1.0,98432,0,0,,,learned,0.9413332939147949,0.25050824880599976,0.6226666569709778,0.281333327293396,,,
gauss|fp32,linear,gaussian,bipolar,none,raw,,,fp32,shift,1,4096,64,30,30,cosine,uniform,1,32,0,0.9991666674613953,0.996666669845581,0.2578774392604828,0.9828754963327289,0.015,1504.0,1.0,389120,0,0,1.0,64.0,gauss,0.9473333358764648,0.15247175097465515,0.6613333225250244,0.30266666412353516,,,
gauss|int4,linear,gaussian,bipolar,none,raw,,,int4,shift,1,4096,64,30,30,cosine,uniform,1,32,0,0.9991666674613953,0.996666669845581,0.2578774392604828,0.9828754963327289,0.029,1504.0,4.0,393216,0,0,,,gauss,0.9473333358764648,0.15247175097465515,0.6613333225250244,0.30266666412353516,,,
gauss|ternary,linear,gaussian,bipolar,none,raw,,,ternary,shift,1,4096,64,30,30,cosine,uniform,1,32,0,0.9991666674613953,0.996666669845581,0.2578774392604828,0.9828754963327289,0.046,1504.0,2.0,393216,0,0,,,gauss,0.9473333358764648,0.15247175097465515,0.6613333225250244,0.30266666412353516,,,
gauss|bipolar,linear,gaussian,bipolar,none,raw,,,bipolar,shift,1,4096,64,30,30,cosine,uniform,1,32,0,0.9991666674613953,0.996666669845581,0.2578774392604828,0.9828754963327289,0.016,1504.0,1.0,393216,0,0,,,gauss,0.9473333358764648,0.15247175097465515,0.6613333225250244,0.30266666412353516,,,
signrff|fp32,rff,rff,real,none,raw,"{""bw_scale"": 1.0}",,fp32,shift,1,4096,64,30,30,cosine,uniform,1,32,0,0.9983333349227905,0.9979999661445618,0.09838107228279114,0.7026656316081873,0.032,1520.0,32.0,389120,0,0,,,signrff,0.9273332953453064,0.056456029415130615,0.6086666584014893,0.25,,,
signrff|int4,rff,rff,real,none,raw,"{""bw_scale"": 1.0}",,int4,shift,1,4096,64,30,30,cosine,uniform,1,32,0,0.9983333349227905,0.9979999661445618,0.09819328039884567,0.703091184195863,0.046,1520.0,4.0,393216,0,0,,,signrff,0.9266666769981384,0.056349195539951324,0.6106666326522827,0.2513333261013031,,,
signrff|ternary,rff,rff,real,none,raw,"{""bw_scale"": 1.0}",,ternary,shift,1,4096,64,30,30,cosine,uniform,1,32,0,0.9983333349227905,0.9979999661445618,0.09461507201194763,0.6987086251342199,0.067,1520.0,2.0,393216,0,0,,,signrff,0.9253333210945129,0.05396952107548714,0.6046666502952576,0.24133333563804626,,,
signrff|bipolar,rff,rff,real,none,raw,"{""bw_scale"": 1.0}",,bipolar,shift,1,4096,64,30,30,cosine,uniform,1,32,0,0.9983333349227905,0.996666669845581,0.08949267119169235,0.6878559845702316,0.033,1520.0,1.0,393216,0,0,,,signrff,0.9239999651908875,0.05047756806015968,0.6019999980926514,0.24799999594688416,,,
fpe_b1|fp32,fpe,fpe,bipolar,none,raw,"{""bw_scale"": 0.25, ""phase_bits"": 1}",,fp32,shift,1,4096,64,30,30,cosine,uniform,1,32,0,0.9916666746139526,0.9833333492279053,0.0774909034371376,0.0336724813171082,0.032,1504.5,1.0,389120,0,0,,,fpe_b1,0.831333339214325,0.02283533290028572,0.13199999928474426,0.03199999779462814,,,
fpe_b1|int4,fpe,fpe,bipolar,none,raw,"{""bw_scale"": 0.25, ""phase_bits"": 1}",,int4,shift,1,4096,64,30,30,cosine,uniform,1,32,0,0.9916666746139526,0.9833333492279053,0.0774909034371376,0.0336724813171082,0.047,1504.5,4.0,393216,0,0,,,fpe_b1,0.831333339214325,0.02283533290028572,0.13199999928474426,0.03199999779462814,,,
fpe_b1|ternary,fpe,fpe,bipolar,none,raw,"{""bw_scale"": 0.25, ""phase_bits"": 1}",,ternary,shift,1,4096,64,30,30,cosine,uniform,1,32,0,0.9916666746139526,0.9833333492279053,0.0774909034371376,0.0336724813171082,0.064,1504.5,2.0,393216,0,0,,,fpe_b1,0.831333339214325,0.02283533290028572,0.13199999928474426,0.03199999779462814,,,
fpe_b1|bipolar,fpe,fpe,bipolar,none,raw,"{""bw_scale"": 0.25, ""phase_bits"": 1}",,bipolar,shift,1,4096,64,30,30,cosine,uniform,1,32,0,0.9916666746139526,0.9833333492279053,0.0774909034371376,0.0336724813171082,0.034,1504.5,1.0,393216,0,0,,,fpe_b1,0.831333339214325,0.02283533290028572,0.13199999928474426,0.03199999779462814,,,
learned|fp32,learned,learned,bipolar,none,raw,"{""epochs"": 60}",,fp32,shift,1,4096,64,30,30,cosine,uniform,1,32,0,1.0,0.9973333477973938,0.42735740542411804,0.7323176411232912,0.323,1504.5,1.0,389248,0,0,,,learned,0.9466666579246521,0.24972973763942719,0.6153333187103271,0.2633333206176758,,,
learned|int4,learned,learned,bipolar,none,raw,"{""epochs"": 60}",,int4,shift,1,4096,64,30,30,cosine,uniform,1,32,0,1.0,0.9973333477973938,0.42735740542411804,0.7323176411232912,0.336,1504.5,4.0,393344,0,0,,,learned,0.9466666579246521,0.24972973763942719,0.6153333187103271,0.2633333206176758,,,
learned|ternary,learned,learned,bipolar,none,raw,"{""epochs"": 60}",,ternary,shift,1,4096,64,30,30,cosine,uniform,1,32,0,1.0,0.9973333477973938,0.42735740542411804,0.7323176411232912,0.354,1504.5,2.0,393344,0,0,,,learned,0.9466666579246521,0.24972973763942719,0.6153333187103271,0.2633333206176758,,,
learned|bipolar,learned,learned,bipolar,none,raw,"{""epochs"": 60}",,bipolar,shift,1,4096,64,30,30,cosine,uniform,1,32,0,1.0,0.9973333477973938,0.42735740542411804,0.7323176411232912,0.324,1504.5,1.0,393344,0,0,,,learned,0.9466666579246521,0.24972973763942719,0.6153333187103271,0.2633333206176758,,,
gauss|fp32,linear,gaussian,bipolar,none,raw,,,fp32,shift,2,256,64,30,30,cosine,uniform,1,32,0,0.9800000190734863,0.9833333492279053,0.2218380868434906,0.8129991400320445,0.007,94.0,1.0,24320,0,0,1.0,64.0,gauss,0.9086666703224182,0.13472792506217957,0.6753333210945129,0.47866666316986084,,,
gauss|int4,linear,gaussian,bipolar,none,raw,,,int4,shift,2,256,64,30,30,cosine,uniform,1,32,0,0.9800000190734863,0.9833333492279053,0.2218380868434906,0.8129991400320445,0.006,94.0,4.0,24576,0,0,,,gauss,0.9086666703224182,0.13472792506217957,0.6753333210945129,0.47866666316986084,,,
gauss|ternary,linear,gaussian,bipolar,none,raw,,,ternary,shift,2,256,64,30,30,cosine,uniform,1,32,0,0.9800000190734863,0.9833333492279053,0.2218380868434906,0.8129991400320445,0.006,94.0,2.0,24576,0,0,,,gauss,0.9086666703224182,0.13472792506217957,0.6753333210945129,0.47866666316986084,,,
gauss|bipolar,linear,gaussian,bipolar,none,raw,,,bipolar,shift,2,256,64,30,30,cosine,uniform,1,32,0,0.9800000190734863,0.9833333492279053,0.2218380868434906,0.8129991400320445,0.008,94.0,1.0,24576,0,0,,,gauss,0.9086666703224182,0.13472792506217957,0.6753333210945129,0.47866666316986084,,,
signrff|fp32,rff,rff,real,none,raw,"{""bw_scale"": 1.0}",,fp32,shift,2,256,64,30,30,cosine,uniform,1,32,0,0.9883333444595337,0.9873332977294922,0.09261079877614975,0.621159642383918,0.025,95.0,32.0,24320,0,0,,,signrff,0.8840000033378601,0.05684719234704971,0.5960000157356262,0.3006666600704193,,,
signrff|int4,rff,rff,real,none,raw,"{""bw_scale"": 1.0}",,int4,shift,2,256,64,30,30,cosine,uniform,1,32,0,0.987500011920929,0.9873332977294922,0.09253130853176117,0.6214056963348688,0.026,95.0,4.0,24576,0,0,,,signrff,0.8799999952316284,0.056816406548023224,0.5879999995231628,0.3033333420753479,,,
signrff|ternary,rff,rff,real,none,raw,"{""bw_scale"": 1.0}",,ternary,shift,2,256,64,30,30,cosine,uniform,1,32,0,0.9816666841506958,0.9746666550636292,0.08583596348762512,0.5905198510510633,0.026,95.0,2.0,24576,0,0,,,signrff,0.8779999613761902,0.05259965360164642,0.5719999670982361,0.28466665744781494,,,
signrff|bipolar,rff,rff,real,none,raw,"{""bw_scale"": 1.0}",,bipolar,shift,2,256,64,30,30,cosine,uniform,1,32,0,0.9658333659172058,0.9699999690055847,0.07754620164632797,0.5426630829627714,0.023,95.0,1.0,24576,0,0,,,signrff,0.8386666774749756,0.0443454347550869,0.5293333530426025,0.2619999945163727,,,
fpe_b1|fp32,fpe,fpe,bipolar,none,raw,"{""bw_scale"": 0.25, ""phase_bits"": 1}",,fp32,shift,2,256,64,30,30,cosine,uniform,1,32,0,0.705833375453949,0.7099999785423279,0.028831426054239273,0.022922086683361164,0.025,94.03,1.0,24320,0,0,,,fpe_b1,0.2186666578054428,-0.03318026289343834,0.05000000074505806,0.04466666653752327,,,
fpe_b1|int4,fpe,fpe,bipolar,none,raw,"{""bw_scale"": 0.25, ""phase_bits"": 1}",,int4,shift,2,256,64,30,30,cosine,uniform,1,32,0,0.705833375453949,0.7099999785423279,0.028831426054239273,0.022922086683361164,0.029,94.03,4.0,24576,0,0,,,fpe_b1,0.2186666578054428,-0.03318026289343834,0.05000000074505806,0.04466666653752327,,,
fpe_b1|ternary,fpe,fpe,bipolar,none,raw,"{""bw_scale"": 0.25, ""phase_bits"": 1}",,ternary,shift,2,256,64,30,30,cosine,uniform,1,32,0,0.705833375453949,0.7099999785423279,0.028831426054239273,0.022922086683361164,0.028,94.03,2.0,24576,0,0,,,fpe_b1,0.2186666578054428,-0.03318026289343834,0.05000000074505806,0.04466666653752327,,,
fpe_b1|bipolar,fpe,fpe,bipolar,none,raw,"{""bw_scale"": 0.25, ""phase_bits"": 1}",,bipolar,shift,2,256,64,30,30,cosine,uniform,1,32,0,0.705833375453949,0.7099999785423279,0.028831426054239273,0.022922086683361164,0.025,94.03,1.0,24576,0,0,,,fpe_b1,0.2186666578054428,-0.03318026289343834,0.05000000074505806,0.04466666653752327,,,
learned|fp32,learned,learned,bipolar,none,raw,"{""epochs"": 60}",,fp32,shift,2,256,64,30,30,cosine,uniform,1,32,0,0.9983333349227905,0.9986666440963745,0.4123677909374237,0.6834933587203899,0.259,94.5,1.0,24448,0,0,,,learned,0.9226666688919067,0.2363225668668747,0.6086666584014893,0.3453333377838135,,,
learned|int4,learned,learned,bipolar,none,raw,"{""epochs"": 60}",,int4,shift,2,256,64,30,30,cosine,uniform,1,32,0,0.9983333349227905,0.9986666440963745,0.4123677909374237,0.6834933587203899,0.314,94.5,4.0,24704,0,0,,,learned,0.9226666688919067,0.2363225668668747,0.6086666584014893,0.3453333377838135,,,
learned|ternary,learned,learned,bipolar,none,raw,"{""epochs"": 60}",,ternary,shift,2,256,64,30,30,cosine,uniform,1,32,0,0.9983333349227905,0.9986666440963745,0.4123677909374237,0.6834933587203899,0.267,94.5,2.0,24704,0,0,,,learned,0.9226666688919067,0.2363225668668747,0.6086666584014893,0.3453333377838135,,,
learned|bipolar,learned,learned,bipolar,none,raw,"{""epochs"": 60}",,bipolar,shift,2,256,64,30,30,cosine,uniform,1,32,0,0.9983333349227905,0.9986666440963745,0.4123677909374237,0.6834933587203899,0.257,94.5,1.0,24704,0,0,,,learned,0.9226666688919067,0.2363225668668747,0.6086666584014893,0.3453333377838135,,,
gauss|fp32,linear,gaussian,bipolar,none,raw,,,fp32,shift,2,1024,64,30,30,cosine,uniform,1,32,0,0.996666669845581,0.9953333139419556,0.24954192340373993,0.9378104023303181,0.015,376.0,1.0,97280,0,0,1.0,64.0,gauss,0.9359999895095825,0.14769744873046875,0.6866666674613953,0.4126666486263275,,,
gauss|int4,linear,gaussian,bipolar,none,raw,,,int4,shift,2,1024,64,30,30,cosine,uniform,1,32,0,0.996666669845581,0.9953333139419556,0.24954192340373993,0.9378104023303181,0.007,376.0,4.0,98304,0,0,,,gauss,0.9359999895095825,0.14769744873046875,0.6866666674613953,0.4126666486263275,,,
gauss|ternary,linear,gaussian,bipolar,none,raw,,,ternary,shift,2,1024,64,30,30,cosine,uniform,1,32,0,0.996666669845581,0.9953333139419556,0.24954192340373993,0.9378104023303181,0.01,376.0,2.0,98304,0,0,,,gauss,0.9359999895095825,0.14769744873046875,0.6866666674613953,0.4126666486263275,,,
gauss|bipolar,linear,gaussian,bipolar,none,raw,,,bipolar,shift,2,1024,64,30,30,cosine,uniform,1,32,0,0.996666669845581,0.9953333139419556,0.24954192340373993,0.9378104023303181,0.014,376.0,1.0,98304,0,0,,,gauss,0.9359999895095825,0.14769744873046875,0.6866666674613953,0.4126666486263275,,,
signrff|fp32,rff,rff,real,none,raw,"{""bw_scale"": 1.0}",,fp32,shift,2,1024,64,30,30,cosine,uniform,1,32,0,0.9950000047683716,0.996666669845581,0.09204123914241791,0.64341082849769,0.027,380.0,32.0,97280,0,0,,,signrff,0.9353333115577698,0.059765785932540894,0.6779999732971191,0.3766666650772095,,,
signrff|int4,rff,rff,real,none,raw,"{""bw_scale"": 1.0}",,int4,shift,2,1024,64,30,30,cosine,uniform,1,32,0,0.9950000047683716,0.9959999918937683,0.09190867096185684,0.6444911296167526,0.024,380.0,4.0,98304,0,0,,,signrff,0.934666633605957,0.059665098786354065,0.6779999732971191,0.38466665148735046,,,
signrff|ternary,rff,rff,real,none,raw,"{""bw_scale"": 1.0}",,ternary,shift,2,1024,64,30,30,cosine,uniform,1,32,0,0.9916666746139526,0.9959999918937683,0.08811638504266739,0.6285342680647957,0.027,380.0,2.0,98304,0,0,,,signrff,0.9340000152587891,0.05728837475180626,0.6786666512489319,0.38066667318344116,,,
signrff|bipolar,rff,rff,real,none,raw,"{""bw_scale"": 1.0}",,bipolar,shift,2,1024,64,30,30,cosine,uniform,1,32,0,0.9941666722297668,0.9946666359901428,0.08220268785953522,0.6103569985926456,0.025,380.0,1.0,98304,0,0,,,signrff,0.9266666769981384,0.05245807394385338,0.6553333401679993,0.36399999260902405,,,
fpe_b1|fp32,fpe,fpe,bipolar,none,raw,"{""bw_scale"": 0.25, ""phase_bits"": 1}",,fp32,shift,2,1024,64,30,30,cosine,uniform,1,32,0,0.9566667079925537,0.9726666808128357,0.0680227279663086,0.042580935246698697,0.026,376.12,1.0,97280,0,0,,,fpe_b1,0.6066666841506958,0.00901477038860321,0.06266666948795319,0.03799999877810478,,,
fpe_b1|int4,fpe,fpe,bipolar,none,raw,"{""bw_scale"": 0.25, ""phase_bits"": 1}",,int4,shift,2,1024,64,30,30,cosine,uniform,1,32,0,0.9566667079925537,0.9726666808128357,0.0680227279663086,0.042580935246698697,0.027,376.12,4.0,98304,0,0,,,fpe_b1,0.6066666841506958,0.00901477038860321,0.06266666948795319,0.03799999877810478,,,
fpe_b1|ternary,fpe,fpe,bipolar,none,raw,"{""bw_scale"": 0.25, ""phase_bits"": 1}",,ternary,shift,2,1024,64,30,30,cosine,uniform,1,32,0,0.9566667079925537,0.9726666808128357,0.0680227279663086,0.042580935246698697,0.027,376.12,2.0,98304,0,0,,,fpe_b1,0.6066666841506958,0.00901477038860321,0.06266666948795319,0.03799999877810478,,,
fpe_b1|bipolar,fpe,fpe,bipolar,none,raw,"{""bw_scale"": 0.25, ""phase_bits"": 1}",,bipolar,shift,2,1024,64,30,30,cosine,uniform,1,32,0,0.9566667079925537,0.9726666808128357,0.0680227279663086,0.042580935246698697,0.023,376.12,1.0,98304,0,0,,,fpe_b1,0.6066666841506958,0.00901477038860321,0.06266666948795319,0.03799999877810478,,,
learned|fp32,learned,learned,bipolar,none,raw,"{""epochs"": 60}",,fp32,shift,2,1024,64,30,30,cosine,uniform,1,32,0,1.0,0.9959999918937683,0.41881081461906433,0.7187694717951977,0.306,376.5,1.0,97408,0,0,,,learned,0.9366666674613953,0.2506689727306366,0.6486666798591614,0.40066665410995483,,,
learned|int4,learned,learned,bipolar,none,raw,"{""epochs"": 60}",,int4,shift,2,1024,64,30,30,cosine,uniform,1,32,0,1.0,0.9959999918937683,0.41881081461906433,0.7187694717951977,0.305,376.5,4.0,98432,0,0,,,learned,0.9366666674613953,0.2506689727306366,0.6486666798591614,0.40066665410995483,,,
learned|ternary,learned,learned,bipolar,none,raw,"{""epochs"": 60}",,ternary,shift,2,1024,64,30,30,cosine,uniform,1,32,0,1.0,0.9959999918937683,0.41881081461906433,0.7187694717951977,0.304,376.5,2.0,98432,0,0,,,learned,0.9366666674613953,0.2506689727306366,0.6486666798591614,0.40066665410995483,,,
learned|bipolar,learned,learned,bipolar,none,raw,"{""epochs"": 60}",,bipolar,shift,2,1024,64,30,30,cosine,uniform,1,32,0,1.0,0.9959999918937683,0.41881081461906433,0.7187694717951977,0.268,376.5,1.0,98432,0,0,,,learned,0.9366666674613953,0.2506689727306366,0.6486666798591614,0.40066665410995483,,,
gauss|fp32,linear,gaussian,bipolar,none,raw,,,fp32,shift,2,4096,64,30,30,cosine,uniform,1,32,0,0.9975000023841858,0.9973333477973938,0.25736841559410095,0.982928383725162,0.017,1504.0,1.0,389120,0,0,1.0,64.0,gauss,0.9539999961853027,0.16176192462444305,0.762666642665863,0.4886666536331177,,,
gauss|int4,linear,gaussian,bipolar,none,raw,,,int4,shift,2,4096,64,30,30,cosine,uniform,1,32,0,0.9975000023841858,0.9973333477973938,0.25736841559410095,0.982928383725162,0.029,1504.0,4.0,393216,0,0,,,gauss,0.9539999961853027,0.16176192462444305,0.762666642665863,0.4886666536331177,,,
gauss|ternary,linear,gaussian,bipolar,none,raw,,,ternary,shift,2,4096,64,30,30,cosine,uniform,1,32,0,0.9975000023841858,0.9973333477973938,0.25736841559410095,0.982928383725162,0.046,1504.0,2.0,393216,0,0,,,gauss,0.9539999961853027,0.16176192462444305,0.762666642665863,0.4886666536331177,,,
gauss|bipolar,linear,gaussian,bipolar,none,raw,,,bipolar,shift,2,4096,64,30,30,cosine,uniform,1,32,0,0.9975000023841858,0.9973333477973938,0.25736841559410095,0.982928383725162,0.018,1504.0,1.0,393216,0,0,,,gauss,0.9539999961853027,0.16176192462444305,0.762666642665863,0.4886666536331177,,,
signrff|fp32,rff,rff,real,none,raw,"{""bw_scale"": 1.0}",,fp32,shift,2,4096,64,30,30,cosine,uniform,1,32,0,0.9983333349227905,0.9959999918937683,0.09803799539804459,0.6894784023826244,0.036,1520.0,32.0,389120,0,0,,,signrff,0.9519999623298645,0.06283265352249146,0.70333331823349,0.4033333361148834,,,
signrff|int4,rff,rff,real,none,raw,"{""bw_scale"": 1.0}",,int4,shift,2,4096,64,30,30,cosine,uniform,1,32,0,0.9983333349227905,0.9959999918937683,0.0978783592581749,0.6892547434686127,0.045,1520.0,4.0,393216,0,0,,,signrff,0.9513333439826965,0.06270166486501694,0.7046666741371155,0.4033333361148834,,,
signrff|ternary,rff,rff,real,none,raw,"{""bw_scale"": 1.0}",,ternary,shift,2,4096,64,30,30,cosine,uniform,1,32,0,0.9983333349227905,0.9959999918937683,0.09420915693044662,0.6881772954483325,0.066,1520.0,2.0,393216,0,0,,,signrff,0.9513333439826965,0.060368966311216354,0.6973333358764648,0.4046666622161865,,,
signrff|bipolar,rff,rff,real,none,raw,"{""bw_scale"": 1.0}",,bipolar,shift,2,4096,64,30,30,cosine,uniform,1,32,0,0.996666669845581,0.9953333139419556,0.08889778703451157,0.6804163003497643,0.035,1520.0,1.0,393216,0,0,,,signrff,0.9473333358764648,0.056226275861263275,0.7006666660308838,0.39133334159851074,,,
fpe_b1|fp32,fpe,fpe,bipolar,none,raw,"{""bw_scale"": 0.25, ""phase_bits"": 1}",,fp32,shift,2,4096,64,30,30,cosine,uniform,1,32,0,0.9900000095367432,0.9900000095367432,0.07885070145130157,0.04926025194323552,0.031,1504.5,1.0,389120,0,0,,,fpe_b1,0.8499999642372131,0.024369850754737854,0.12533333897590637,0.03466666489839554,,,
fpe_b1|int4,fpe,fpe,bipolar,none,raw,"{""bw_scale"": 0.25, ""phase_bits"": 1}",,int4,shift,2,4096,64,30,30,cosine,uniform,1,32,0,0.9900000095367432,0.9900000095367432,0.07885070145130157,0.04926025194323552,0.046,1504.5,4.0,393216,0,0,,,fpe_b1,0.8499999642372131,0.024369850754737854,0.12533333897590637,0.03466666489839554,,,
fpe_b1|ternary,fpe,fpe,bipolar,none,raw,"{""bw_scale"": 0.25, ""phase_bits"": 1}",,ternary,shift,2,4096,64,30,30,cosine,uniform,1,32,0,0.9900000095367432,0.9900000095367432,0.07885070145130157,0.04926025194323552,0.066,1504.5,2.0,393216,0,0,,,fpe_b1,0.8499999642372131,0.024369850754737854,0.12533333897590637,0.03466666489839554,,,
fpe_b1|bipolar,fpe,fpe,bipolar,none,raw,"{""bw_scale"": 0.25, ""phase_bits"": 1}",,bipolar,shift,2,4096,64,30,30,cosine,uniform,1,32,0,0.9900000095367432,0.9900000095367432,0.07885070145130157,0.04926025194323552,0.036,1504.5,1.0,393216,0,0,,,fpe_b1,0.8499999642372131,0.024369850754737854,0.12533333897590637,0.03466666489839554,,,
learned|fp32,learned,learned,bipolar,none,raw,"{""epochs"": 60}",,fp32,shift,2,4096,64,30,30,cosine,uniform,1,32,0,0.9991666674613953,0.996666669845581,0.41594767570495605,0.7312956203827194,0.282,1504.5,1.0,389248,0,0,,,learned,0.9353333115577698,0.24746443331241608,0.6493332982063293,0.39666667580604553,,,
learned|int4,learned,learned,bipolar,none,raw,"{""epochs"": 60}",,int4,shift,2,4096,64,30,30,cosine,uniform,1,32,0,0.9991666674613953,0.996666669845581,0.41594767570495605,0.7312956203827194,0.305,1504.5,4.0,393344,0,0,,,learned,0.9353333115577698,0.24746443331241608,0.6493332982063293,0.39666667580604553,,,
learned|ternary,learned,learned,bipolar,none,raw,"{""epochs"": 60}",,ternary,shift,2,4096,64,30,30,cosine,uniform,1,32,0,0.9991666674613953,0.996666669845581,0.41594767570495605,0.7312956203827194,0.32,1504.5,2.0,393344,0,0,,,learned,0.9353333115577698,0.24746443331241608,0.6493332982063293,0.39666667580604553,,,
learned|bipolar,learned,learned,bipolar,none,raw,"{""epochs"": 60}",,bipolar,shift,2,4096,64,30,30,cosine,uniform,1,32,0,0.9991666674613953,0.996666669845581,0.41594767570495605,0.7312956203827194,0.281,1504.5,1.0,393344,0,0,,,learned,0.9353333115577698,0.24746443331241608,0.6493332982063293,0.39666667580604553,,,
gauss|fp32,linear,gaussian,bipolar,none,raw,,,fp32,novel,0,256,64,14,30,cosine,uniform,1,32,0,0.949999988079071,0.9514285326004028,0.17812544107437134,0.827781182555669,0.004,78.0,1.0,20224,0,0,1.0,64.0,gauss,,,,,0.8549937187571881,0.8407277881019523,0.9522214285714286
gauss|int4,linear,gaussian,bipolar,none,raw,,,int4,novel,0,256,64,14,30,cosine,uniform,1,32,0,0.949999988079071,0.9514285326004028,0.17812544107437134,0.827781182555669,0.007,78.0,4.0,20480,0,0,,,gauss,,,,,0.8549937187571881,0.8407277881019523,0.9522214285714286
gauss|ternary,linear,gaussian,bipolar,none,raw,,,ternary,novel,0,256,64,14,30,cosine,uniform,1,32,0,0.949999988079071,0.9514285326004028,0.17812544107437134,0.827781182555669,0.008,78.0,2.0,20480,0,0,,,gauss,,,,,0.8549937187571881,0.8407277881019523,0.9522214285714286
gauss|bipolar,linear,gaussian,bipolar,none,raw,,,bipolar,novel,0,256,64,14,30,cosine,uniform,1,32,0,0.949999988079071,0.9514285326004028,0.17812544107437134,0.827781182555669,0.003,78.0,1.0,20480,0,0,,,gauss,,,,,0.8549937187571881,0.8407277881019523,0.9522214285714286
signrff|fp32,rff,rff,real,none,raw,"{""bw_scale"": 1.0}",,fp32,novel,0,256,64,14,30,cosine,uniform,1,32,0,0.949999988079071,0.9542856812477112,0.05117800086736679,0.6109197558087291,0.028,79.0,32.0,20224,0,0,,,signrff,,,,,0.8691959641165462,0.8579724468962479,0.817952380952381
signrff|int4,rff,rff,real,none,raw,"{""bw_scale"": 1.0}",,int4,novel,0,256,64,14,30,cosine,uniform,1,32,0,0.9482142925262451,0.9514285326004028,0.051179852336645126,0.6107673201108839,0.026,79.0,4.0,20480,0,0,,,signrff,,,,,0.7849945892785413,0.7058006493549995,0.818657142857143
signrff|ternary,rff,rff,real,none,raw,"{""bw_scale"": 1.0}",,ternary,novel,0,256,64,14,30,cosine,uniform,1,32,0,0.9339285492897034,0.9342857003211975,0.04751928150653839,0.5783367716946987,0.092,79.0,2.0,20480,0,0,,,signrff,,,,,0.7375578564641954,0.6677248979025646,0.7992142857142857
signrff|bipolar,rff,rff,real,none,raw,"{""bw_scale"": 1.0}",,bipolar,novel,0,256,64,14,30,cosine,uniform,1,32,0,0.9071428775787354,0.9228571057319641,0.040892940014600754,0.5193634626853358,0.026,79.0,1.0,20480,0,0,,,signrff,,,,,0.6905665959470038,0.6074698050790547,0.7607511904761903
fpe_b1|fp32,fpe,fpe,bipolar,none,raw,"{""bw_scale"": 0.25, ""phase_bits"": 1}",,fp32,novel,0,256,64,14,30,cosine,uniform,1,32,0,0.4642857313156128,0.5042856931686401,-0.004846593365073204,0.01533733647726541,0.063,78.03,1.0,20224,0,0,,,fpe_b1,,,,,0.08109738215911758,0.027890225571333256,0.571002380952381
fpe_b1|int4,fpe,fpe,bipolar,none,raw,"{""bw_scale"": 0.25, ""phase_bits"": 1}",,int4,novel,0,256,64,14,30,cosine,uniform,1,32,0,0.4642857313156128,0.5042856931686401,-0.004846593365073204,0.01533733647726541,0.027,78.03,4.0,20480,0,0,,,fpe_b1,,,,,0.08109738215911758,0.027890225571333256,0.571002380952381
fpe_b1|ternary,fpe,fpe,bipolar,none,raw,"{""bw_scale"": 0.25, ""phase_bits"": 1}",,ternary,novel,0,256,64,14,30,cosine,uniform,1,32,0,0.4642857313156128,0.5042856931686401,-0.004846593365073204,0.01533733647726541,0.084,78.03,2.0,20480,0,0,,,fpe_b1,,,,,0.08109738215911758,0.027890225571333256,0.571002380952381
fpe_b1|bipolar,fpe,fpe,bipolar,none,raw,"{""bw_scale"": 0.25, ""phase_bits"": 1}",,bipolar,novel,0,256,64,14,30,cosine,uniform,1,32,0,0.4642857313156128,0.5042856931686401,-0.004846593365073204,0.01533733647726541,0.027,78.03,1.0,20480,0,0,,,fpe_b1,,,,,0.08109738215911758,0.027890225571333256,0.571002380952381
learned|fp32,learned,learned,bipolar,none,raw,"{""epochs"": 60}",,fp32,novel,0,256,64,14,30,cosine,uniform,1,32,0,0.9839285612106323,0.9814285635948181,0.37854722142219543,0.6506436793956794,0.155,78.5,1.0,20352,0,0,,,learned,,,,,0.5877965121055206,0.5054859589313142,0.9643369047619047
learned|int4,learned,learned,bipolar,none,raw,"{""epochs"": 60}",,int4,novel,0,256,64,14,30,cosine,uniform,1,32,0,0.9839285612106323,0.9814285635948181,0.37854722142219543,0.6506436793956794,0.174,78.5,4.0,20608,0,0,,,learned,,,,,0.5877965121055206,0.5054859589313142,0.9643369047619047
learned|ternary,learned,learned,bipolar,none,raw,"{""epochs"": 60}",,ternary,novel,0,256,64,14,30,cosine,uniform,1,32,0,0.9839285612106323,0.9814285635948181,0.37854722142219543,0.6506436793956794,0.157,78.5,2.0,20608,0,0,,,learned,,,,,0.5877965121055206,0.5054859589313142,0.9643369047619047
learned|bipolar,learned,learned,bipolar,none,raw,"{""epochs"": 60}",,bipolar,novel,0,256,64,14,30,cosine,uniform,1,32,0,0.9839285612106323,0.9814285635948181,0.37854722142219543,0.6506436793956794,0.187,78.5,1.0,20608,0,0,,,learned,,,,,0.5877965121055206,0.5054859589313142,0.9643369047619047
gauss|fp32,linear,gaussian,bipolar,none,raw,,,fp32,novel,0,1024,64,14,30,cosine,uniform,1,32,0,0.9678571224212646,0.9699999690055847,0.19641372561454773,0.9416717286114336,0.004,312.0,1.0,80896,0,0,1.0,64.0,gauss,,,,,0.9541785365128966,0.9522297398742711,0.9780714285714286
gauss|int4,linear,gaussian,bipolar,none,raw,,,int4,novel,0,1024,64,14,30,cosine,uniform,1,32,0,0.9678571224212646,0.9699999690055847,0.19641372561454773,0.9416717286114336,0.014,312.0,4.0,81920,0,0,,,gauss,,,,,0.9541785365128966,0.9522297398742711,0.9780714285714286
gauss|ternary,linear,gaussian,bipolar,none,raw,,,ternary,novel,0,1024,64,14,30,cosine,uniform,1,32,0,0.9678571224212646,0.9699999690055847,0.19641372561454773,0.9416717286114336,0.014,312.0,2.0,81920,0,0,,,gauss,,,,,0.9541785365128966,0.9522297398742711,0.9780714285714286
gauss|bipolar,linear,gaussian,bipolar,none,raw,,,bipolar,novel,0,1024,64,14,30,cosine,uniform,1,32,0,0.9678571224212646,0.9699999690055847,0.19641372561454773,0.9416717286114336,0.013,312.0,1.0,81920,0,0,,,gauss,,,,,0.9541785365128966,0.9522297398742711,0.9780714285714286
signrff|fp32,rff,rff,real,none,raw,"{""bw_scale"": 1.0}",,fp32,novel,0,1024,64,14,30,cosine,uniform,1,32,0,0.9821428656578064,0.9814285635948181,0.0559542290866375,0.6615357996145017,0.086,316.0,32.0,80896,0,0,,,signrff,,,,,0.8991970358290186,0.8211454299793982,0.8530571428571427
signrff|int4,rff,rff,real,none,raw,"{""bw_scale"": 1.0}",,int4,novel,0,1024,64,14,30,cosine,uniform,1,32,0,0.9803571701049805,0.9800000190734863,0.05589389055967331,0.6619631108723047,0.053,316.0,4.0,81920,0,0,,,signrff,,,,,0.8957739016029918,0.8185309497456625,0.8530285714285715
signrff|ternary,rff,rff,real,none,raw,"{""bw_scale"": 1.0}",,ternary,novel,0,1024,64,14,30,cosine,uniform,1,32,0,0.9803571701049805,0.9757142663002014,0.05331937596201897,0.6468240024820869,0.048,316.0,2.0,81920,0,0,,,signrff,,,,,0.8929339197302001,0.819372573841749,0.8447404761904762
signrff|bipolar,rff,rff,real,none,raw,"{""bw_scale"": 1.0}",,bipolar,novel,0,1024,64,14,30,cosine,uniform,1,32,0,0.9714285731315613,0.9614285826683044,0.04941726475954056,0.6273951928507415,0.055,316.0,1.0,81920,0,0,,,signrff,,,,,0.8741361897653168,0.8032319826529178,0.8381904761904762
fpe_b1|fp32,fpe,fpe,bipolar,none,raw,"{""bw_scale"": 0.25, ""phase_bits"": 1}",,fp32,novel,0,1024,64,14,30,cosine,uniform,1,32,0,0.8446428775787354,0.8671428561210632,0.028161272406578064,0.032330213241837054,0.063,312.12,1.0,80896,0,0,,,fpe_b1,,,,,0.17663925433027927,0.08199170619299963,0.6174333333333333
fpe_b1|int4,fpe,fpe,bipolar,none,raw,"{""bw_scale"": 0.25, ""phase_bits"": 1}",,int4,novel,0,1024,64,14,30,cosine,uniform,1,32,0,0.8446428775787354,0.8671428561210632,0.028161272406578064,0.032330213241837054,0.076,312.12,4.0,81920,0,0,,,fpe_b1,,,,,0.17663925433027927,0.08199170619299963,0.6174333333333333
fpe_b1|ternary,fpe,fpe,bipolar,none,raw,"{""bw_scale"": 0.25, ""phase_bits"": 1}",,ternary,novel,0,1024,64,14,30,cosine,uniform,1,32,0,0.8446428775787354,0.8671428561210632,0.028161272406578064,0.032330213241837054,0.084,312.12,2.0,81920,0,0,,,fpe_b1,,,,,0.17663925433027927,0.08199170619299963,0.6174333333333333
fpe_b1|bipolar,fpe,fpe,bipolar,none,raw,"{""bw_scale"": 0.25, ""phase_bits"": 1}",,bipolar,novel,0,1024,64,14,30,cosine,uniform,1,32,0,0.8446428775787354,0.8671428561210632,0.028161272406578064,0.032330213241837054,0.068,312.12,1.0,81920,0,0,,,fpe_b1,,,,,0.17663925433027927,0.08199170619299963,0.6174333333333333
learned|fp32,learned,learned,bipolar,none,raw,"{""epochs"": 60}",,fp32,novel,0,1024,64,14,30,cosine,uniform,1,32,0,0.987500011920929,0.9800000190734863,0.38094478845596313,0.6847648349743598,0.193,312.5,1.0,81024,0,0,,,learned,,,,,0.6991257344157809,0.6517585597499248,0.9695238095238095
learned|int4,learned,learned,bipolar,none,raw,"{""epochs"": 60}",,int4,novel,0,1024,64,14,30,cosine,uniform,1,32,0,0.987500011920929,0.9800000190734863,0.38094478845596313,0.6847648349743598,0.204,312.5,4.0,82048,0,0,,,learned,,,,,0.6991257344157809,0.6517585597499248,0.9695238095238095
learned|ternary,learned,learned,bipolar,none,raw,"{""epochs"": 60}",,ternary,novel,0,1024,64,14,30,cosine,uniform,1,32,0,0.987500011920929,0.9800000190734863,0.38094478845596313,0.6847648349743598,0.19,312.5,2.0,82048,0,0,,,learned,,,,,0.6991257344157809,0.6517585597499248,0.9695238095238095
learned|bipolar,learned,learned,bipolar,none,raw,"{""epochs"": 60}",,bipolar,novel,0,1024,64,14,30,cosine,uniform,1,32,0,0.987500011920929,0.9800000190734863,0.38094478845596313,0.6847648349743598,0.202,312.5,1.0,82048,0,0,,,learned,,,,,0.6991257344157809,0.6517585597499248,0.9695238095238095
gauss|fp32,linear,gaussian,bipolar,none,raw,,,fp32,novel,0,4096,64,14,30,cosine,uniform,1,32,0,0.9732142686843872,0.9742857217788696,0.2022702842950821,0.9841159449405527,0.018,1248.0,1.0,323584,0,0,1.0,64.0,gauss,,,,,0.961540912578554,0.9596284764257138,0.9845690476190476
gauss|int4,linear,gaussian,bipolar,none,raw,,,int4,novel,0,4096,64,14,30,cosine,uniform,1,32,0,0.9732142686843872,0.9742857217788696,0.2022702842950821,0.9841159449405527,0.03,1248.0,4.0,327680,0,0,,,gauss,,,,,0.961540912578554,0.9596284764257138,0.9845690476190476
gauss|ternary,linear,gaussian,bipolar,none,raw,,,ternary,novel,0,4096,64,14,30,cosine,uniform,1,32,0,0.9732142686843872,0.9742857217788696,0.2022702842950821,0.9841159449405527,0.036,1248.0,2.0,327680,0,0,,,gauss,,,,,0.961540912578554,0.9596284764257138,0.9845690476190476
gauss|bipolar,linear,gaussian,bipolar,none,raw,,,bipolar,novel,0,4096,64,14,30,cosine,uniform,1,32,0,0.9732142686843872,0.9742857217788696,0.2022702842950821,0.9841159449405527,0.022,1248.0,1.0,327680,0,0,,,gauss,,,,,0.961540912578554,0.9596284764257138,0.9845690476190476
signrff|fp32,rff,rff,real,none,raw,"{""bw_scale"": 1.0}",,fp32,novel,0,4096,64,14,30,cosine,uniform,1,32,0,0.9839285612106323,0.9828571081161499,0.056524645537137985,0.6902314561728515,0.074,1264.0,32.0,323584,0,0,,,signrff,,,,,0.9129960283178464,0.8347498754753828,0.8592095238095239
signrff|int4,rff,rff,real,none,raw,"{""bw_scale"": 1.0}",,int4,novel,0,4096,64,14,30,cosine,uniform,1,32,0,0.9839285612106323,0.9828571081161499,0.056443266570568085,0.6899575767565731,0.063,1264.0,4.0,327680,0,0,,,signrff,,,,,0.9605444679539433,0.959585975788092,0.8589916666666666
signrff|ternary,rff,rff,real,none,raw,"{""bw_scale"": 1.0}",,ternary,novel,0,4096,64,14,30,cosine,uniform,1,32,0,0.9892857074737549,0.9828571081161499,0.05458182841539383,0.6874959710183254,0.112,1264.0,2.0,327680,0,0,,,signrff,,,,,0.9558415606505827,0.9557292043975426,0.8577476190476191
signrff|bipolar,rff,rff,real,none,raw,"{""bw_scale"": 1.0}",,bipolar,novel,0,4096,64,14,30,cosine,uniform,1,32,0,0.9821428656578064,0.9800000190734863,0.051457639783620834,0.674900456989588,0.032,1264.0,1.0,327680,0,0,,,signrff,,,,,0.9098578894465285,0.827734436605418,0.8532261904761904
fpe_b1|fp32,fpe,fpe,bipolar,none,raw,"{""bw_scale"": 0.25, ""phase_bits"": 1}",,fp32,novel,0,4096,64,14,30,cosine,uniform,1,32,0,0.9410714507102966,0.9442856907844543,0.03462987020611763,0.03868105880076273,0.106,1248.5,1.0,323584,0,0,,,fpe_b1,,,,,0.2466622457328939,0.08816089143694868,0.6466809523809524
fpe_b1|int4,fpe,fpe,bipolar,none,raw,"{""bw_scale"": 0.25, ""phase_bits"": 1}",,int4,novel,0,4096,64,14,30,cosine,uniform,1,32,0,0.9410714507102966,0.9442856907844543,0.03462987020611763,0.03868105880076273,0.1,1248.5,4.0,327680,0,0,,,fpe_b1,,,,,0.2466622457328939,0.08816089143694868,0.6466809523809524
fpe_b1|ternary,fpe,fpe,bipolar,none,raw,"{""bw_scale"": 0.25, ""phase_bits"": 1}",,ternary,novel,0,4096,64,14,30,cosine,uniform,1,32,0,0.9410714507102966,0.9442856907844543,0.03462987020611763,0.03868105880076273,0.108,1248.5,2.0,327680,0,0,,,fpe_b1,,,,,0.2466622457328939,0.08816089143694868,0.6466809523809524
fpe_b1|bipolar,fpe,fpe,bipolar,none,raw,"{""bw_scale"": 0.25, ""phase_bits"": 1}",,bipolar,novel,0,4096,64,14,30,cosine,uniform,1,32,0,0.9410714507102966,0.9442856907844543,0.03462987020611763,0.03868105880076273,0.092,1248.5,1.0,327680,0,0,,,fpe_b1,,,,,0.2466622457328939,0.08816089143694868,0.6466809523809524
learned|fp32,learned,learned,bipolar,none,raw,"{""epochs"": 60}",,fp32,novel,0,4096,64,14,30,cosine,uniform,1,32,0,0.987500011920929,0.9785714149475098,0.38054993748664856,0.6936598653813121,0.196,1248.5,1.0,323712,0,0,,,learned,,,,,0.6502687337535815,0.5828852023687482,0.9709309523809523
learned|int4,learned,learned,bipolar,none,raw,"{""epochs"": 60}",,int4,novel,0,4096,64,14,30,cosine,uniform,1,32,0,0.987500011920929,0.9785714149475098,0.38054993748664856,0.6936598653813121,0.186,1248.5,4.0,327808,0,0,,,learned,,,,,0.6502687337535815,0.5828852023687482,0.9709309523809523
learned|ternary,learned,learned,bipolar,none,raw,"{""epochs"": 60}",,ternary,novel,0,4096,64,14,30,cosine,uniform,1,32,0,0.987500011920929,0.9785714149475098,0.38054993748664856,0.6936598653813121,0.189,1248.5,2.0,327808,0,0,,,learned,,,,,0.6502687337535815,0.5828852023687482,0.9709309523809523
learned|bipolar,learned,learned,bipolar,none,raw,"{""epochs"": 60}",,bipolar,novel,0,4096,64,14,30,cosine,uniform,1,32,0,0.987500011920929,0.9785714149475098,0.38054993748664856,0.6936598653813121,0.175,1248.5,1.0,327808,0,0,,,learned,,,,,0.6502687337535815,0.5828852023687482,0.9709309523809523
gauss|fp32,linear,gaussian,bipolar,none,raw,,,fp32,novel,1,256,64,14,30,cosine,uniform,1,32,0,0.949999988079071,0.9471428394317627,0.1813589185476303,0.8229712431576748,0.009,78.0,1.0,20224,0,0,1.0,64.0,gauss,,,,,0.9333633092690431,0.9277002254423156,0.9520571428571428
gauss|int4,linear,gaussian,bipolar,none,raw,,,int4,novel,1,256,64,14,30,cosine,uniform,1,32,0,0.949999988079071,0.9471428394317627,0.1813589185476303,0.8229712431576748,0.006,78.0,4.0,20480,0,0,,,gauss,,,,,0.9333633092690431,0.9277002254423156,0.9520571428571428
gauss|ternary,linear,gaussian,bipolar,none,raw,,,ternary,novel,1,256,64,14,30,cosine,uniform,1,32,0,0.949999988079071,0.9471428394317627,0.1813589185476303,0.8229712431576748,0.005,78.0,2.0,20480,0,0,,,gauss,,,,,0.9333633092690431,0.9277002254423156,0.9520571428571428
gauss|bipolar,linear,gaussian,bipolar,none,raw,,,bipolar,novel,1,256,64,14,30,cosine,uniform,1,32,0,0.949999988079071,0.9471428394317627,0.1813589185476303,0.8229712431576748,0.004,78.0,1.0,20480,0,0,,,gauss,,,,,0.9333633092690431,0.9277002254423156,0.9520571428571428
signrff|fp32,rff,rff,real,none,raw,"{""bw_scale"": 1.0}",,fp32,novel,1,256,64,14,30,cosine,uniform,1,32,0,0.9607142806053162,0.9671428203582764,0.0640772357583046,0.6307941149203452,0.03,79.0,32.0,20224,0,0,,,signrff,,,,,0.8941813065797667,0.8838597931768631,0.8216488095238096
signrff|int4,rff,rff,real,none,raw,"{""bw_scale"": 1.0}",,int4,novel,1,256,64,14,30,cosine,uniform,1,32,0,0.9624999761581421,0.9657142758369446,0.06402284651994705,0.6304421863690471,0.029,79.0,4.0,20480,0,0,,,signrff,,,,,0.8868590007795315,0.8767041867038248,0.8223619047619047
signrff|ternary,rff,rff,real,none,raw,"{""bw_scale"": 1.0}",,ternary,novel,1,256,64,14,30,cosine,uniform,1,32,0,0.9553571343421936,0.9571428298950195,0.059144459664821625,0.5994045201647792,0.032,79.0,2.0,20480,0,0,,,signrff,,,,,0.8658584568843225,0.849298957612585,0.8082333333333334
signrff|bipolar,rff,rff,real,none,raw,"{""bw_scale"": 1.0}",,bipolar,novel,1,256,64,14,30,cosine,uniform,1,32,0,0.9267857074737549,0.9300000071525574,0.05344110727310181,0.529509521879493,0.03,79.0,1.0,20480,0,0,,,signrff,,,,,0.6912718038696144,0.6209989370046032,0.7674916666666667
fpe_b1|fp32,fpe,fpe,bipolar,none,raw,"{""bw_scale"": 0.25, ""phase_bits"": 1}",,fp32,novel,1,256,64,14,30,cosine,uniform,1,32,0,0.4714285731315613,0.5014285445213318,-0.001848904532380402,0.026995252994431906,0.085,78.03,1.0,20224,0,0,,,fpe_b1,,,,,0.08611574096948633,0.027272669826132884,0.5677928571428572
fpe_b1|int4,fpe,fpe,bipolar,none,raw,"{""bw_scale"": 0.25, ""phase_bits"": 1}",,int4,novel,1,256,64,14,30,cosine,uniform,1,32,0,0.4714285731315613,0.5014285445213318,-0.001848904532380402,0.026995252994431906,0.036,78.03,4.0,20480,0,0,,,fpe_b1,,,,,0.08611574096948633,0.027272669826132884,0.5677928571428572
fpe_b1|ternary,fpe,fpe,bipolar,none,raw,"{""bw_scale"": 0.25, ""phase_bits"": 1}",,ternary,novel,1,256,64,14,30,cosine,uniform,1,32,0,0.4714285731315613,0.5014285445213318,-0.001848904532380402,0.026995252994431906,0.033,78.03,2.0,20480,0,0,,,fpe_b1,,,,,0.08611574096948633,0.027272669826132884,0.5677928571428572
fpe_b1|bipolar,fpe,fpe,bipolar,none,raw,"{""bw_scale"": 0.25, ""phase_bits"": 1}",,bipolar,novel,1,256,64,14,30,cosine,uniform,1,32,0,0.4714285731315613,0.5014285445213318,-0.001848904532380402,0.026995252994431906,0.032,78.03,1.0,20480,0,0,,,fpe_b1,,,,,0.08611574096948633,0.027272669826132884,0.5677928571428572
learned|fp32,learned,learned,bipolar,none,raw,"{""epochs"": 60}",,fp32,novel,1,256,64,14,30,cosine,uniform,1,32,0,0.9839285612106323,0.9871428608894348,0.40629854798316956,0.650930531666899,0.153,78.5,1.0,20352,0,0,,,learned,,,,,0.5098838775941739,0.42345738429647933,0.9725571428571429
learned|int4,learned,learned,bipolar,none,raw,"{""epochs"": 60}",,int4,novel,1,256,64,14,30,cosine,uniform,1,32,0,0.9839285612106323,0.9871428608894348,0.40629854798316956,0.650930531666899,0.168,78.5,4.0,20608,0,0,,,learned,,,,,0.5098838775941739,0.42345738429647933,0.9725571428571429
learned|ternary,learned,learned,bipolar,none,raw,"{""epochs"": 60}",,ternary,novel,1,256,64,14,30,cosine,uniform,1,32,0,0.9839285612106323,0.9871428608894348,0.40629854798316956,0.650930531666899,0.167,78.5,2.0,20608,0,0,,,learned,,,,,0.5098838775941739,0.42345738429647933,0.9725571428571429
learned|bipolar,learned,learned,bipolar,none,raw,"{""epochs"": 60}",,bipolar,novel,1,256,64,14,30,cosine,uniform,1,32,0,0.9839285612106323,0.9871428608894348,0.40629854798316956,0.650930531666899,0.156,78.5,1.0,20608,0,0,,,learned,,,,,0.5098838775941739,0.42345738429647933,0.9725571428571429
gauss|fp32,linear,gaussian,bipolar,none,raw,,,fp32,novel,1,1024,64,14,30,cosine,uniform,1,32,0,0.9714285731315613,0.9742857217788696,0.20319408178329468,0.942666101356423,0.009,312.0,1.0,80896,0,0,1.0,64.0,gauss,,,,,0.9619209119001038,0.959689088842882,0.9767571428571428
gauss|int4,linear,gaussian,bipolar,none,raw,,,int4,novel,1,1024,64,14,30,cosine,uniform,1,32,0,0.9714285731315613,0.9742857217788696,0.20319408178329468,0.942666101356423,0.017,312.0,4.0,81920,0,0,,,gauss,,,,,0.9619209119001038,0.959689088842882,0.9767571428571428
gauss|ternary,linear,gaussian,bipolar,none,raw,,,ternary,novel,1,1024,64,14,30,cosine,uniform,1,32,0,0.9714285731315613,0.9742857217788696,0.20319408178329468,0.942666101356423,0.028,312.0,2.0,81920,0,0,,,gauss,,,,,0.9619209119001038,0.959689088842882,0.9767571428571428
gauss|bipolar,linear,gaussian,bipolar,none,raw,,,bipolar,novel,1,1024,64,14,30,cosine,uniform,1,32,0,0.9714285731315613,0.9742857217788696,0.20319408178329468,0.942666101356423,0.017,312.0,1.0,81920,0,0,,,gauss,,,,,0.9619209119001038,0.959689088842882,0.9767571428571428
signrff|fp32,rff,rff,real,none,raw,"{""bw_scale"": 1.0}",,fp32,novel,1,1024,64,14,30,cosine,uniform,1,32,0,0.9821428656578064,0.9814285635948181,0.06116935610771179,0.6881547391517876,0.031,316.0,32.0,80896,0,0,,,signrff,,,,,0.8602634048706178,0.792467637439225,0.8479833333333333
signrff|int4,rff,rff,real,none,raw,"{""bw_scale"": 1.0}",,int4,novel,1,1024,64,14,30,cosine,uniform,1,32,0,0.9821428656578064,0.9828571081161499,0.06106799468398094,0.6885719118205678,0.084,316.0,4.0,81920,0,0,,,signrff,,,,,0.981574829458578,0.9814206781371144,0.8478857142857145
signrff|ternary,rff,rff,real,none,raw,"{""bw_scale"": 1.0}",,ternary,novel,1,1024,64,14,30,cosine,uniform,1,32,0,0.9750000238418579,0.9828571081161499,0.058205749839544296,0.671144291324562,0.091,316.0,2.0,81920,0,0,,,signrff,,,,,0.9778932077985024,0.9777247332508445,0.8385535714285713
signrff|bipolar,rff,rff,real,none,raw,"{""bw_scale"": 1.0}",,bipolar,novel,1,1024,64,14,30,cosine,uniform,1,32,0,0.9750000238418579,0.9657142758369446,0.05411282554268837,0.6392756177891913,0.077,316.0,1.0,81920,0,0,,,signrff,,,,,0.9698832926030443,0.9669523774212171,0.8305130952380952
fpe_b1|fp32,fpe,fpe,bipolar,none,raw,"{""bw_scale"": 0.25, ""phase_bits"": 1}",,fp32,novel,1,1024,64,14,30,cosine,uniform,1,32,0,0.8535714149475098,0.8671428561210632,0.02974076010286808,0.028757147085934937,0.069,312.12,1.0,80896,0,0,,,fpe_b1,,,,,0.24658871866753598,0.10690513845918381,0.633104761904762
fpe_b1|int4,fpe,fpe,bipolar,none,raw,"{""bw_scale"": 0.25, ""phase_bits"": 1}",,int4,novel,1,1024,64,14,30,cosine,uniform,1,32,0,0.8535714149475098,0.8671428561210632,0.02974076010286808,0.028757147085934937,0.089,312.12,4.0,81920,0,0,,,fpe_b1,,,,,0.24658871866753598,0.10690513845918381,0.633104761904762
fpe_b1|ternary,fpe,fpe,bipolar,none,raw,"{""bw_scale"": 0.25, ""phase_bits"": 1}",,ternary,novel,1,1024,64,14,30,cosine,uniform,1,32,0,0.8535714149475098,0.8671428561210632,0.02974076010286808,0.028757147085934937,0.082,312.12,2.0,81920,0,0,,,fpe_b1,,,,,0.24658871866753598,0.10690513845918381,0.633104761904762
fpe_b1|bipolar,fpe,fpe,bipolar,none,raw,"{""bw_scale"": 0.25, ""phase_bits"": 1}",,bipolar,novel,1,1024,64,14,30,cosine,uniform,1,32,0,0.8535714149475098,0.8671428561210632,0.02974076010286808,0.028757147085934937,0.07,312.12,1.0,81920,0,0,,,fpe_b1,,,,,0.24658871866753598,0.10690513845918381,0.633104761904762
learned|fp32,learned,learned,bipolar,none,raw,"{""epochs"": 60}",,fp32,novel,1,1024,64,14,30,cosine,uniform,1,32,0,0.985714316368103,0.9885714054107666,0.4063183665275574,0.6877161132382943,0.206,312.5,1.0,81024,0,0,,,learned,,,,,0.6833755202585601,0.6288455600530162,0.9791952380952382
learned|int4,learned,learned,bipolar,none,raw,"{""epochs"": 60}",,int4,novel,1,1024,64,14,30,cosine,uniform,1,32,0,0.985714316368103,0.9885714054107666,0.4063183665275574,0.6877161132382943,0.197,312.5,4.0,82048,0,0,,,learned,,,,,0.6833755202585601,0.6288455600530162,0.9791952380952382
learned|ternary,learned,learned,bipolar,none,raw,"{""epochs"": 60}",,ternary,novel,1,1024,64,14,30,cosine,uniform,1,32,0,0.985714316368103,0.9885714054107666,0.4063183665275574,0.6877161132382943,0.168,312.5,2.0,82048,0,0,,,learned,,,,,0.6833755202585601,0.6288455600530162,0.9791952380952382
learned|bipolar,learned,learned,bipolar,none,raw,"{""epochs"": 60}",,bipolar,novel,1,1024,64,14,30,cosine,uniform,1,32,0,0.985714316368103,0.9885714054107666,0.4063183665275574,0.6877161132382943,0.212,312.5,1.0,82048,0,0,,,learned,,,,,0.6833755202585601,0.6288455600530162,0.9791952380952382
gauss|fp32,linear,gaussian,bipolar,none,raw,,,fp32,novel,1,4096,64,14,30,cosine,uniform,1,32,0,0.9732142686843872,0.9742857217788696,0.21035970747470856,0.9846511462451067,0.021,1248.0,1.0,323584,0,0,1.0,64.0,gauss,,,,,0.9561582707271461,0.9523909655607505,0.9818023809523809
gauss|int4,linear,gaussian,bipolar,none,raw,,,int4,novel,1,4096,64,14,30,cosine,uniform,1,32,0,0.9732142686843872,0.9742857217788696,0.21035970747470856,0.9846511462451067,0.026,1248.0,4.0,327680,0,0,,,gauss,,,,,0.9561582707271461,0.9523909655607505,0.9818023809523809
gauss|ternary,linear,gaussian,bipolar,none,raw,,,ternary,novel,1,4096,64,14,30,cosine,uniform,1,32,0,0.9732142686843872,0.9742857217788696,0.21035970747470856,0.9846511462451067,0.028,1248.0,2.0,327680,0,0,,,gauss,,,,,0.9561582707271461,0.9523909655607505,0.9818023809523809
gauss|bipolar,linear,gaussian,bipolar,none,raw,,,bipolar,novel,1,4096,64,14,30,cosine,uniform,1,32,0,0.9732142686843872,0.9742857217788696,0.21035970747470856,0.9846511462451067,0.009,1248.0,1.0,327680,0,0,,,gauss,,,,,0.9561582707271461,0.9523909655607505,0.9818023809523809
signrff|fp32,rff,rff,real,none,raw,"{""bw_scale"": 1.0}",,fp32,novel,1,4096,64,14,30,cosine,uniform,1,32,0,0.9803571701049805,0.9800000190734863,0.06262749433517456,0.7262035410310351,0.034,1264.0,32.0,323584,0,0,,,signrff,,,,,0.9889437706395594,0.9888452987456898,0.870627380952381
signrff|int4,rff,rff,real,none,raw,"{""bw_scale"": 1.0}",,int4,novel,1,4096,64,14,30,cosine,uniform,1,32,0,0.9803571701049805,0.9814285635948181,0.0625649243593216,0.7262305703736271,0.101,1264.0,4.0,327680,0,0,,,signrff,,,,,0.9889437706395594,0.9888452987456898,0.8710142857142857
signrff|ternary,rff,rff,real,none,raw,"{""bw_scale"": 1.0}",,ternary,novel,1,4096,64,14,30,cosine,uniform,1,32,0,0.9785714149475098,0.9757142663002014,0.06028562784194946,0.7215157466150964,0.085,1264.0,2.0,327680,0,0,,,signrff,,,,,0.9815505538929188,0.9812972360465136,0.8697642857142857
signrff|bipolar,rff,rff,real,none,raw,"{""bw_scale"": 1.0}",,bipolar,novel,1,4096,64,14,30,cosine,uniform,1,32,0,0.9767857193946838,0.9785714149475098,0.057108987122774124,0.7166134621584974,0.03,1264.0,1.0,327680,0,0,,,signrff,,,,,0.9752030243804443,0.9740304668759029,0.8696083333333333
fpe_b1|fp32,fpe,fpe,bipolar,none,raw,"{""bw_scale"": 0.25, ""phase_bits"": 1}",,fp32,novel,1,4096,64,14,30,cosine,uniform,1,32,0,0.923214316368103,0.9457142949104309,0.036327116191387177,0.03441021903239316,0.072,1248.5,1.0,323584,0,0,,,fpe_b1,,,,,0.22030409576803567,0.07988344467599214,0.6618404761904761
fpe_b1|int4,fpe,fpe,bipolar,none,raw,"{""bw_scale"": 0.25, ""phase_bits"": 1}",,int4,novel,1,4096,64,14,30,cosine,uniform,1,32,0,0.923214316368103,0.9457142949104309,0.036327116191387177,0.03441021903239316,0.069,1248.5,4.0,327680,0,0,,,fpe_b1,,,,,0.22030409576803567,0.07988344467599214,0.6618404761904761
fpe_b1|ternary,fpe,fpe,bipolar,none,raw,"{""bw_scale"": 0.25, ""phase_bits"": 1}",,ternary,novel,1,4096,64,14,30,cosine,uniform,1,32,0,0.923214316368103,0.9457142949104309,0.036327116191387177,0.03441021903239316,0.079,1248.5,2.0,327680,0,0,,,fpe_b1,,,,,0.22030409576803567,0.07988344467599214,0.6618404761904761
fpe_b1|bipolar,fpe,fpe,bipolar,none,raw,"{""bw_scale"": 0.25, ""phase_bits"": 1}",,bipolar,novel,1,4096,64,14,30,cosine,uniform,1,32,0,0.923214316368103,0.9457142949104309,0.036327116191387177,0.03441021903239316,0.076,1248.5,1.0,327680,0,0,,,fpe_b1,,,,,0.22030409576803567,0.07988344467599214,0.6618404761904761
learned|fp32,learned,learned,bipolar,none,raw,"{""epochs"": 60}",,fp32,novel,1,4096,64,14,30,cosine,uniform,1,32,0,0.985714316368103,0.991428554058075,0.4061448872089386,0.6955434321651431,0.241,1248.5,1.0,323712,0,0,,,learned,,,,,0.6661222037520715,0.6189400138127237,0.9790619047619047
learned|int4,learned,learned,bipolar,none,raw,"{""epochs"": 60}",,int4,novel,1,4096,64,14,30,cosine,uniform,1,32,0,0.985714316368103,0.991428554058075,0.4061448872089386,0.6955434321651431,0.185,1248.5,4.0,327808,0,0,,,learned,,,,,0.6661222037520715,0.6189400138127237,0.9790619047619047
learned|ternary,learned,learned,bipolar,none,raw,"{""epochs"": 60}",,ternary,novel,1,4096,64,14,30,cosine,uniform,1,32,0,0.985714316368103,0.991428554058075,0.4061448872089386,0.6955434321651431,0.188,1248.5,2.0,327808,0,0,,,learned,,,,,0.6661222037520715,0.6189400138127237,0.9790619047619047
learned|bipolar,learned,learned,bipolar,none,raw,"{""epochs"": 60}",,bipolar,novel,1,4096,64,14,30,cosine,uniform,1,32,0,0.985714316368103,0.991428554058075,0.4061448872089386,0.6955434321651431,0.164,1248.5,1.0,327808,0,0,,,learned,,,,,0.6661222037520715,0.6189400138127237,0.9790619047619047
gauss|fp32,linear,gaussian,bipolar,none,raw,,,fp32,novel,2,256,64,14,30,cosine,uniform,1,32,0,0.9446428418159485,0.9514285326004028,0.18312637507915497,0.818279021249473,0.008,78.0,1.0,20224,0,0,1.0,64.0,gauss,,,,,0.7765855242096433,0.7061483879900463,0.9412535714285714
gauss|int4,linear,gaussian,bipolar,none,raw,,,int4,novel,2,256,64,14,30,cosine,uniform,1,32,0,0.9446428418159485,0.9514285326004028,0.18312637507915497,0.818279021249473,0.007,78.0,4.0,20480,0,0,,,gauss,,,,,0.7765855242096433,0.7061483879900463,0.9412535714285714
gauss|ternary,linear,gaussian,bipolar,none,raw,,,ternary,novel,2,256,64,14,30,cosine,uniform,1,32,0,0.9446428418159485,0.9514285326004028,0.18312637507915497,0.818279021249473,0.011,78.0,2.0,20480,0,0,,,gauss,,,,,0.7765855242096433,0.7061483879900463,0.9412535714285714
gauss|bipolar,linear,gaussian,bipolar,none,raw,,,bipolar,novel,2,256,64,14,30,cosine,uniform,1,32,0,0.9446428418159485,0.9514285326004028,0.18312637507915497,0.818279021249473,0.008,78.0,1.0,20480,0,0,,,gauss,,,,,0.7765855242096433,0.7061483879900463,0.9412535714285714
signrff|fp32,rff,rff,real,none,raw,"{""bw_scale"": 1.0}",,fp32,novel,2,256,64,14,30,cosine,uniform,1,32,0,0.9446428418159485,0.9614285826683044,0.06199091300368309,0.6483745740031197,0.099,79.0,32.0,20224,0,0,,,signrff,,,,,0.8916032963243854,0.882336551501009,0.8471619047619048
signrff|int4,rff,rff,real,none,raw,"{""bw_scale"": 1.0}",,int4,novel,2,256,64,14,30,cosine,uniform,1,32,0,0.9446428418159485,0.9642857313156128,0.06185130029916763,0.6473151938988019,0.029,79.0,4.0,20480,0,0,,,signrff,,,,,0.845198479370773,0.8235086269144579,0.8463642857142857
signrff|ternary,rff,rff,real,none,raw,"{""bw_scale"": 1.0}",,ternary,novel,2,256,64,14,30,cosine,uniform,1,32,0,0.9428571462631226,0.9385713934898376,0.057271312922239304,0.6152320084116932,0.03,79.0,2.0,20480,0,0,,,signrff,,,,,0.7749847736812607,0.717220431678836,0.8250214285714286
signrff|bipolar,rff,rff,real,none,raw,"{""bw_scale"": 1.0}",,bipolar,novel,2,256,64,14,30,cosine,uniform,1,32,0,0.9053571224212646,0.9342857003211975,0.05169495567679405,0.560711335318187,0.092,79.0,1.0,20480,0,0,,,signrff,,,,,0.6225227920272108,0.5314526585641254,0.786295238095238
fpe_b1|fp32,fpe,fpe,bipolar,none,raw,"{""bw_scale"": 0.25, ""phase_bits"": 1}",,fp32,novel,2,256,64,14,30,cosine,uniform,1,32,0,0.4821428656578064,0.47857141494750977,-0.0010811669053509831,0.020580543450045986,0.032,78.03,1.0,20224,0,0,,,fpe_b1,,,,,0.11358596750863925,0.037457952534634395,0.5710952380952381
fpe_b1|int4,fpe,fpe,bipolar,none,raw,"{""bw_scale"": 0.25, ""phase_bits"": 1}",,int4,novel,2,256,64,14,30,cosine,uniform,1,32,0,0.4821428656578064,0.47857141494750977,-0.0010811669053509831,0.020580543450045986,0.032,78.03,4.0,20480,0,0,,,fpe_b1,,,,,0.11358596750863925,0.037457952534634395,0.5710952380952381
fpe_b1|ternary,fpe,fpe,bipolar,none,raw,"{""bw_scale"": 0.25, ""phase_bits"": 1}",,ternary,novel,2,256,64,14,30,cosine,uniform,1,32,0,0.4821428656578064,0.47857141494750977,-0.0010811669053509831,0.020580543450045986,0.031,78.03,2.0,20480,0,0,,,fpe_b1,,,,,0.11358596750863925,0.037457952534634395,0.5710952380952381
fpe_b1|bipolar,fpe,fpe,bipolar,none,raw,"{""bw_scale"": 0.25, ""phase_bits"": 1}",,bipolar,novel,2,256,64,14,30,cosine,uniform,1,32,0,0.4821428656578064,0.47857141494750977,-0.0010811669053509831,0.020580543450045986,0.03,78.03,1.0,20480,0,0,,,fpe_b1,,,,,0.11358596750863925,0.037457952534634395,0.5710952380952381
learned|fp32,learned,learned,bipolar,none,raw,"{""epochs"": 60}",,fp32,novel,2,256,64,14,30,cosine,uniform,1,32,0,0.9839285612106323,0.9900000095367432,0.39365413784980774,0.6740021319135587,0.177,78.5,1.0,20352,0,0,,,learned,,,,,0.6286850710576386,0.5698646901382114,0.9604428571428572
learned|int4,learned,learned,bipolar,none,raw,"{""epochs"": 60}",,int4,novel,2,256,64,14,30,cosine,uniform,1,32,0,0.9839285612106323,0.9900000095367432,0.39365413784980774,0.6740021319135587,0.162,78.5,4.0,20608,0,0,,,learned,,,,,0.6286850710576386,0.5698646901382114,0.9604428571428572
learned|ternary,learned,learned,bipolar,none,raw,"{""epochs"": 60}",,ternary,novel,2,256,64,14,30,cosine,uniform,1,32,0,0.9839285612106323,0.9900000095367432,0.39365413784980774,0.6740021319135587,0.164,78.5,2.0,20608,0,0,,,learned,,,,,0.6286850710576386,0.5698646901382114,0.9604428571428572
learned|bipolar,learned,learned,bipolar,none,raw,"{""epochs"": 60}",,bipolar,novel,2,256,64,14,30,cosine,uniform,1,32,0,0.9839285612106323,0.9900000095367432,0.39365413784980774,0.6740021319135587,0.154,78.5,1.0,20608,0,0,,,learned,,,,,0.6286850710576386,0.5698646901382114,0.9604428571428572
gauss|fp32,linear,gaussian,bipolar,none,raw,,,fp32,novel,2,1024,64,14,30,cosine,uniform,1,32,0,0.9660714268684387,0.9800000190734863,0.20559827983379364,0.9429480752979327,0.005,312.0,1.0,80896,0,0,1.0,64.0,gauss,,,,,0.9397689619846519,0.9341011614161058,0.9722047619047618
gauss|int4,linear,gaussian,bipolar,none,raw,,,int4,novel,2,1024,64,14,30,cosine,uniform,1,32,0,0.9660714268684387,0.9800000190734863,0.20559827983379364,0.9429480752979327,0.011,312.0,4.0,81920,0,0,,,gauss,,,,,0.9397689619846519,0.9341011614161058,0.9722047619047618
gauss|ternary,linear,gaussian,bipolar,none,raw,,,ternary,novel,2,1024,64,14,30,cosine,uniform,1,32,0,0.9660714268684387,0.9800000190734863,0.20559827983379364,0.9429480752979327,0.022,312.0,2.0,81920,0,0,,,gauss,,,,,0.9397689619846519,0.9341011614161058,0.9722047619047618
gauss|bipolar,linear,gaussian,bipolar,none,raw,,,bipolar,novel,2,1024,64,14,30,cosine,uniform,1,32,0,0.9660714268684387,0.9800000190734863,0.20559827983379364,0.9429480752979327,0.016,312.0,1.0,81920,0,0,,,gauss,,,,,0.9397689619846519,0.9341011614161058,0.9722047619047618
signrff|fp32,rff,rff,real,none,raw,"{""bw_scale"": 1.0}",,fp32,novel,2,1024,64,14,30,cosine,uniform,1,32,0,0.9714285731315613,0.977142870426178,0.060161639004945755,0.6947924275066031,0.086,316.0,32.0,80896,0,0,,,signrff,,,,,0.9565274573383757,0.9522369484477995,0.8665952380952381
signrff|int4,rff,rff,real,none,raw,"{""bw_scale"": 1.0}",,int4,novel,2,1024,64,14,30,cosine,uniform,1,32,0,0.9732142686843872,0.9757142663002014,0.06004434823989868,0.6947590931877914,0.084,316.0,4.0,81920,0,0,,,signrff,,,,,0.9441745350088886,0.9413884240347579,0.8658261904761905
signrff|ternary,rff,rff,real,none,raw,"{""bw_scale"": 1.0}",,ternary,novel,2,1024,64,14,30,cosine,uniform,1,32,0,0.9714285731315613,0.9742857217788696,0.05737243965268135,0.6782554438147907,0.087,316.0,2.0,81920,0,0,,,signrff,,,,,0.8682262203617722,0.8177692699588532,0.8615178571428572
signrff|bipolar,rff,rff,real,none,raw,"{""bw_scale"": 1.0}",,bipolar,novel,2,1024,64,14,30,cosine,uniform,1,32,0,0.9607142806053162,0.9742857217788696,0.05381049960851669,0.6613910094364176,0.07,316.0,1.0,81920,0,0,,,signrff,,,,,0.9261997001961436,0.9232678470031298,0.8496928571428571
fpe_b1|fp32,fpe,fpe,bipolar,none,raw,"{""bw_scale"": 0.25, ""phase_bits"": 1}",,fp32,novel,2,1024,64,14,30,cosine,uniform,1,32,0,0.8553571701049805,0.8442857265472412,0.029971113428473473,0.036515540270491725,0.083,312.12,1.0,80896,0,0,,,fpe_b1,,,,,0.11855557443522916,0.046402743155047124,0.6474619047619048
fpe_b1|int4,fpe,fpe,bipolar,none,raw,"{""bw_scale"": 0.25, ""phase_bits"": 1}",,int4,novel,2,1024,64,14,30,cosine,uniform,1,32,0,0.8553571701049805,0.8442857265472412,0.029971113428473473,0.036515540270491725,0.072,312.12,4.0,81920,0,0,,,fpe_b1,,,,,0.11855557443522916,0.046402743155047124,0.6474619047619048
fpe_b1|ternary,fpe,fpe,bipolar,none,raw,"{""bw_scale"": 0.25, ""phase_bits"": 1}",,ternary,novel,2,1024,64,14,30,cosine,uniform,1,32,0,0.8553571701049805,0.8442857265472412,0.029971113428473473,0.036515540270491725,0.075,312.12,2.0,81920,0,0,,,fpe_b1,,,,,0.11855557443522916,0.046402743155047124,0.6474619047619048
fpe_b1|bipolar,fpe,fpe,bipolar,none,raw,"{""bw_scale"": 0.25, ""phase_bits"": 1}",,bipolar,novel,2,1024,64,14,30,cosine,uniform,1,32,0,0.8553571701049805,0.8442857265472412,0.029971113428473473,0.036515540270491725,0.089,312.12,1.0,81920,0,0,,,fpe_b1,,,,,0.11855557443522916,0.046402743155047124,0.6474619047619048
learned|fp32,learned,learned,bipolar,none,raw,"{""epochs"": 60}",,fp32,novel,2,1024,64,14,30,cosine,uniform,1,32,0,0.9821428656578064,0.9814285635948181,0.3902726471424103,0.70215652803588,0.193,312.5,1.0,81024,0,0,,,learned,,,,,0.6390938606168484,0.5493071578022887,0.9650023809523809
learned|int4,learned,learned,bipolar,none,raw,"{""epochs"": 60}",,int4,novel,2,1024,64,14,30,cosine,uniform,1,32,0,0.9821428656578064,0.9814285635948181,0.3902726471424103,0.70215652803588,0.201,312.5,4.0,82048,0,0,,,learned,,,,,0.6390938606168484,0.5493071578022887,0.9650023809523809
learned|ternary,learned,learned,bipolar,none,raw,"{""epochs"": 60}",,ternary,novel,2,1024,64,14,30,cosine,uniform,1,32,0,0.9821428656578064,0.9814285635948181,0.3902726471424103,0.70215652803588,0.192,312.5,2.0,82048,0,0,,,learned,,,,,0.6390938606168484,0.5493071578022887,0.9650023809523809
learned|bipolar,learned,learned,bipolar,none,raw,"{""epochs"": 60}",,bipolar,novel,2,1024,64,14,30,cosine,uniform,1,32,0,0.9821428656578064,0.9814285635948181,0.3902726471424103,0.70215652803588,0.198,312.5,1.0,82048,0,0,,,learned,,,,,0.6390938606168484,0.5493071578022887,0.9650023809523809
gauss|fp32,linear,gaussian,bipolar,none,raw,,,fp32,novel,2,4096,64,14,30,cosine,uniform,1,32,0,0.9750000238418579,0.9814285635948181,0.2149076610803604,0.9842967365283251,0.022,1248.0,1.0,323584,0,0,1.0,64.0,gauss,,,,,0.9652174256495775,0.9632809150072865,0.9802357142857143
gauss|int4,linear,gaussian,bipolar,none,raw,,,int4,novel,2,4096,64,14,30,cosine,uniform,1,32,0,0.9750000238418579,0.9814285635948181,0.2149076610803604,0.9842967365283251,0.024,1248.0,4.0,327680,0,0,,,gauss,,,,,0.9652174256495775,0.9632809150072865,0.9802357142857143
gauss|ternary,linear,gaussian,bipolar,none,raw,,,ternary,novel,2,4096,64,14,30,cosine,uniform,1,32,0,0.9750000238418579,0.9814285635948181,0.2149076610803604,0.9842967365283251,0.033,1248.0,2.0,327680,0,0,,,gauss,,,,,0.9652174256495775,0.9632809150072865,0.9802357142857143
gauss|bipolar,linear,gaussian,bipolar,none,raw,,,bipolar,novel,2,4096,64,14,30,cosine,uniform,1,32,0,0.9750000238418579,0.9814285635948181,0.2149076610803604,0.9842967365283251,0.021,1248.0,1.0,327680,0,0,,,gauss,,,,,0.9652174256495775,0.9632809150072865,0.9802357142857143
signrff|fp32,rff,rff,real,none,raw,"{""bw_scale"": 1.0}",,fp32,novel,2,4096,64,14,30,cosine,uniform,1,32,0,0.9803571701049805,0.9871428608894348,0.0639505684375763,0.7329280422896634,0.078,1264.0,32.0,323584,0,0,,,signrff,,,,,0.96418259724636,0.9630662490309886,0.8867095238095238
signrff|int4,rff,rff,real,none,raw,"{""bw_scale"": 1.0}",,int4,novel,2,4096,64,14,30,cosine,uniform,1,32,0,0.9803571701049805,0.9885714054107666,0.06385660171508789,0.7329180466750338,0.087,1264.0,4.0,327680,0,0,,,signrff,,,,,0.9651856587494942,0.963132611331306,0.8867309523809526
signrff|ternary,rff,rff,real,none,raw,"{""bw_scale"": 1.0}",,ternary,novel,2,4096,64,14,30,cosine,uniform,1,32,0,0.9803571701049805,0.9871428608894348,0.06157613545656204,0.7295307087486211,0.094,1264.0,2.0,327680,0,0,,,signrff,,,,,0.8879675178392975,0.8199158333708907,0.8859666666666666
signrff|bipolar,rff,rff,real,none,raw,"{""bw_scale"": 1.0}",,bipolar,novel,2,4096,64,14,30,cosine,uniform,1,32,0,0.9767857193946838,0.9857142567634583,0.0578048974275589,0.7245201707308944,0.068,1264.0,1.0,327680,0,0,,,signrff,,,,,0.8424968362328015,0.7788548096091411,0.8848916666666666
fpe_b1|fp32,fpe,fpe,bipolar,none,raw,"{""bw_scale"": 0.25, ""phase_bits"": 1}",,fp32,novel,2,4096,64,14,30,cosine,uniform,1,32,0,0.9535714387893677,0.9485714435577393,0.03880057856440544,0.04935785635049711,0.044,1248.5,1.0,323584,0,0,,,fpe_b1,,,,,0.31420378201672816,0.13721024379478308,0.6731357142857143
fpe_b1|int4,fpe,fpe,bipolar,none,raw,"{""bw_scale"": 0.25, ""phase_bits"": 1}",,int4,novel,2,4096,64,14,30,cosine,uniform,1,32,0,0.9535714387893677,0.9485714435577393,0.03880057856440544,0.04935785635049711,0.069,1248.5,4.0,327680,0,0,,,fpe_b1,,,,,0.31420378201672816,0.13721024379478308,0.6731357142857143
fpe_b1|ternary,fpe,fpe,bipolar,none,raw,"{""bw_scale"": 0.25, ""phase_bits"": 1}",,ternary,novel,2,4096,64,14,30,cosine,uniform,1,32,0,0.9535714387893677,0.9485714435577393,0.03880057856440544,0.04935785635049711,0.071,1248.5,2.0,327680,0,0,,,fpe_b1,,,,,0.31420378201672816,0.13721024379478308,0.6731357142857143
fpe_b1|bipolar,fpe,fpe,bipolar,none,raw,"{""bw_scale"": 0.25, ""phase_bits"": 1}",,bipolar,novel,2,4096,64,14,30,cosine,uniform,1,32,0,0.9535714387893677,0.9485714435577393,0.03880057856440544,0.04935785635049711,0.043,1248.5,1.0,327680,0,0,,,fpe_b1,,,,,0.31420378201672816,0.13721024379478308,0.6731357142857143
learned|fp32,learned,learned,bipolar,none,raw,"{""epochs"": 60}",,fp32,novel,2,4096,64,14,30,cosine,uniform,1,32,0,0.985714316368103,0.9842857122421265,0.39179861545562744,0.7118976194554616,0.186,1248.5,1.0,323712,0,0,,,learned,,,,,0.6817391327179924,0.6279734423868157,0.9662309523809525
learned|int4,learned,learned,bipolar,none,raw,"{""epochs"": 60}",,int4,novel,2,4096,64,14,30,cosine,uniform,1,32,0,0.985714316368103,0.9842857122421265,0.39179861545562744,0.7118976194554616,0.215,1248.5,4.0,327808,0,0,,,learned,,,,,0.6817391327179924,0.6279734423868157,0.9662309523809525
learned|ternary,learned,learned,bipolar,none,raw,"{""epochs"": 60}",,ternary,novel,2,4096,64,14,30,cosine,uniform,1,32,0,0.985714316368103,0.9842857122421265,0.39179861545562744,0.7118976194554616,0.174,1248.5,2.0,327808,0,0,,,learned,,,,,0.6817391327179924,0.6279734423868157,0.9662309523809525
learned|bipolar,learned,learned,bipolar,none,raw,"{""epochs"": 60}",,bipolar,novel,2,4096,64,14,30,cosine,uniform,1,32,0,0.985714316368103,0.9842857122421265,0.39179861545562744,0.7118976194554616,0.183,1248.5,1.0,327808,0,0,,,learned,,,,,0.6817391327179924,0.6279734423868157,0.9662309523809525
